method,prediction_id,backbone_id,replicate_seed,sequence_id,max_train_identity_pct,novelty_pct,parent_train_matches_excluded,max_train_identity_excl_parent_pct,novelty_excl_parent_pct
base,0007_s42,0007,42,MERGED50_00538e3d3aaa3d6f,47.387387387387385,52.612612612612615,1,23.076923076923077,76.92307692307692
base,0014_s42,0014,42,MERGED50_00960edc244d6936,65.88235294117646,34.117647058823536,1,65.88235294117646,34.117647058823536
base,0026_s42,0026,42,MERGED50_01555fa6eafb7d2c,48.63945578231292,51.36054421768708,1,18.823529411764707,81.17647058823529
base,0049_s42,0049,42,MERGED50_01f6191909c12582,42.473118279569896,57.526881720430104,1,18.75,81.25
base,0060_s42,0060,42,MERGED50_02789cf56cfe470e,41.94915254237288,58.05084745762712,1,18.30065359477124,81.69934640522877
base,0062_s42,0062,42,MERGED50_027d6e4c848d477f,47.76119402985074,52.23880597014926,1,34.32835820895522,65.67164179104478
base,0076_s42,0076,42,MERGED50_031227644f417472,19.047619047619047,80.95238095238095,1,19.047619047619047,80.95238095238095
base,0095_s42,0095,42,MERGED50_039f7f97d6a3c675,48.46153846153846,51.53846153846154,1,18.181818181818183,81.81818181818181
base,0115_s42,0115,42,MERGED50_0483a84717ba7c09,52.851711026615966,47.148288973384034,1,14.117647058823529,85.88235294117646
base,0128_s42,0128,42,MERGED50_0526a532f220d305,30.0,70.0,1,16.94915254237288,83.05084745762713
base,0146_s42,0146,42,MERGED50_058ff628f55c60bd,35.53719008264463,64.46280991735537,1,19.35483870967742,80.64516129032258
base,0153_s42,0153,42,MERGED50_05e7ce7c21138c84,41.9753086419753,58.0246913580247,1,17.28395061728395,82.71604938271605
base,0154_s42,0154,42,MERGED50_05ee505c0890be93,46.3768115942029,53.6231884057971,1,18.91891891891892,81.08108108108108
base,0161_s42,0161,42,MERGED50_065c19bc89459e45,49.1442542787286,50.8557457212714,1,16.581632653061224,83.41836734693878
base,0168_s42,0168,42,MERGED50_06a12fd13da4b18f,50.847457627118644,49.152542372881356,1,50.847457627118644,49.152542372881356
base,0173_s42,0173,42,MERGED50_06e0ce45faa2300e,14.705882352941178,85.29411764705883,0,14.705882352941178,85.29411764705883
base,0193_s42,0193,42,MERGED50_07caf313bb701744,44.73684210526316,55.26315789473684,1,28.846153846153843,71.15384615384616
base,0219_s42,0219,42,MERGED50_08e1702b30b0f09c,43.79562043795621,56.20437956204379,1,19.230769230769234,80.76923076923077
base,0226_s42,0226,42,MERGED50_094b778065c65c35,50.3875968992248,49.6124031007752,1,15.503875968992247,84.49612403100775
base,0233_s42,0233,42,MERGED50_09a520585822845f,30.061349693251532,69.93865030674847,0,30.061349693251532,69.93865030674847
base,0238_s42,0238,42,MERGED50_09d9b86c8b350f2a,43.67816091954023,56.32183908045977,1,17.105263157894736,82.89473684210526
base,0240_s42,0240,42,MERGED50_09e114f801018c6c,15.384615384615385,84.61538461538461,0,15.384615384615385,84.61538461538461
base,0250_s42,0250,42,MERGED50_0a49468648918912,44.84848484848485,55.15151515151515,1,17.105263157894736,82.89473684210526
base,0264_s42,0264,42,MERGED50_0b1c7324369420a6,48.58757062146893,51.41242937853107,1,18.75,81.25
base,0265_s42,0265,42,MERGED50_0b1c8aab99a595dc,33.82352941176471,66.17647058823529,1,33.82352941176471,66.17647058823529
base,0268_s42,0268,42,MERGED50_0b3505f5c7eaceb1,15.573770491803279,84.42622950819673,0,15.573770491803279,84.42622950819673
base,0269_s42,0269,42,MERGED50_0b461283e22ec4f1,53.50553505535055,46.49446494464945,1,20.33898305084746,79.66101694915254
base,0291_s42,0291,42,MERGED50_0c238de54c93eab9,35.63218390804598,64.36781609195401,1,26.923076923076923,73.07692307692308
base,0298_s42,0298,42,MERGED50_0c8a799f6fad03c5,41.53225806451613,58.46774193548387,1,17.391304347826086,82.6086956521739
base,0312_s42,0312,42,MERGED50_0d623c3b17aa9567,42.57425742574257,57.42574257425743,1,17.28395061728395,82.71604938271605
base,0321_s42,0321,42,MERGED50_0d91deb0064e476e,33.13953488372093,66.86046511627907,1,17.80821917808219,82.1917808219178
base,0356_s42,0356,42,MERGED50_0eb140e1138dc275,26.153846153846157,73.84615384615384,1,15.824175824175823,84.17582417582418
base,0358_s42,0358,42,MERGED50_0edbf16d015abee1,53.64238410596026,46.35761589403974,1,15.441176470588236,84.55882352941177
base,0369_s42,0369,42,MERGED50_0f37f8ab707a10f3,37.89473684210527,62.10526315789473,1,17.894736842105264,82.10526315789474
base,0370_s42,0370,42,MERGED50_0f486e8365e01e63,39.189189189189186,60.810810810810814,1,14.723926380368098,85.2760736196319
base,0376_s42,0376,42,MERGED50_0f74b2e17c74782f,15.384615384615385,84.61538461538461,0,15.384615384615385,84.61538461538461
base,0384_s42,0384,42,MERGED50_0fb6d2e63819c3ec,26.77165354330709,73.22834645669292,1,18.11023622047244,81.88976377952756
base,0391_s42,0391,42,MERGED50_0ffe5db354153f99,48.1651376146789,51.8348623853211,1,20.588235294117645,79.41176470588235
base,0398_s42,0398,42,MERGED50_103b52af36a2c9b9,44.07894736842105,55.92105263157895,1,18.84057971014493,81.15942028985506
base,0410_s42,0410,42,MERGED50_10b0ceb83529d707,43.67816091954023,56.32183908045977,1,16.129032258064516,83.87096774193549
base,0413_s42,0413,42,MERGED50_10c3dab533638a3e,20.73170731707317,79.26829268292683,0,20.73170731707317,79.26829268292683
base,0415_s42,0415,42,MERGED50_10d156496c62f5b7,43.75,56.25,1,13.750000000000002,86.25
base,0424_s42,0424,42,MERGED50_112f33da4a9441cd,14.942528735632186,85.05747126436782,0,14.942528735632186,85.05747126436782
base,0428_s42,0428,42,MERGED50_116a6e92ad46a67e,40.08438818565401,59.91561181434599,1,21.100917431192663,78.89908256880733
base,0450_s42,0450,42,MERGED50_1207fe9db2ff05dd,54.63917525773196,45.36082474226804,1,19.17808219178082,80.82191780821918
base,0455_s42,0455,42,MERGED50_123d19fb6b0f8511,30.0,70.0,1,16.24548736462094,83.75451263537906
base,0457_s42,0457,42,MERGED50_125b6c9c16a37158,14.545454545454545,85.45454545454545,0,14.545454545454545,85.45454545454545
base,0462_s42,0462,42,MERGED50_1277b3ff4ceed3c2,39.12133891213389,60.87866108786611,1,17.24137931034483,82.75862068965517
base,0471_s42,0471,42,MERGED50_12ccbd3063f28e6e,22.55639097744361,77.44360902255639,1,15.873015873015872,84.12698412698413
base,0475_s42,0475,42,MERGED50_130b06c514919680,34.54545454545455,65.45454545454545,1,19.35483870967742,80.64516129032258
base,0497_s42,0497,42,MERGED50_13b84272d67b1514,36.63663663663664,63.36336336336336,1,28.333333333333332,71.66666666666667
base,0512_s42,0512,42,MERGED50_146a1a8686468cbd,16.417910447761194,83.58208955223881,0,16.417910447761194,83.58208955223881
base,0513_s42,0513,42,MERGED50_146dbb258cf98925,17.59259259259259,82.4074074074074,0,17.59259259259259,82.4074074074074
base,0556_s42,0556,42,MERGED50_163960ea0e6f5fd4,34.89583333333333,65.10416666666667,1,18.333333333333332,81.66666666666667
base,0563_s42,0563,42,MERGED50_16acf8ec266adf74,38.333333333333336,61.666666666666664,0,38.333333333333336,61.666666666666664
base,0615_s42,0615,42,MERGED50_186f822792ae4164,47.368421052631575,52.631578947368425,1,14.606741573033707,85.3932584269663
base,0626_s42,0626,42,MERGED50_19093fc8cb9f527c,48.734177215189874,51.265822784810126,1,15.862068965517242,84.13793103448276
base,0641_s42,0641,42,MERGED50_199f655336a8f40d,28.846153846153843,71.15384615384616,1,28.846153846153843,71.15384615384616
base,0646_s42,0646,42,MERGED50_1a1eb6369e668511,63.46153846153846,36.53846153846154,1,63.46153846153846,36.53846153846154
base,0668_s42,0668,42,MERGED50_1b519848d11082a5,31.83183183183183,68.16816816816817,1,14.925373134328357,85.07462686567165
base,0690_s42,0690,42,MERGED50_1c373c0a5f5334e2,53.2258064516129,46.7741935483871,1,16.93548387096774,83.06451612903226
base,0701_s42,0701,42,MERGED50_1c6babe5a1033670,44.70046082949309,55.29953917050691,1,15.714285714285714,84.28571428571429
base,0711_s42,0711,42,MERGED50_1ccf2c572b7a552c,45.0,55.0,1,17.5,82.5
base,0713_s42,0713,42,MERGED50_1ceb7b19942ee372,26.08695652173913,73.91304347826087,1,18.84057971014493,81.15942028985506
base,0744_s42,0744,42,MERGED50_1e1cc94b7718a364,52.94117647058824,47.05882352941176,1,52.94117647058824,47.05882352941176
base,0747_s42,0747,42,MERGED50_1e39512d32d11c93,28.061224489795915,71.93877551020408,1,28.061224489795915,71.93877551020408
base,0757_s42,0757,42,MERGED50_1ee0a5d09df22a27,31.132075471698112,68.86792452830188,1,16.9811320754717,83.01886792452831
base,0763_s42,0763,42,MERGED50_1f0e942a3982a536,47.04684317718941,52.95315682281059,1,15.789473684210526,84.21052631578948
base,0773_s42,0773,42,MERGED50_1f6495285cbf2ae2,36.84210526315789,63.15789473684211,1,18.51851851851852,81.48148148148148
base,0799_s42,0799,42,MERGED50_20915c05f22a00ca,16.666666666666664,83.33333333333334,0,16.666666666666664,83.33333333333334
base,0816_s42,0816,42,MERGED50_217e7b4ef0c9b70c,14.705882352941178,85.29411764705883,0,14.705882352941178,85.29411764705883
base,0824_s42,0824,42,MERGED50_21cbb0870929a3b5,66.17647058823529,33.82352941176471,1,66.17647058823529,33.82352941176471
base,0865_s42,0865,42,MERGED50_236b102271d9167c,40.22222222222222,59.77777777777778,1,17.80821917808219,82.1917808219178
base,0918_s42,0918,42,MERGED50_260a9381f6fc6868,37.3134328358209,62.6865671641791,1,28.35820895522388,71.64179104477611
base,0970_s42,0970,42,MERGED50_2887e20f7b8f5aa6,59.57446808510638,40.42553191489362,1,59.57446808510638,40.42553191489362
base,1031_s42,1031,42,MERGED50_2af9b232e035b4f4,26.77165354330709,73.22834645669292,1,22.04724409448819,77.95275590551181
base,1041_s42,1041,42,MERGED50_2b50a9bdb76401c5,18.229166666666664,81.77083333333334,0,18.229166666666664,81.77083333333334
base,1061_s42,1061,42,MERGED50_2c2485a3327f3dc7,46.06481481481482,53.93518518518518,1,16.666666666666664,83.33333333333334
base,1072_s42,1072,42,MERGED50_2c83ae3bb7c7fe06,49.159663865546214,50.840336134453786,1,14.516129032258066,85.48387096774194
base,1136_s42,1136,42,MERGED50_2fdd28baebcfbc93,19.35483870967742,80.64516129032258,0,19.35483870967742,80.64516129032258
base,1198_s42,1198,42,MERGED50_3246b16cd858d1e3,40.38461538461539,59.61538461538461,1,40.38461538461539,59.61538461538461
base,1209_s42,1209,42,MERGED50_32e80b756ac067ad,54.41176470588235,45.58823529411765,0,54.41176470588235,45.58823529411765
base,1216_s42,1216,42,MERGED50_336ed4a801c2f3c4,48.888888888888886,51.111111111111114,1,16.417910447761194,83.58208955223881
base,1240_s42,1240,42,MERGED50_34af8465ef7ba627,49.676025917926566,50.323974082073434,1,20.689655172413794,79.3103448275862
base,1241_s42,1241,42,MERGED50_34b30d3575948777,40.66985645933015,59.33014354066985,1,17.441860465116278,82.55813953488372
base,1267_s42,1267,42,MERGED50_3641c96940766477,16.483516483516482,83.51648351648352,0,16.483516483516482,83.51648351648352
base,1269_s42,1269,42,MERGED50_36518b02b313049d,42.77777777777778,57.22222222222222,1,16.867469879518072,83.13253012048193
base,1275_s42,1275,42,MERGED50_3697ac4ef8777013,40.0,60.0,1,40.0,60.0
base,1298_s42,1298,42,MERGED50_37e6a513a05f9bf8,31.6622691292876,68.33773087071239,1,15.447154471544716,84.55284552845528
base,1316_s42,1316,42,MERGED50_38b2a50c2837bfca,22.255192878338278,77.74480712166172,1,17.82178217821782,82.17821782178218
base,1329_s42,1329,42,MERGED50_394a8dd322307204,20.37037037037037,79.62962962962963,1,20.37037037037037,79.62962962962963
base,1337_s42,1337,42,MERGED50_3989b04dd8556623,55.172413793103445,44.827586206896555,1,15.254237288135593,84.7457627118644
base,1342_s42,1342,42,MERGED50_39ccc509a418ffae,31.690140845070424,68.30985915492957,0,31.690140845070424,68.30985915492957
base,1345_s42,1345,42,MERGED50_39fc272bcb93b15d,38.732394366197184,61.267605633802816,1,27.956989247311824,72.04301075268818
base,1349_s42,1349,42,MERGED50_3a165aef5a116bf5,50.0,50.0,1,13.698630136986301,86.3013698630137
base,1368_s42,1368,42,MERGED50_3b1c07dc8fea4603,45.497630331753555,54.502369668246445,1,16.0,84.0
base,1379_s42,1379,42,MERGED50_3bdd93e92a96ad19,26.47058823529412,73.52941176470588,1,19.58041958041958,80.41958041958043
base,1380_s42,1380,42,MERGED50_3be81df7305d49c4,19.133574007220215,80.86642599277978,0,19.133574007220215,80.86642599277978
base,1384_s42,1384,42,MERGED50_3c13576bcbf85ca2,41.343669250645995,58.656330749354005,1,16.901408450704224,83.09859154929578
base,1389_s42,1389,42,MERGED50_3c5a68f62a928053,40.37735849056604,59.62264150943396,1,16.19047619047619,83.80952380952381
base,1421_s42,1421,42,MERGED50_3decad90426070a4,48.333333333333336,51.666666666666664,1,18.30985915492958,81.69014084507042
base,1427_s42,1427,42,MERGED50_3e33f1800dbd9c34,36.72199170124482,63.27800829875518,1,32.69230769230769,67.3076923076923
base,1428_s42,1428,42,MERGED50_3e3b31d471ffc94a,47.593582887700535,52.406417112299465,1,20.0,80.0
base,1429_s42,1429,42,MERGED50_3e3d11b925b45fbe,33.82045929018789,66.1795407098121,1,15.833333333333332,84.16666666666667
base,1432_s42,1432,42,MERGED50_3e5aa9a1b7b8d653,40.106951871657756,59.893048128342244,1,14.102564102564102,85.8974358974359
base,1433_s42,1433,42,MERGED50_3e63fbb981856684,15.74074074074074,84.25925925925927,0,15.74074074074074,84.25925925925927
base,1457_s42,1457,42,MERGED50_3f62a4babbe83c19,22.699386503067483,77.30061349693251,0,22.699386503067483,77.30061349693251
base,1471_s42,1471,42,MERGED50_402d407b6093674a,17.56756756756757,82.43243243243244,0,17.56756756756757,82.43243243243244
base,1474_s42,1474,42,MERGED50_405a4d8c0deae552,44.21768707482993,55.78231292517007,1,15.909090909090908,84.0909090909091
base,1494_s42,1494,42,MERGED50_411f2a32c65abd49,29.230769230769234,70.76923076923077,1,18.461538461538463,81.53846153846153
base,1510_s42,1510,42,MERGED50_41d81da132848701,35.41666666666667,64.58333333333333,1,19.791666666666664,80.20833333333334
base,1515_s42,1515,42,MERGED50_42260d841f1377eb,51.24999999999999,48.75000000000001,1,19.565217391304348,80.43478260869566
base,1517_s42,1517,42,MERGED50_42484ba59f188106,48.466257668711656,51.533742331288344,1,44.230769230769226,55.769230769230774
base,1521_s42,1521,42,MERGED50_4285669b0493888e,19.35483870967742,80.64516129032258,0,19.35483870967742,80.64516129032258
base,1545_s42,1545,42,MERGED50_4362509a76da146e,51.52284263959391,48.47715736040609,1,22.36842105263158,77.63157894736842
base,1569_s42,1569,42,MERGED50_452470f6eea49e9e,53.93258426966292,46.06741573033708,1,16.129032258064516,83.87096774193549
base,1587_s42,1587,42,MERGED50_461d7f839caac77e,46.733668341708544,53.266331658291456,1,19.402985074626866,80.59701492537313
base,1589_s42,1589,42,MERGED50_46372a0fbd4d49b2,47.29064039408867,52.70935960591133,1,19.35483870967742,80.64516129032258
base,1598_s42,1598,42,MERGED50_47145fb95598e500,46.10244988864143,53.89755011135857,1,15.492957746478872,84.50704225352112
base,1599_s42,1599,42,MERGED50_471c6ea226937f87,66.2962962962963,33.703703703703695,1,22.727272727272727,77.27272727272728
base,1609_s42,1609,42,MERGED50_47b02c4685094ba9,34.08071748878923,65.91928251121077,1,17.1875,82.8125
base,1623_s42,1623,42,MERGED50_48462d9ed104d7ee,17.857142857142858,82.14285714285714,0,17.857142857142858,82.14285714285714
base,1628_s42,1628,42,MERGED50_4889e6e6faf64af1,16.0,84.0,0,16.0,84.0
base,1634_s42,1634,42,MERGED50_48b4acbaba3bf0ce,42.391304347826086,57.608695652173914,1,19.11764705882353,80.88235294117646
base,1643_s42,1643,42,MERGED50_48f4fb1a585f756b,24.390243902439025,75.60975609756098,1,17.073170731707318,82.92682926829268
base,1644_s42,1644,42,MERGED50_4900eb77492b3539,19.81132075471698,80.18867924528303,1,19.81132075471698,80.18867924528303
base,1646_s42,1646,42,MERGED50_491f277c7354ac88,14.473684210526317,85.52631578947368,0,14.473684210526317,85.52631578947368
base,1663_s42,1663,42,MERGED50_49f4df1d2f820e94,39.285714285714285,60.714285714285715,1,37.64705882352941,62.35294117647059
base,1689_s42,1689,42,MERGED50_4ac1d527b0c84960,47.40484429065744,52.59515570934256,1,17.24137931034483,82.75862068965517
base,1692_s42,1692,42,MERGED50_4ad594a12d0332d1,52.060737527114966,47.939262472885034,1,51.470588235294116,48.529411764705884
base,1717_s42,1717,42,MERGED50_4be104e418d33631,42.98245614035088,57.01754385964912,1,23.076923076923077,76.92307692307692
base,1722_s42,1722,42,MERGED50_4c11e53ac7d8df90,33.33333333333333,66.66666666666667,1,33.33333333333333,66.66666666666667
base,1735_s42,1735,42,MERGED50_4cb1fcc9e80a697f,42.65734265734265,57.34265734265735,1,22.033898305084744,77.96610169491525
base,1741_s42,1741,42,MERGED50_4cfc7389cb1e066b,54.69613259668509,45.30386740331491,1,23.52941176470588,76.47058823529412
base,1742_s42,1742,42,MERGED50_4d0e44d4065dc9cd,45.23809523809524,54.76190476190476,1,15.384615384615385,84.61538461538461
base,1748_s42,1748,42,MERGED50_4d4efeff38ed788c,30.278884462151396,69.7211155378486,1,19.607843137254903,80.3921568627451
base,1752_s42,1752,42,MERGED50_4daec5a39d5600f2,17.647058823529413,82.35294117647058,0,17.647058823529413,82.35294117647058
base,1792_s42,1792,42,MERGED50_4ff928ed0b2c5ed9,40.75,59.25,1,18.421052631578945,81.57894736842105
base,1799_s42,1799,42,MERGED50_503944df164841e9,36.11111111111111,63.88888888888889,1,15.384615384615385,84.61538461538461
base,1813_s42,1813,42,MERGED50_50f3d8e28a277412,41.32762312633833,58.67237687366167,1,16.666666666666664,83.33333333333334
base,1830_s42,1830,42,MERGED50_51aecf5a82dbce78,13.274336283185843,86.72566371681415,0,13.274336283185843,86.72566371681415
base,1844_s42,1844,42,MERGED50_526ae4cee2125bfb,45.230769230769226,54.769230769230774,1,18.421052631578945,81.57894736842105
base,1882_s42,1882,42,MERGED50_545e6e68331f2156,26.356589147286826,73.64341085271317,1,21.176470588235293,78.82352941176471
base,1905_s42,1905,42,MERGED50_553f8a66af2a3e91,46.33204633204633,53.66795366795367,1,26.666666666666668,73.33333333333333
base,1908_s42,1908,42,MERGED50_554d40bab7143e00,34.04255319148936,65.95744680851064,1,17.80821917808219,82.1917808219178
base,1909_s42,1909,42,MERGED50_554ee24ba2da53aa,27.761194029850746,72.23880597014926,1,16.822429906542055,83.17757009345794
base,1911_s42,1911,42,MERGED50_55a02953e1a869bc,28.272251308900525,71.72774869109948,1,28.272251308900525,71.72774869109948
base,1942_s42,1942,42,MERGED50_575c6ee0003d1c16,41.979522184300336,58.020477815699664,1,20.28985507246377,79.71014492753623
base,1949_s42,1949,42,MERGED50_57b0e310432a22eb,47.82608695652174,52.17391304347826,1,16.923076923076923,83.07692307692308
base,1951_s42,1951,42,MERGED50_57be905f2a47364b,43.529411764705884,56.470588235294116,1,43.529411764705884,56.470588235294116
base,1957_s42,1957,42,MERGED50_57f3a98bf6445bd5,35.215053763440864,64.78494623655914,1,22.058823529411764,77.94117647058823
base,1968_s42,1968,42,MERGED50_586bb952a8fc0b3d,28.225806451612907,71.77419354838709,1,25.94142259414226,74.05857740585773
base,1994_s42,1994,42,MERGED50_5a1bbcc14a461599,38.547486033519554,61.452513966480446,1,15.277777777777779,84.72222222222223
base,2004_s42,2004,42,MERGED50_5a83ec96df4a0c1d,39.73684210526316,60.26315789473684,1,16.129032258064516,83.87096774193549
base,2008_s42,2008,42,MERGED50_5ab7a71def90885f,16.666666666666664,83.33333333333334,0,16.666666666666664,83.33333333333334
base,2012_s42,2012,42,MERGED50_5b071d4cc559965a,20.481927710843372,79.51807228915663,1,20.481927710843372,79.51807228915663
base,2019_s42,2019,42,MERGED50_5b718b4cfb08bb58,36.26062322946176,63.73937677053824,1,13.793103448275861,86.20689655172414
base,2054_s42,2054,42,MERGED50_5d19e38d4d70b54a,15.702479338842975,84.29752066115702,0,15.702479338842975,84.29752066115702
base,2056_s42,2056,42,MERGED50_5d3b236e3dd6d06c,25.23961661341853,74.76038338658147,1,15.942028985507244,84.05797101449275
base,2075_s42,2075,42,MERGED50_5e0244dd6c87c85d,30.215827338129497,69.7841726618705,1,18.225419664268586,81.77458033573141
base,2086_s42,2086,42,MERGED50_5e95fa19a872e3b4,38.65030674846626,61.34969325153374,1,38.65030674846626,61.34969325153374
base,2087_s42,2087,42,MERGED50_5e9e6eb6decf88dc,30.337078651685395,69.6629213483146,1,16.853932584269664,83.14606741573033
base,2112_s42,2112,42,MERGED50_600eac600405229a,17.647058823529413,82.35294117647058,0,17.647058823529413,82.35294117647058
base,2123_s42,2123,42,MERGED50_609a3e30cddedce6,22.093023255813954,77.90697674418604,1,22.093023255813954,77.90697674418604
base,2133_s42,2133,42,MERGED50_612acfb649609662,41.914191419141915,58.085808580858085,1,25.862068965517242,74.13793103448276
base,2146_s42,2146,42,MERGED50_6244b32ce12316f9,13.733905579399142,86.26609442060087,0,13.733905579399142,86.26609442060087
base,2153_s42,2153,42,MERGED50_62a38fd2a6fdbc2d,37.97752808988764,62.02247191011236,1,15.789473684210526,84.21052631578948
base,2162_s42,2162,42,MERGED50_63215d6ba2194894,43.69230769230769,56.30769230769231,1,29.411764705882355,70.58823529411765
base,2189_s42,2189,42,MERGED50_645a92888dc6dedb,20.588235294117645,79.41176470588235,0,20.588235294117645,79.41176470588235
base,2243_s42,2243,42,MERGED50_66ec4df0e0a2fd55,39.83050847457627,60.16949152542373,1,15.384615384615385,84.61538461538461
base,2250_s42,2250,42,MERGED50_671edda99c550c18,42.64705882352941,57.35294117647059,0,42.64705882352941,57.35294117647059
base,2261_s42,2261,42,MERGED50_67a4f58548213093,15.789473684210526,84.21052631578948,0,15.789473684210526,84.21052631578948
base,2263_s42,2263,42,MERGED50_67d5e2e10d7007fe,41.23376623376623,58.76623376623377,1,16.94915254237288,83.05084745762713
base,2273_s42,2273,42,MERGED50_683bce063171bf86,27.607361963190186,72.39263803680981,1,27.607361963190186,72.39263803680981
base,2279_s42,2279,42,MERGED50_68c65d876ac620ab,41.474654377880185,58.525345622119815,1,20.652173913043477,79.34782608695653
base,2286_s42,2286,42,MERGED50_69393026e61930ed,22.535211267605636,77.46478873239437,0,22.535211267605636,77.46478873239437
base,2295_s42,2295,42,MERGED50_69b44115b6dcd0e2,17.647058823529413,82.35294117647058,0,17.647058823529413,82.35294117647058
base,2308_s42,2308,42,MERGED50_6a2a6be04d79ee41,27.058823529411764,72.94117647058823,0,27.058823529411764,72.94117647058823
base,2323_s42,2323,42,MERGED50_6af9723776606a41,52.54629629629629,47.45370370370371,1,16.666666666666664,83.33333333333334
base,2329_s42,2329,42,MERGED50_6b224a8f99da0d29,27.659574468085108,72.34042553191489,1,24.113475177304963,75.88652482269504
base,2330_s42,2330,42,MERGED50_6b227dac34d8f18a,22.608695652173914,77.3913043478261,1,22.608695652173914,77.3913043478261
base,2332_s42,2332,42,MERGED50_6b38087a6588fd0b,46.666666666666664,53.333333333333336,0,46.666666666666664,53.333333333333336
base,2358_s42,2358,42,MERGED50_6c30c584dc58bebe,65.88235294117646,34.117647058823536,1,65.88235294117646,34.117647058823536
base,2362_s42,2362,42,MERGED50_6c4a85fe1429fd52,23.52941176470588,76.47058823529412,1,23.52941176470588,76.47058823529412
base,2378_s42,2378,42,MERGED50_6d121cb9b2ad8f83,38.87240356083086,61.12759643916914,1,15.286624203821656,84.71337579617834
base,2379_s42,2379,42,MERGED50_6d3279c7f8765afe,42.168674698795186,57.831325301204814,1,21.472392638036812,78.52760736196319
base,2400_s42,2400,42,MERGED50_6e8a7b5e0ea2e20a,52.67857142857143,47.32142857142857,1,17.24137931034483,82.75862068965517
base,2404_s42,2404,42,MERGED50_6ebf80626779618f,56.371490280777536,43.628509719222464,1,15.337423312883436,84.66257668711657
base,2405_s42,2405,42,MERGED50_6ec27256153612e8,47.18162839248434,52.81837160751566,1,17.045454545454543,82.95454545454545
base,2413_s42,2413,42,MERGED50_6f1c632d7cb5897c,21.25,78.75,0,21.25,78.75
base,2425_s42,2425,42,MERGED50_6fa1c9aaca811b7c,31.84713375796178,68.15286624203821,1,23.943661971830984,76.05633802816902
base,2440_s42,2440,42,MERGED50_7077b5705fff8a36,26.373626373626376,73.62637362637362,1,26.373626373626376,73.62637362637362
base,2450_s42,2450,42,MERGED50_7127c555a30ef29d,54.21245421245421,45.78754578754579,1,22.115384615384613,77.88461538461539
base,2488_s42,2488,42,MERGED50_73619aea8b71f9f2,40.42553191489361,59.57446808510639,1,15.957446808510639,84.04255319148936
base,2500_s42,2500,42,MERGED50_7411d1af87ef4f3d,34.48275862068966,65.51724137931035,1,34.48275862068966,65.51724137931035
base,2513_s42,2513,42,MERGED50_74a893e225ddf810,15.517241379310345,84.48275862068965,0,15.517241379310345,84.48275862068965
base,2522_s42,2522,42,MERGED50_753596b5977878ba,37.254901960784316,62.745098039215684,1,37.254901960784316,62.745098039215684
base,2528_s42,2528,42,MERGED50_7587d233b7f5a4dd,39.41908713692946,60.58091286307054,1,21.21212121212121,78.78787878787878
base,2534_s42,2534,42,MERGED50_75d083f90f752722,48.07692307692308,51.92307692307692,1,48.07692307692308,51.92307692307692
base,2546_s42,2546,42,MERGED50_7668b102cce97a67,28.8135593220339,71.1864406779661,0,28.8135593220339,71.1864406779661
base,2554_s42,2554,42,MERGED50_76abcfb94bfee017,27.572016460905353,72.42798353909464,1,27.572016460905353,72.42798353909464
base,2556_s42,2556,42,MERGED50_76d3ea294441f3bf,48.92086330935252,51.07913669064748,1,16.455696202531644,83.54430379746836
base,2563_s42,2563,42,MERGED50_77449cdf69801264,16.666666666666664,83.33333333333334,0,16.666666666666664,83.33333333333334
base,2572_s42,2572,42,MERGED50_77a0592117bec23a,47.28260869565217,52.71739130434783,1,17.142857142857142,82.85714285714286
base,2574_s42,2574,42,MERGED50_77ba8c2b63fadcf5,57.692307692307686,42.307692307692314,1,57.692307692307686,42.307692307692314
base,2599_s42,2599,42,MERGED50_78e463e2ec428af7,32.926829268292686,67.07317073170731,1,32.926829268292686,67.07317073170731
base,2601_s42,2601,42,MERGED50_78f1e00fd53a3274,31.535269709543567,68.46473029045643,1,18.181818181818183,81.81818181818181
base,2616_s42,2616,42,MERGED50_79a47969caa2ae63,28.921568627450984,71.07843137254902,1,26.76056338028169,73.2394366197183
base,2622_s42,2622,42,MERGED50_79dabdca37fc4102,32.41379310344827,67.58620689655173,1,18.84057971014493,81.15942028985506
base,2627_s42,2627,42,MERGED50_7a01bc666a0eca16,46.27450980392157,53.72549019607843,1,13.636363636363635,86.36363636363636
base,2636_s42,2636,42,MERGED50_7a80fe2dea4829f2,45.0261780104712,54.9738219895288,1,15.714285714285714,84.28571428571429
base,2652_s42,2652,42,MERGED50_7b300d5704038dbf,21.903052064631957,78.09694793536804,1,20.588235294117645,79.41176470588235
base,2661_s42,2661,42,MERGED50_7be9bc1e78d4269b,50.0,50.0,1,24.242424242424242,75.75757575757575
base,2672_s42,2672,42,MERGED50_7c5d8dd9dd48f517,27.860696517412936,72.13930348258707,1,21.875,78.125
base,2692_s42,2692,42,MERGED50_7d0b0614229175f8,31.914893617021278,68.08510638297872,1,31.914893617021278,68.08510638297872
base,2705_s42,2705,42,MERGED50_7dbdcf7782af193c,33.92857142857143,66.07142857142857,1,25.352112676056336,74.64788732394366
base,2727_s42,2727,42,MERGED50_7ed2f6a56937016a,40.74074074074074,59.25925925925926,1,17.142857142857142,82.85714285714286
base,2728_s42,2728,42,MERGED50_7ede81269d8631a4,30.666666666666664,69.33333333333334,1,30.666666666666664,69.33333333333334
base,2741_s42,2741,42,MERGED50_7f640839a3f8e11a,45.911949685534594,54.088050314465406,1,18.84057971014493,81.15942028985506
base,2743_s42,2743,42,MERGED50_7f66caa8892be92f,32.20338983050847,67.79661016949153,1,30.263157894736842,69.73684210526315
base,2802_s42,2802,42,MERGED50_8250c39e60fe2cf2,42.244224422442244,57.755775577557756,1,18.64406779661017,81.35593220338983
base,2818_s42,2818,42,MERGED50_83412bf11620bd23,50.73891625615764,49.26108374384236,1,27.058823529411764,72.94117647058823
base,2833_s42,2833,42,MERGED50_841cf6c2b9f6631e,27.73109243697479,72.26890756302521,1,15.126050420168067,84.87394957983193
base,2853_s42,2853,42,MERGED50_853f79d92858401e,17.307692307692307,82.6923076923077,0,17.307692307692307,82.6923076923077
base,2859_s42,2859,42,MERGED50_85bd37c154ebca0f,51.66666666666667,48.33333333333333,1,51.66666666666667,48.33333333333333
base,2874_s42,2874,42,MERGED50_8639fd34028091ab,28.57142857142857,71.42857142857143,1,14.285714285714285,85.71428571428572
base,2884_s42,2884,42,MERGED50_867689993d36eb87,18.64406779661017,81.35593220338983,0,18.64406779661017,81.35593220338983
base,2894_s42,2894,42,MERGED50_86db53a5c57f5ff0,25.520833333333332,74.47916666666667,0,25.520833333333332,74.47916666666667
base,2903_s42,2903,42,MERGED50_873694b44f3b2ea8,48.734177215189874,51.265822784810126,1,20.588235294117645,79.41176470588235
base,2906_s42,2906,42,MERGED50_8745eb3faa2564b7,35.80246913580247,64.19753086419753,1,25.0,75.0
base,2928_s42,2928,42,MERGED50_883b24135493ecd4,37.89473684210527,62.10526315789473,1,18.51851851851852,81.48148148148148
base,2954_s42,2954,42,MERGED50_89eef421b7a393fa,36.75213675213676,63.24786324786324,1,36.75213675213676,63.24786324786324
base,2978_s42,2978,42,MERGED50_8b386db343c4677e,46.06413994169096,53.93586005830904,1,16.363636363636363,83.63636363636364
base,2987_s42,2987,42,MERGED50_8bedf43df42ac4c0,51.53061224489795,48.46938775510205,1,30.985915492957744,69.01408450704226
base,2993_s42,2993,42,MERGED50_8c190d7c98c4f693,40.3041825095057,59.6958174904943,1,16.049382716049383,83.95061728395062
base,2996_s42,2996,42,MERGED50_8c3d2660267e473d,47.368421052631575,52.631578947368425,1,16.666666666666664,83.33333333333334
base,3027_s42,3027,42,MERGED50_8dee8af9f39cd7fd,18.6046511627907,81.3953488372093,0,18.6046511627907,81.3953488372093
base,3032_s42,3032,42,MERGED50_8e20bc65561a86aa,18.81188118811881,81.1881188118812,1,17.741935483870968,82.25806451612902
base,3033_s42,3033,42,MERGED50_8e22f7d3d4198db8,44.02985074626866,55.97014925373134,1,24.62686567164179,75.3731343283582
base,3045_s42,3045,42,MERGED50_8ee742e81fc5700b,38.70967741935484,61.29032258064516,1,38.70967741935484,61.29032258064516
base,3049_s42,3049,42,MERGED50_8f21052c420280e1,30.92105263157895,69.07894736842105,1,14.473684210526317,85.52631578947368
base,3080_s42,3080,42,MERGED50_9098dca75b1a5014,51.42045454545454,48.57954545454546,1,16.52173913043478,83.47826086956522
base,3081_s42,3081,42,MERGED50_909e06366de0655f,42.27129337539432,57.72870662460568,1,14.423076923076922,85.57692307692308
base,3095_s42,3095,42,MERGED50_916c635910a1d9e7,43.58974358974359,56.41025641025641,1,16.666666666666664,83.33333333333334
base,3097_s42,3097,42,MERGED50_917a86209294b86f,43.40770791075051,56.59229208924949,1,19.230769230769234,80.76923076923077
base,3104_s42,3104,42,MERGED50_922ef138ede4a09e,49.629629629629626,50.370370370370374,1,15.517241379310345,84.48275862068965
base,3155_s42,3155,42,MERGED50_952fb4144de0c137,50.0,50.0,1,38.46153846153847,61.53846153846153
base,3175_s42,3175,42,MERGED50_967da48d929c47b7,39.490445859872615,60.509554140127385,1,39.490445859872615,60.509554140127385
base,3182_s42,3182,42,MERGED50_96b5b3822e77b0d1,54.41176470588235,45.58823529411765,1,54.41176470588235,45.58823529411765
base,3183_s42,3183,42,MERGED50_96b6b14d746a301d,38.55421686746988,61.44578313253012,1,16.94915254237288,83.05084745762713
base,3188_s42,3188,42,MERGED50_973156e9c6e6a362,27.071823204419886,72.92817679558011,1,14.754098360655737,85.24590163934427
base,3197_s42,3197,42,MERGED50_97cb7b15febeb2a5,34.51676528599605,65.48323471400394,1,21.568627450980394,78.43137254901961
base,3199_s42,3199,42,MERGED50_97dc8721613c2b73,49.074074074074076,50.925925925925924,1,15.74074074074074,84.25925925925927
base,3217_s42,3217,42,MERGED50_991d320f2a013e40,42.6605504587156,57.3394495412844,1,17.20430107526882,82.79569892473118
base,3225_s42,3225,42,MERGED50_998bb445f3f832c5,44.69387755102041,55.30612244897959,1,25.882352941176475,74.11764705882352
base,3236_s42,3236,42,MERGED50_99e8793681c95da7,42.25352112676056,57.74647887323944,1,42.25352112676056,57.74647887323944
base,3241_s42,3241,42,MERGED50_9a6d86d4a6b18c65,46.38783269961977,53.61216730038023,1,17.24137931034483,82.75862068965517
base,3248_s42,3248,42,MERGED50_9a8b8d185d4bd22e,47.27272727272727,52.72727272727273,1,14.772727272727273,85.22727272727272
base,3252_s42,3252,42,MERGED50_9aa2b233a097c88b,31.93916349809886,68.06083650190114,1,19.78021978021978,80.21978021978022
base,3256_s42,3256,42,MERGED50_9ab99c917ac7df76,46.73913043478261,53.26086956521739,1,16.129032258064516,83.87096774193549
base,3257_s42,3257,42,MERGED50_9abd9e349a65eaa1,46.63677130044843,53.36322869955157,1,16.9811320754717,83.01886792452831
base,3268_s42,3268,42,MERGED50_9b5fcc70f997c7eb,49.25373134328358,50.74626865671642,1,15.625,84.375
base,3269_s42,3269,42,MERGED50_9b7b4d6e047a5ec0,37.62135922330097,62.37864077669903,1,26.380368098159508,73.61963190184049
base,3272_s42,3272,42,MERGED50_9b8f00624edaac0d,51.515151515151516,48.484848484848484,1,13.286713286713287,86.71328671328672
base,3274_s42,3274,42,MERGED50_9b98dddab58fa657,21.338912133891213,78.66108786610879,0,21.338912133891213,78.66108786610879
base,3275_s42,3275,42,MERGED50_9bb2b32cfe362dbd,33.62068965517241,66.37931034482759,1,17.708333333333336,82.29166666666666
base,3305_s42,3305,42,MERGED50_9d334cd69d11cc08,47.179487179487175,52.820512820512825,1,16.0,84.0
base,3306_s42,3306,42,MERGED50_9d4cad0bf4f4eabb,14.705882352941178,85.29411764705883,0,14.705882352941178,85.29411764705883
base,3321_s42,3321,42,MERGED50_9df10ef1bbe6e50a,42.10526315789473,57.89473684210527,1,18.478260869565215,81.52173913043478
base,3354_s42,3354,42,MERGED50_a0217cea3a619c31,38.08664259927797,61.91335740072203,1,18.64406779661017,81.35593220338983
base,3361_s42,3361,42,MERGED50_a09fa1c40dba6a05,44.42231075697211,55.57768924302789,1,15.517241379310345,84.48275862068965
base,3410_s42,3410,42,MERGED50_a2d5559200c22c7a,16.831683168316832,83.16831683168317,0,16.831683168316832,83.16831683168317
base,3423_s42,3423,42,MERGED50_a36ed354195d99f9,35.36345776031434,64.63654223968567,1,19.444444444444446,80.55555555555556
base,3427_s42,3427,42,MERGED50_a38dcaacea403954,45.88235294117647,54.11764705882353,1,45.88235294117647,54.11764705882353
base,3429_s42,3429,42,MERGED50_a39b3ac9186d9697,42.98642533936652,57.01357466063348,1,15.254237288135593,84.7457627118644
base,3436_s42,3436,42,MERGED50_a42681c8ab1c5abd,40.95744680851064,59.04255319148936,1,18.478260869565215,81.52173913043478
base,3509_s42,3509,42,MERGED50_a84d6eb4536c54e4,35.714285714285715,64.28571428571428,1,19.047619047619047,80.95238095238095
base,3510_s42,3510,42,MERGED50_a84f97de017ca7ec,53.102189781021906,46.897810218978094,1,20.588235294117645,79.41176470588235
base,3532_s42,3532,42,MERGED50_a9ed355f00ad370a,67.90123456790124,32.09876543209876,1,67.90123456790124,32.09876543209876
base,3542_s42,3542,42,MERGED50_aa3463f5ddc1b812,33.33333333333333,66.66666666666667,1,29.48717948717949,70.51282051282051
base,3564_s42,3564,42,MERGED50_ab2b415c51b1e502,45.56962025316456,54.43037974683544,1,16.666666666666664,83.33333333333334
base,3567_s42,3567,42,MERGED50_ab425ac822b5007b,52.083333333333336,47.916666666666664,1,16.417910447761194,83.58208955223881
base,3581_s42,3581,42,MERGED50_ac0e0751641ba8c5,16.161616161616163,83.83838383838383,1,16.161616161616163,83.83838383838383
base,3585_s42,3585,42,MERGED50_ac619d734e1fed35,40.38461538461539,59.61538461538461,1,40.38461538461539,59.61538461538461
base,3586_s42,3586,42,MERGED50_ac69c745c89ad948,43.30708661417323,56.69291338582677,1,15.853658536585366,84.14634146341463
base,3629_s42,3629,42,MERGED50_ae7a8231780df578,40.0,60.0,1,15.11627906976744,84.88372093023256
base,3649_s42,3649,42,MERGED50_afa7cfce20caf18e,40.88235294117647,59.11764705882353,1,17.543859649122805,82.45614035087719
base,3669_s42,3669,42,MERGED50_b0921b39d04065fe,15.09433962264151,84.90566037735849,0,15.09433962264151,84.90566037735849
base,3672_s42,3672,42,MERGED50_b0acaec12cf54da1,37.5,62.5,1,15.833333333333332,84.16666666666667
base,3677_s42,3677,42,MERGED50_b11026cfc39511b7,49.358974358974365,50.641025641025635,1,15.254237288135593,84.7457627118644
base,3680_s42,3680,42,MERGED50_b158ae789a92cb66,36.79245283018868,63.20754716981132,1,36.79245283018868,63.20754716981132
base,3683_s42,3683,42,MERGED50_b17f8de8e8177506,15.789473684210526,84.21052631578948,0,15.789473684210526,84.21052631578948
base,3684_s42,3684,42,MERGED50_b19bfa8594c86411,26.31578947368421,73.6842105263158,1,26.31578947368421,73.6842105263158
base,3694_s42,3694,42,MERGED50_b25490b4a76d74a5,47.790055248618785,52.209944751381215,1,15.068493150684931,84.93150684931507
base,3702_s42,3702,42,MERGED50_b2b8613a7d28b25a,45.799457994579946,54.200542005420054,1,14.666666666666666,85.33333333333333
base,3718_s42,3718,42,MERGED50_b40efb3f02a47298,29.411764705882355,70.58823529411765,1,18.823529411764707,81.17647058823529
base,3722_s42,3722,42,MERGED50_b42142937144f0e9,43.558282208588956,56.441717791411044,1,20.73170731707317,79.26829268292683
base,3728_s42,3728,42,MERGED50_b45c254a83e9819b,37.67313019390582,62.32686980609418,1,19.148936170212767,80.85106382978724
base,3748_s42,3748,42,MERGED50_b58172d9edd3ab32,46.794871794871796,53.205128205128204,1,13.461538461538462,86.53846153846153
base,3752_s42,3752,42,MERGED50_b59c30f551ed6b1f,46.239554317548745,53.760445682451255,1,17.80821917808219,82.1917808219178
base,3762_s42,3762,42,MERGED50_b6320c1cb01534e4,59.61538461538461,40.38461538461539,1,59.61538461538461,40.38461538461539
base,3771_s42,3771,42,MERGED50_b69c514bad0a6438,43.80530973451327,56.19469026548673,1,16.129032258064516,83.87096774193549
base,3774_s42,3774,42,MERGED50_b6d00e21099ae542,48.828125,51.171875,1,15.0,85.0
base,3776_s42,3776,42,MERGED50_b6faaa8e81b33b62,19.148936170212767,80.85106382978724,0,19.148936170212767,80.85106382978724
base,3783_s42,3783,42,MERGED50_b7a6b6c91b9cd7ea,36.96369636963696,63.03630363036304,1,16.43835616438356,83.56164383561644
base,3816_s42,3816,42,MERGED50_b957d14dcf1bbe9a,51.533742331288344,48.466257668711656,1,51.533742331288344,48.466257668711656
base,3818_s42,3818,42,MERGED50_b967112def0d9512,35.294117647058826,64.70588235294117,1,35.294117647058826,64.70588235294117
base,3831_s42,3831,42,MERGED50_b9d681926a4b600e,25.0,75.0,0,25.0,75.0
base,3838_s42,3838,42,MERGED50_ba291c9173c50b04,37.86407766990291,62.13592233009709,1,16.129032258064516,83.87096774193549
base,3840_s42,3840,42,MERGED50_ba443842d54492a7,41.935483870967744,58.064516129032256,1,15.0,85.0
base,3852_s42,3852,42,MERGED50_bb10fbaaf2dc3390,13.829787234042554,86.17021276595744,0,13.829787234042554,86.17021276595744
base,3853_s42,3853,42,MERGED50_bb204324245ac57d,47.05882352941176,52.94117647058824,1,17.647058823529413,82.35294117647058
base,3855_s42,3855,42,MERGED50_bb3455cbaad33f86,39.32038834951456,60.67961165048544,1,17.647058823529413,82.35294117647058
base,3859_s42,3859,42,MERGED50_bb5eda403322a160,26.143790849673206,73.85620915032679,1,26.143790849673206,73.85620915032679
base,3872_s42,3872,42,MERGED50_bc17887e887e8809,21.764705882352942,78.23529411764706,1,21.764705882352942,78.23529411764706
base,3879_s42,3879,42,MERGED50_bc5d8b8a3e7fc15d,39.03508771929825,60.96491228070175,1,17.28395061728395,82.71604938271605
base,3895_s42,3895,42,MERGED50_bd037da1c83d4495,54.78547854785478,45.21452145214522,1,14.0625,85.9375
base,3904_s42,3904,42,MERGED50_bd5d3346b3f492d1,41.891891891891895,58.108108108108105,1,20.27027027027027,79.72972972972973
base,3913_s42,3913,42,MERGED50_bdfb0561a2f0e94d,19.047619047619047,80.95238095238095,0,19.047619047619047,80.95238095238095
base,3923_s42,3923,42,MERGED50_be9dd7740e7d701e,48.421052631578945,51.578947368421055,1,22.105263157894736,77.89473684210526
base,3926_s42,3926,42,MERGED50_beb97b9d7100d060,21.839080459770116,78.16091954022988,0,21.839080459770116,78.16091954022988
base,3937_s42,3937,42,MERGED50_bf4d181218869bd3,41.17647058823529,58.82352941176471,1,41.17647058823529,58.82352941176471
base,3948_s42,3948,42,MERGED50_c004f25ea592d5dc,36.0655737704918,63.9344262295082,1,16.94915254237288,83.05084745762713
base,3950_s42,3950,42,MERGED50_c023f2020521997b,34.57711442786069,65.42288557213931,1,18.181818181818183,81.81818181818181
base,3974_s42,3974,42,MERGED50_c14b578a40b8c8b1,31.343283582089555,68.65671641791045,1,31.343283582089555,68.65671641791045
base,3980_s42,3980,42,MERGED50_c1bf1e334817e0f2,15.789473684210526,84.21052631578948,0,15.789473684210526,84.21052631578948
base,3981_s42,3981,42,MERGED50_c1c730c120397711,49.10941475826972,50.89058524173028,1,27.27272727272727,72.72727272727273
base,3983_s42,3983,42,MERGED50_c1d88cac251c841c,47.45762711864407,52.54237288135593,1,15.625,84.375
base,4001_s42,4001,42,MERGED50_c3715085cbdba5f4,47.41573033707866,52.58426966292134,1,16.8141592920354,83.1858407079646
base,4016_s42,4016,42,MERGED50_c4074a4ba6f23c3b,44.11764705882353,55.88235294117647,0,44.11764705882353,55.88235294117647
base,4019_s42,4019,42,MERGED50_c430d42301ff2bd9,31.818181818181817,68.18181818181819,1,31.818181818181817,68.18181818181819
base,4024_s42,4024,42,MERGED50_c47a49ed1eedac36,40.42553191489361,59.57446808510639,1,18.085106382978726,81.91489361702128
base,4032_s42,4032,42,MERGED50_c4bda75420b8a03b,39.6551724137931,60.3448275862069,1,15.625,84.375
base,4039_s42,4039,42,MERGED50_c51ac5431905f7ee,39.94252873563218,60.05747126436782,1,20.43010752688172,79.56989247311827
base,4061_s42,4061,42,MERGED50_c6a44b119bef1302,31.182795698924732,68.81720430107526,0,31.182795698924732,68.81720430107526
base,4071_s42,4071,42,MERGED50_c74a4126117a32ad,43.55400696864111,56.44599303135889,1,17.741935483870968,82.25806451612902
base,4073_s42,4073,42,MERGED50_c75525dbde37c28c,39.56043956043956,60.43956043956044,1,17.692307692307693,82.3076923076923
base,4074_s42,4074,42,MERGED50_c75ab1a5c9ad6c6f,20.52401746724891,79.47598253275109,1,18.777292576419214,81.22270742358079
base,4078_s42,4078,42,MERGED50_c79ff93d590f9bda,22.727272727272727,77.27272727272728,1,22.727272727272727,77.27272727272728
base,4081_s42,4081,42,MERGED50_c7c021d8ab4041ec,21.84873949579832,78.15126050420167,1,19.327731092436977,80.67226890756302
base,4084_s42,4084,42,MERGED50_c7f03ab966fff9af,31.092436974789916,68.90756302521008,1,31.092436974789916,68.90756302521008
base,4096_s42,4096,42,MERGED50_c84242fb3de977b7,38.84892086330935,61.15107913669065,1,38.84892086330935,61.15107913669065
base,4121_s42,4121,42,MERGED50_c9f6c384862b1fe4,44.39461883408072,55.60538116591928,1,18.0327868852459,81.9672131147541
base,4167_s42,4167,42,MERGED50_cce784180d050396,16.363636363636363,83.63636363636364,1,16.363636363636363,83.63636363636364
base,4174_s42,4174,42,MERGED50_cd0a1fdd85de8ab1,44.907407407407405,55.092592592592595,1,24.390243902439025,75.60975609756098
base,4188_s42,4188,42,MERGED50_cddc29167df62ef9,17.1875,82.8125,1,17.1875,82.8125
base,4189_s42,4189,42,MERGED50_cdeb5e55f9b42a2d,47.0873786407767,52.9126213592233,1,18.461538461538463,81.53846153846153
base,4191_s42,4191,42,MERGED50_cdfbd57f3bb21d20,34.68468468468468,65.31531531531532,1,18.96551724137931,81.0344827586207
base,4198_s42,4198,42,MERGED50_ce9430b3548fb97f,17.647058823529413,82.35294117647058,0,17.647058823529413,82.35294117647058
base,4208_s42,4208,42,MERGED50_ceee00040657071c,35.82887700534759,64.1711229946524,1,15.686274509803921,84.31372549019608
base,4231_s42,4231,42,MERGED50_d05dd345e17ccbad,51.515151515151516,48.484848484848484,1,22.085889570552148,77.91411042944785
base,4248_s42,4248,42,MERGED50_d1669aedc2240498,37.97909407665505,62.02090592334495,1,18.91891891891892,81.08108108108108
base,4277_s42,4277,42,MERGED50_d33811d5beca09c4,68.14159292035397,31.858407079646028,1,68.14159292035397,31.858407079646028
base,4307_s42,4307,42,MERGED50_d46d768da670065d,46.15384615384615,53.84615384615385,1,46.15384615384615,53.84615384615385
base,4338_s42,4338,42,MERGED50_d63aedec8517f781,53.672316384180796,46.327683615819204,1,16.417910447761194,83.58208955223881
base,4339_s42,4339,42,MERGED50_d646f7b19527e834,42.66666666666667,57.33333333333333,1,27.631578947368425,72.36842105263158
base,4366_s42,4366,42,MERGED50_d79dcc8b60502ff1,39.26247288503254,60.73752711496746,1,16.666666666666664,83.33333333333334
base,4430_s42,4430,42,MERGED50_dbd87a83d6fc84aa,18.9247311827957,81.0752688172043,1,17.647058823529413,82.35294117647058
base,4444_s42,4444,42,MERGED50_dcf2317213ccfe3c,42.151162790697676,57.848837209302324,1,36.76470588235294,63.23529411764706
base,4450_s42,4450,42,MERGED50_dd2e6125e1a265fe,34.93975903614458,65.06024096385542,1,17.307692307692307,82.6923076923077
base,4460_s42,4460,42,MERGED50_dd88294982766a63,58.14977973568281,41.85022026431719,1,18.88888888888889,81.11111111111111
base,4473_s42,4473,42,MERGED50_de3037fc7a3630e5,21.73913043478261,78.26086956521739,1,17.391304347826086,82.6086956521739
base,4477_s42,4477,42,MERGED50_de83bc5e0f478a3f,30.67484662576687,69.32515337423312,1,30.67484662576687,69.32515337423312
base,4482_s42,4482,42,MERGED50_debafa50f2edd0c3,50.0,50.0,1,20.54794520547945,79.45205479452055
base,4494_s42,4494,42,MERGED50_df902d078f750801,70.40816326530613,29.59183673469387,1,70.40816326530613,29.59183673469387
base,4504_s42,4504,42,MERGED50_e0b9c4be3893b47f,43.82022471910113,56.17977528089887,1,16.99346405228758,83.00653594771242
base,4519_s42,4519,42,MERGED50_e212773ad22e28b2,47.8021978021978,52.1978021978022,1,21.678321678321677,78.32167832167832
base,4520_s42,4520,42,MERGED50_e231cb7424a6a4cc,27.513227513227513,72.48677248677248,1,19.230769230769234,80.76923076923077
base,4529_s42,4529,42,MERGED50_e2efec855aee89e2,35.0,65.0,1,15.463917525773196,84.5360824742268
base,4550_s42,4550,42,MERGED50_e42151b516d32088,25.438596491228072,74.56140350877193,1,21.052631578947366,78.94736842105263
base,4555_s42,4555,42,MERGED50_e475439234c7647e,54.248366013071895,45.751633986928105,1,21.21212121212121,78.78787878787878
base,4576_s42,4576,42,MERGED50_e5ff27e33cc22509,30.76923076923077,69.23076923076923,1,30.76923076923077,69.23076923076923
base,4599_s42,4599,42,MERGED50_e77ba9164be0680a,42.47787610619469,57.52212389380531,1,17.17171717171717,82.82828282828282
base,4641_s42,4641,42,MERGED50_e9c1dfc7c71e4fbc,42.97752808988764,57.02247191011236,1,16.049382716049383,83.95061728395062
base,4650_s42,4650,42,MERGED50_ea9029ad82f47cd2,17.333333333333336,82.66666666666666,0,17.333333333333336,82.66666666666666
base,4685_s42,4685,42,MERGED50_ec88cbd03a7591af,47.6280834914611,52.3719165085389,1,18.478260869565215,81.52173913043478
base,4703_s42,4703,42,MERGED50_ed73874f8aff14ec,39.01918976545842,60.98081023454158,1,17.28395061728395,82.71604938271605
base,4705_s42,4705,42,MERGED50_ed83b9c72b29bec9,42.459396751740144,57.540603248259856,1,19.54022988505747,80.45977011494253
base,4706_s42,4706,42,MERGED50_ed883dba8938761b,41.254752851711025,58.745247148288975,1,26.923076923076923,73.07692307692308
base,4714_s42,4714,42,MERGED50_eddd8b84fbb094df,40.21739130434783,59.78260869565217,1,40.21739130434783,59.78260869565217
base,4722_s42,4722,42,MERGED50_ee9ac1679f924fe0,39.705882352941174,60.294117647058826,0,39.705882352941174,60.294117647058826
base,4727_s42,4727,42,MERGED50_eeab14de56108434,40.41450777202073,59.58549222797927,1,23.170731707317074,76.82926829268293
base,4728_s42,4728,42,MERGED50_eebe608c1dc4845c,42.857142857142854,57.142857142857146,1,23.91304347826087,76.08695652173913
base,4751_s42,4751,42,MERGED50_f038619a0231ba7e,32.89473684210527,67.10526315789474,1,18.421052631578945,81.57894736842105
base,4763_s42,4763,42,MERGED50_f13c72cd8d45ebe7,36.11111111111111,63.88888888888889,1,27.027027027027028,72.97297297297297
base,4795_s42,4795,42,MERGED50_f2cc0874cbb65938,25.609756097560975,74.39024390243902,1,25.609756097560975,74.39024390243902
base,4812_s42,4812,42,MERGED50_f43a6e20b5945044,39.33054393305439,60.66945606694561,1,14.285714285714285,85.71428571428572
base,4824_s42,4824,42,MERGED50_f4ee08c1c2850382,20.54794520547945,79.45205479452055,0,20.54794520547945,79.45205479452055
base,4826_s42,4826,42,MERGED50_f4fc13f6a35cece9,46.07329842931937,53.92670157068063,1,15.384615384615385,84.61538461538461
base,4828_s42,4828,42,MERGED50_f50b9fbf99080303,20.304568527918782,79.69543147208122,1,19.718309859154928,80.28169014084507
base,4844_s42,4844,42,MERGED50_f5fc15383ffa145c,29.906542056074763,70.09345794392524,1,22.429906542056074,77.57009345794393
base,4852_s42,4852,42,MERGED50_f66fbf9aead0a729,45.54216867469879,54.45783132530121,1,14.942528735632186,85.05747126436782
base,4868_s42,4868,42,MERGED50_f77547d110548b22,50.0,50.0,1,17.142857142857142,82.85714285714286
base,4878_s42,4878,42,MERGED50_f80b1bfa68a5055b,35.526315789473685,64.47368421052632,1,18.75,81.25
base,4882_s42,4882,42,MERGED50_f85af1cfd77fe329,17.24137931034483,82.75862068965517,0,17.24137931034483,82.75862068965517
base,4890_s42,4890,42,MERGED50_f8f2c16d148835db,21.35922330097087,78.64077669902913,1,18.446601941747574,81.55339805825243
base,4894_s42,4894,42,MERGED50_f9b2afb323193f2d,51.92307692307693,48.07692307692307,0,51.92307692307693,48.07692307692307
base,4906_s42,4906,42,MERGED50_faa39422296b7aca,53.286384976525824,46.713615023474176,1,16.216216216216218,83.78378378378378
base,4928_s42,4928,42,MERGED50_fc3b933e66dbd079,27.79220779220779,72.20779220779221,1,17.91044776119403,82.08955223880596
base,4935_s42,4935,42,MERGED50_fc6832bf8f311645,40.78947368421053,59.21052631578947,1,21.951219512195124,78.04878048780488
base,4974_s42,4974,42,MERGED50_fec23b05266c6445,40.7185628742515,59.2814371257485,1,26.76056338028169,73.2394366197183
base,4997_s42,4997,42,MERGED50_ffe58f76fbf1c3d1,17.307692307692307,82.6923076923077,0,17.307692307692307,82.6923076923077
base,4999_s42,4999,42,MERGED50_fff98652c2cd13ef,42.25352112676056,57.74647887323944,1,14.912280701754385,85.08771929824562
base,5003_s42,5003,42,MERGED50_00120ac4459afbdb,16.27906976744186,83.72093023255815,0,16.27906976744186,83.72093023255815
base,5008_s42,5008,42,MERGED50_0032c81cd7cab7ac,15.517241379310345,84.48275862068965,0,15.517241379310345,84.48275862068965
base,5025_s42,5025,42,MERGED50_00dde5a176ea8d7f,19.35483870967742,80.64516129032258,0,19.35483870967742,80.64516129032258
base,5037_s42,5037,42,MERGED50_017b6f29c6d8b633,16.346153846153847,83.65384615384616,0,16.346153846153847,83.65384615384616
base,5040_s42,5040,42,MERGED50_01942ab7f57ed721,16.666666666666664,83.33333333333334,0,16.666666666666664,83.33333333333334
base,5051_s42,5051,42,MERGED50_0230fd9b3fc7499a,20.33898305084746,79.66101694915254,0,20.33898305084746,79.66101694915254
base,5055_s42,5055,42,MERGED50_026479af6aa24b0c,15.827338129496402,84.1726618705036,0,15.827338129496402,84.1726618705036
base,5065_s42,5065,42,MERGED50_02feb0913a030592,14.516129032258066,85.48387096774194,0,14.516129032258066,85.48387096774194
base,5070_s42,5070,42,MERGED50_032dbc2eb5018b1c,22.033898305084744,77.96610169491525,0,22.033898305084744,77.96610169491525
base,5076_s42,5076,42,MERGED50_036399fc2c0cccb7,18.181818181818183,81.81818181818181,0,18.181818181818183,81.81818181818181
base,5080_s42,5080,42,MERGED50_03796420107aef19,39.784946236559136,60.215053763440864,0,39.784946236559136,60.215053763440864
base,5088_s42,5088,42,MERGED50_03c0a40f99dc781c,17.1875,82.8125,0,17.1875,82.8125
base,5089_s42,5089,42,MERGED50_03c2e6c187473265,29.629629629629626,70.37037037037038,0,29.629629629629626,70.37037037037038
base,5095_s42,5095,42,MERGED50_03db67f5ccc79c0e,14.85148514851485,85.14851485148515,0,14.85148514851485,85.14851485148515
base,5123_s42,5123,42,MERGED50_05a26bba040196ba,16.666666666666664,83.33333333333334,0,16.666666666666664,83.33333333333334
base,5131_s42,5131,42,MERGED50_05e88b6f0885c311,42.5287356321839,57.4712643678161,0,42.5287356321839,57.4712643678161
base,5138_s42,5138,42,MERGED50_0617e4c0228d6fb6,17.72151898734177,82.27848101265823,0,17.72151898734177,82.27848101265823
base,5150_s42,5150,42,MERGED50_0658641ef48a2727,15.555555555555555,84.44444444444444,0,15.555555555555555,84.44444444444444
base,5165_s42,5165,42,MERGED50_07072a9a4444b12d,15.151515151515152,84.84848484848484,0,15.151515151515152,84.84848484848484
base,5173_s42,5173,42,MERGED50_0766020e50efe4ea,15.384615384615385,84.61538461538461,0,15.384615384615385,84.61538461538461
base,5177_s42,5177,42,MERGED50_07a1d9c0df06e230,22.07792207792208,77.92207792207792,0,22.07792207792208,77.92207792207792
base,5181_s42,5181,42,MERGED50_07aec71e4d97a4d0,23.076923076923077,76.92307692307692,0,23.076923076923077,76.92307692307692
base,5187_s42,5187,42,MERGED50_07e99b5bc195d497,17.543859649122805,82.45614035087719,0,17.543859649122805,82.45614035087719
base,5197_s42,5197,42,MERGED50_08e0ff1a206018df,16.666666666666664,83.33333333333334,0,16.666666666666664,83.33333333333334
base,5206_s42,5206,42,MERGED50_094c5a9d4692919d,19.801980198019802,80.1980198019802,0,19.801980198019802,80.1980198019802
base,5214_s42,5214,42,MERGED50_09b58931be2e6dd7,43.558282208588956,56.441717791411044,0,43.558282208588956,56.441717791411044
base,5234_s42,5234,42,MERGED50_0a59d788503e05b0,15.584415584415584,84.41558441558442,0,15.584415584415584,84.41558441558442
base,5242_s42,5242,42,MERGED50_0aa1d3066901a600,15.0,85.0,0,15.0,85.0
base,5243_s42,5243,42,MERGED50_0aa29fbf0959eb32,16.842105263157894,83.15789473684211,0,16.842105263157894,83.15789473684211
base,5255_s42,5255,42,MERGED50_0b1882a8e996db17,36.53846153846153,63.46153846153847,0,36.53846153846153,63.46153846153847
base,5264_s42,5264,42,MERGED50_0b6344ff33e8afaf,33.80281690140845,66.19718309859155,0,33.80281690140845,66.19718309859155
base,5279_s42,5279,42,MERGED50_0bef9f9d0a8f8775,66.17647058823529,33.82352941176471,0,66.17647058823529,33.82352941176471
base,5298_s42,5298,42,MERGED50_0cf62e1ccb94abd0,17.708333333333336,82.29166666666666,0,17.708333333333336,82.29166666666666
base,5317_s42,5317,42,MERGED50_0de5d82f449aae02,15.789473684210526,84.21052631578948,0,15.789473684210526,84.21052631578948
base,5338_s42,5338,42,MERGED50_0e8e0624ad32891d,14.130434782608695,85.86956521739131,0,14.130434782608695,85.86956521739131
base,5339_s42,5339,42,MERGED50_0ea09acdf6f8b5d3,15.384615384615385,84.61538461538461,0,15.384615384615385,84.61538461538461
base,5340_s42,5340,42,MERGED50_0eaff4ebc03b683a,17.424242424242426,82.57575757575758,0,17.424242424242426,82.57575757575758
base,5354_s42,5354,42,MERGED50_0f8092eecccca48e,25.0,75.0,0,25.0,75.0
base,5373_s42,5373,42,MERGED50_1052cd8ef9c7243a,20.2020202020202,79.79797979797979,0,20.2020202020202,79.79797979797979
base,5380_s42,5380,42,MERGED50_10841adedd45e76e,18.75,81.25,0,18.75,81.25
base,5394_s42,5394,42,MERGED50_11499e85c66a4092,18.181818181818183,81.81818181818181,0,18.181818181818183,81.81818181818181
base,5423_s42,5423,42,MERGED50_12dd5cd19acc7e20,39.263803680981596,60.736196319018404,0,39.263803680981596,60.736196319018404
base,5428_s42,5428,42,MERGED50_12e93fded623c2e1,17.5531914893617,82.4468085106383,0,17.5531914893617,82.4468085106383
base,5438_s42,5438,42,MERGED50_135575845b910841,39.705882352941174,60.294117647058826,0,39.705882352941174,60.294117647058826
base,5447_s42,5447,42,MERGED50_13b18f1252e84741,29.447852760736197,70.5521472392638,0,29.447852760736197,70.5521472392638
base,5449_s42,5449,42,MERGED50_13bea424a5f6e1a5,27.55102040816326,72.44897959183675,0,27.55102040816326,72.44897959183675
base,5455_s42,5455,42,MERGED50_143fd4b2ee48536b,14.193548387096774,85.80645161290323,0,14.193548387096774,85.80645161290323
base,5460_s42,5460,42,MERGED50_147c853898014120,65.21739130434783,34.78260869565217,0,65.21739130434783,34.78260869565217
base,5461_s42,5461,42,MERGED50_147d2013d65fc512,16.071428571428573,83.92857142857143,0,16.071428571428573,83.92857142857143
base,5463_s42,5463,42,MERGED50_147fd6b01d85a456,19.17808219178082,80.82191780821918,0,19.17808219178082,80.82191780821918
base,5464_s42,5464,42,MERGED50_14801d20b7ddca47,16.176470588235293,83.82352941176471,0,16.176470588235293,83.82352941176471
base,5496_s42,5496,42,MERGED50_15f124865ab1bdde,22.36842105263158,77.63157894736842,0,22.36842105263158,77.63157894736842
base,5543_s42,5543,42,MERGED50_17b9fadb9ce7a553,18.461538461538463,81.53846153846153,0,18.461538461538463,81.53846153846153
base,5545_s42,5545,42,MERGED50_17cc67d2a7cdcd32,20.588235294117645,79.41176470588235,0,20.588235294117645,79.41176470588235
base,5550_s42,5550,42,MERGED50_17f7da5b4fd6edbd,51.92307692307693,48.07692307692307,0,51.92307692307693,48.07692307692307
base,5594_s42,5594,42,MERGED50_19d1d1e7a0e2637f,18.497109826589593,81.5028901734104,0,18.497109826589593,81.5028901734104
base,5604_s42,5604,42,MERGED50_1a871ed70368ae12,15.517241379310345,84.48275862068965,0,15.517241379310345,84.48275862068965
base,5605_s42,5605,42,MERGED50_1a876c5efeac5087,20.930232558139537,79.06976744186046,0,20.930232558139537,79.06976744186046
base,5633_s42,5633,42,MERGED50_1c30005406d38112,30.88235294117647,69.11764705882354,0,30.88235294117647,69.11764705882354
base,5641_s42,5641,42,MERGED50_1c74737af57a3b41,17.80821917808219,82.1917808219178,0,17.80821917808219,82.1917808219178
base,5653_s42,5653,42,MERGED50_1d0a2e0cfd4a49ed,20.0,80.0,0,20.0,80.0
base,5669_s42,5669,42,MERGED50_1d8b828b93987a54,28.735632183908045,71.26436781609195,0,28.735632183908045,71.26436781609195
base,5674_s42,5674,42,MERGED50_1dca57cac228f5ba,17.17171717171717,82.82828282828282,0,17.17171717171717,82.82828282828282
base,5697_s42,5697,42,MERGED50_1e8cd1176472ec23,16.666666666666664,83.33333333333334,0,16.666666666666664,83.33333333333334
base,5705_s42,5705,42,MERGED50_1f0319b34770bb4e,17.857142857142858,82.14285714285714,0,17.857142857142858,82.14285714285714
base,5711_s42,5711,42,MERGED50_1f5b82705668d318,27.607361963190186,72.39263803680981,0,27.607361963190186,72.39263803680981
base,5713_s42,5713,42,MERGED50_1f69c38cc82badcf,71.69811320754717,28.301886792452834,0,71.69811320754717,28.301886792452834
base,5714_s42,5714,42,MERGED50_1f72254b20f2bfd1,15.384615384615385,84.61538461538461,0,15.384615384615385,84.61538461538461
base,5717_s42,5717,42,MERGED50_1f774c939473b487,16.091954022988507,83.9080459770115,0,16.091954022988507,83.9080459770115
base,5720_s42,5720,42,MERGED50_1f91ad6122624770,15.104166666666666,84.89583333333333,0,15.104166666666666,84.89583333333333
base,5750_s42,5750,42,MERGED50_20eadc13a183a77b,16.94915254237288,83.05084745762713,0,16.94915254237288,83.05084745762713
base,5755_s42,5755,42,MERGED50_21522a91acb8d5b4,16.94915254237288,83.05084745762713,0,16.94915254237288,83.05084745762713
base,5821_s42,5821,42,MERGED50_23bacdc8fa9679cf,14.285714285714285,85.71428571428572,0,14.285714285714285,85.71428571428572
base,5826_s42,5826,42,MERGED50_2406f5f5cee4d0e3,40.38461538461539,59.61538461538461,0,40.38461538461539,59.61538461538461
base,5827_s42,5827,42,MERGED50_241513ee4f2a5141,17.741935483870968,82.25806451612902,0,17.741935483870968,82.25806451612902
base,5842_s42,5842,42,MERGED50_24bd4658575e2d5f,28.8135593220339,71.1864406779661,0,28.8135593220339,71.1864406779661
base,5843_s42,5843,42,MERGED50_24c7a53a67519e41,23.943661971830984,76.05633802816902,0,23.943661971830984,76.05633802816902
base,5844_s42,5844,42,MERGED50_24cfd77c882e4386,16.176470588235293,83.82352941176471,0,16.176470588235293,83.82352941176471
base,5865_s42,5865,42,MERGED50_2585ac52fd7648cb,20.0,80.0,0,20.0,80.0
base,5873_s42,5873,42,MERGED50_25ec6356e1075dd9,17.045454545454543,82.95454545454545,0,17.045454545454543,82.95454545454545
base,5874_s42,5874,42,MERGED50_25fb5ac1b1f5982d,14.925373134328357,85.07462686567165,0,14.925373134328357,85.07462686567165
base,5876_s42,5876,42,MERGED50_261269a44bdb5e4e,21.052631578947366,78.94736842105263,0,21.052631578947366,78.94736842105263
base,5877_s42,5877,42,MERGED50_26245ee18911017f,18.181818181818183,81.81818181818181,0,18.181818181818183,81.81818181818181
base,5904_s42,5904,42,MERGED50_275d875a20c2086e,34.177215189873415,65.82278481012659,0,34.177215189873415,65.82278481012659
base,5937_s42,5937,42,MERGED50_28cc2c2954f1f9af,15.966386554621847,84.03361344537815,0,15.966386554621847,84.03361344537815
base,5963_s42,5963,42,MERGED50_29b73def492c9f44,28.846153846153843,71.15384615384616,0,28.846153846153843,71.15384615384616
base,5965_s42,5965,42,MERGED50_29dec82371754969,16.071428571428573,83.92857142857143,0,16.071428571428573,83.92857142857143
base,5966_s42,5966,42,MERGED50_29e894be39de3ccc,19.718309859154928,80.28169014084507,0,19.718309859154928,80.28169014084507
base,5967_s42,5967,42,MERGED50_29f3849fa5c83b6b,29.411764705882355,70.58823529411765,0,29.411764705882355,70.58823529411765
base,5988_s42,5988,42,MERGED50_2ac5902fdbf7595a,14.666666666666666,85.33333333333333,0,14.666666666666666,85.33333333333333
base,5991_s42,5991,42,MERGED50_2af00ba0a63b54c7,19.270833333333336,80.72916666666666,0,19.270833333333336,80.72916666666666
base,6013_s42,6013,42,MERGED50_2bf87492134fc0dc,25.882352941176475,74.11764705882352,0,25.882352941176475,74.11764705882352
base,6030_s42,6030,42,MERGED50_2ca9303b4c59fbe3,18.461538461538463,81.53846153846153,0,18.461538461538463,81.53846153846153
base,6037_s42,6037,42,MERGED50_2d02571f78bd5b1f,17.391304347826086,82.6086956521739,0,17.391304347826086,82.6086956521739
base,6038_s42,6038,42,MERGED50_2d082ed9eda7ac7c,15.0,85.0,0,15.0,85.0
base,6075_s42,6075,42,MERGED50_2edca9e118ffb9d8,21.21212121212121,78.78787878787878,0,21.21212121212121,78.78787878787878
base,6080_s42,6080,42,MERGED50_2f3e2ccaa26b49c8,16.853932584269664,83.14606741573033,0,16.853932584269664,83.14606741573033
base,6086_s42,6086,42,MERGED50_2f886770df068b4e,21.808510638297875,78.19148936170212,0,21.808510638297875,78.19148936170212
base,6087_s42,6087,42,MERGED50_2f9586f2a5b11d8a,17.727272727272727,82.27272727272728,0,17.727272727272727,82.27272727272728
base,6103_s42,6103,42,MERGED50_30bfcb889780830f,15.254237288135593,84.7457627118644,0,15.254237288135593,84.7457627118644
base,6104_s42,6104,42,MERGED50_30c34d730d4ccf94,25.71428571428571,74.28571428571429,0,25.71428571428571,74.28571428571429
base,6116_s42,6116,42,MERGED50_313ca9ab59e17c8f,60.73619631901841,39.26380368098159,0,60.73619631901841,39.26380368098159
base,6181_s42,6181,42,MERGED50_33e35be905d9378c,15.384615384615385,84.61538461538461,0,15.384615384615385,84.61538461538461
base,6182_s42,6182,42,MERGED50_33e51a073473041f,18.823529411764707,81.17647058823529,0,18.823529411764707,81.17647058823529
base,6193_s42,6193,42,MERGED50_3474136b0bf6193e,19.886363636363637,80.11363636363636,0,19.886363636363637,80.11363636363636
base,6194_s42,6194,42,MERGED50_347cd78b861b17af,26.785714285714285,73.21428571428572,0,26.785714285714285,73.21428571428572
base,6204_s42,6204,42,MERGED50_3503dae89ca3dfce,15.0,85.0,0,15.0,85.0
base,6207_s42,6207,42,MERGED50_35122db13fdb8b07,18.84057971014493,81.15942028985506,0,18.84057971014493,81.15942028985506
base,6209_s42,6209,42,MERGED50_3520584afc8a33ad,18.30065359477124,81.69934640522877,0,18.30065359477124,81.69934640522877
base,6212_s42,6212,42,MERGED50_353562fb552e0292,18.96551724137931,81.0344827586207,0,18.96551724137931,81.0344827586207
base,6214_s42,6214,42,MERGED50_35410a764aa25a8b,36.231884057971016,63.768115942028984,0,36.231884057971016,63.768115942028984
base,6231_s42,6231,42,MERGED50_362608d0e96165c5,15.384615384615385,84.61538461538461,0,15.384615384615385,84.61538461538461
base,6264_s42,6264,42,MERGED50_37e7309400ab7fbf,18.91891891891892,81.08108108108108,0,18.91891891891892,81.08108108108108
base,6273_s42,6273,42,MERGED50_38192c92ace9c2b2,38.70967741935484,61.29032258064516,0,38.70967741935484,61.29032258064516
base,6310_s42,6310,42,MERGED50_3a48efc48adf6791,14.361702127659576,85.63829787234042,0,14.361702127659576,85.63829787234042
base,6322_s42,6322,42,MERGED50_3aee623fb946d49c,13.953488372093023,86.04651162790698,0,13.953488372093023,86.04651162790698
base,6324_s42,6324,42,MERGED50_3af9c2daf4a97a07,15.625,84.375,0,15.625,84.375
base,6335_s42,6335,42,MERGED50_3b8bb8db14e2c466,17.1875,82.8125,0,17.1875,82.8125
base,6355_s42,6355,42,MERGED50_3c864b0b094bc09e,13.725490196078432,86.27450980392157,0,13.725490196078432,86.27450980392157
base,6380_s42,6380,42,MERGED50_3db50175a26d1f53,18.181818181818183,81.81818181818181,0,18.181818181818183,81.81818181818181
base,6388_s42,6388,42,MERGED50_3e0f29729006fdc8,21.153846153846153,78.84615384615384,0,21.153846153846153,78.84615384615384
base,6394_s42,6394,42,MERGED50_3e31db176008bf4f,16.94915254237288,83.05084745762713,0,16.94915254237288,83.05084745762713
base,6413_s42,6413,42,MERGED50_3f23cbc1acbf3202,13.698630136986301,86.3013698630137,0,13.698630136986301,86.3013698630137
base,6422_s42,6422,42,MERGED50_3fc4275573c5146c,16.25,83.75,0,16.25,83.75
base,6431_s42,6431,42,MERGED50_406189f9b8104f91,53.333333333333336,46.666666666666664,0,53.333333333333336,46.666666666666664
base,6442_s42,6442,42,MERGED50_40fdd5d893e97c5a,19.298245614035086,80.70175438596492,0,19.298245614035086,80.70175438596492
base,6468_s42,6468,42,MERGED50_424da7730788ae77,31.932773109243694,68.0672268907563,0,31.932773109243694,68.0672268907563
base,6473_s42,6473,42,MERGED50_42a2fac0542f7e06,16.666666666666664,83.33333333333334,0,16.666666666666664,83.33333333333334
base,6474_s42,6474,42,MERGED50_42a55d455ae1cf3c,16.666666666666664,83.33333333333334,0,16.666666666666664,83.33333333333334
base,6482_s42,6482,42,MERGED50_42e695e93eac8e17,44.230769230769226,55.769230769230774,0,44.230769230769226,55.769230769230774
base,6488_s42,6488,42,MERGED50_42fccac0c21ef9ac,14.516129032258066,85.48387096774194,0,14.516129032258066,85.48387096774194
base,6506_s42,6506,42,MERGED50_43ccc70d8f307649,18.333333333333332,81.66666666666667,0,18.333333333333332,81.66666666666667
base,6514_s42,6514,42,MERGED50_4418dd3863583116,18.64406779661017,81.35593220338983,0,18.64406779661017,81.35593220338983
base,6520_s42,6520,42,MERGED50_445790f1b653abfb,18.68686868686869,81.31313131313131,0,18.68686868686869,81.31313131313131
base,6525_s42,6525,42,MERGED50_449a20f91c933e1f,27.11864406779661,72.88135593220339,0,27.11864406779661,72.88135593220339
base,6539_s42,6539,42,MERGED50_45027739af12f05f,16.216216216216218,83.78378378378378,0,16.216216216216218,83.78378378378378
base,6553_s42,6553,42,MERGED50_45a6672b71c24464,14.953271028037381,85.04672897196262,0,14.953271028037381,85.04672897196262
base,6562_s42,6562,42,MERGED50_4630aadbf92ba041,35.294117647058826,64.70588235294117,0,35.294117647058826,64.70588235294117
base,6591_s42,6591,42,MERGED50_47d6ad19027377fc,26.923076923076923,73.07692307692308,0,26.923076923076923,73.07692307692308
base,6612_s42,6612,42,MERGED50_48d5cb95348a563c,22.82608695652174,77.17391304347827,0,22.82608695652174,77.17391304347827
base,6620_s42,6620,42,MERGED50_48f847157815479d,23.853211009174313,76.14678899082568,0,23.853211009174313,76.14678899082568
base,6629_s42,6629,42,MERGED50_4945f493e4a8fba9,21.11111111111111,78.88888888888889,0,21.11111111111111,78.88888888888889
base,6642_s42,6642,42,MERGED50_49c30e1f114f8f32,56.470588235294116,43.529411764705884,0,56.470588235294116,43.529411764705884
base,6649_s42,6649,42,MERGED50_4a15fafd501860ab,18.27956989247312,81.72043010752688,0,18.27956989247312,81.72043010752688
base,6652_s42,6652,42,MERGED50_4a6d34cdbd9b0264,23.170731707317074,76.82926829268293,0,23.170731707317074,76.82926829268293
base,6665_s42,6665,42,MERGED50_4b22e024e8c209ad,23.076923076923077,76.92307692307692,0,23.076923076923077,76.92307692307692
base,6666_s42,6666,42,MERGED50_4b2375a288029e4f,18.30985915492958,81.69014084507042,0,18.30985915492958,81.69014084507042
base,6673_s42,6673,42,MERGED50_4b623b2300f207ed,20.408163265306122,79.59183673469389,0,20.408163265306122,79.59183673469389
base,6676_s42,6676,42,MERGED50_4b84e2abf6d565e2,16.94915254237288,83.05084745762713,0,16.94915254237288,83.05084745762713
base,6689_s42,6689,42,MERGED50_4c0e7b28838a602e,19.708029197080293,80.2919708029197,0,19.708029197080293,80.2919708029197
base,6723_s42,6723,42,MERGED50_4d7d24b19f3a3629,15.873015873015872,84.12698412698413,0,15.873015873015872,84.12698412698413
base,6743_s42,6743,42,MERGED50_4ea6a62082f36318,15.068493150684931,84.93150684931507,0,15.068493150684931,84.93150684931507
base,6745_s42,6745,42,MERGED50_4eb1f8533467fad1,28.235294117647058,71.76470588235294,0,28.235294117647058,71.76470588235294
base,6766_s42,6766,42,MERGED50_4fb0d99db340f941,32.35294117647059,67.64705882352942,0,32.35294117647059,67.64705882352942
base,6770_s42,6770,42,MERGED50_502f987829931ca6,59.13978494623656,40.86021505376344,0,59.13978494623656,40.86021505376344
base,6803_s42,6803,42,MERGED50_51f742b8a67d12cd,16.27906976744186,83.72093023255815,0,16.27906976744186,83.72093023255815
base,6819_s42,6819,42,MERGED50_52b7b17881927c93,33.33333333333333,66.66666666666667,0,33.33333333333333,66.66666666666667
base,6837_s42,6837,42,MERGED50_53b7bd02baf2cc90,19.491525423728813,80.50847457627118,0,19.491525423728813,80.50847457627118
base,6849_s42,6849,42,MERGED50_540cd867937420f9,32.35294117647059,67.64705882352942,0,32.35294117647059,67.64705882352942
base,6855_s42,6855,42,MERGED50_547c588dfc5a3a81,42.35294117647059,57.64705882352941,0,42.35294117647059,57.64705882352941
base,6880_s42,6880,42,MERGED50_5570b1208b43496e,13.846153846153847,86.15384615384616,0,13.846153846153847,86.15384615384616
base,6895_s42,6895,42,MERGED50_56378e4b0fd3b846,19.19191919191919,80.8080808080808,0,19.19191919191919,80.8080808080808
base,6898_s42,6898,42,MERGED50_565ea2dd8f94565e,21.153846153846153,78.84615384615384,0,21.153846153846153,78.84615384615384
base,6903_s42,6903,42,MERGED50_56852301d26697d3,24.404761904761905,75.5952380952381,0,24.404761904761905,75.5952380952381
base,6908_s42,6908,42,MERGED50_56bfd61144d2abb2,17.333333333333336,82.66666666666666,0,17.333333333333336,82.66666666666666
base,6951_s42,6951,42,MERGED50_59114f30f3d097ae,21.296296296296298,78.7037037037037,0,21.296296296296298,78.7037037037037
base,6953_s42,6953,42,MERGED50_5924e83f975f76be,31.76470588235294,68.23529411764706,0,31.76470588235294,68.23529411764706
base,6954_s42,6954,42,MERGED50_5929ffb9c60a4412,13.953488372093023,86.04651162790698,0,13.953488372093023,86.04651162790698
base,6963_s42,6963,42,MERGED50_599e6e55f940e1ce,18.181818181818183,81.81818181818181,0,18.181818181818183,81.81818181818181
base,6975_s42,6975,42,MERGED50_5a380ea2c0115c7d,34.61538461538461,65.38461538461539,0,34.61538461538461,65.38461538461539
base,6978_s42,6978,42,MERGED50_5a48ae31dc66492a,16.25,83.75,0,16.25,83.75
base,7001_s42,7001,42,MERGED50_5b49db4343a21100,16.94915254237288,83.05084745762713,0,16.94915254237288,83.05084745762713
base,7003_s42,7003,42,MERGED50_5b5708e1f2afd667,21.59090909090909,78.4090909090909,0,21.59090909090909,78.4090909090909
base,7027_s42,7027,42,MERGED50_5c933189d3e164a0,16.455696202531644,83.54430379746836,0,16.455696202531644,83.54430379746836
base,7040_s42,7040,42,MERGED50_5d3d09336641f19d,34.61538461538461,65.38461538461539,0,34.61538461538461,65.38461538461539
base,7044_s42,7044,42,MERGED50_5d5f19f626fc706e,25.0,75.0,0,25.0,75.0
base,7048_s42,7048,42,MERGED50_5daa2035440006a5,21.568627450980394,78.43137254901961,0,21.568627450980394,78.43137254901961
base,7050_s42,7050,42,MERGED50_5dc5453d8984c5c4,19.631901840490798,80.3680981595092,0,19.631901840490798,80.3680981595092
base,7065_s42,7065,42,MERGED50_5ed18bdf49919fa5,15.625,84.375,0,15.625,84.375
base,7070_s42,7070,42,MERGED50_5ed9ed1beea0f58f,16.666666666666664,83.33333333333334,0,16.666666666666664,83.33333333333334
base,7071_s42,7071,42,MERGED50_5eee18b240a0f0a7,25.0,75.0,0,25.0,75.0
base,7095_s42,7095,42,MERGED50_602d43cdb00455f8,21.12676056338028,78.87323943661971,0,21.12676056338028,78.87323943661971
base,7097_s42,7097,42,MERGED50_6045ba847e8f846b,14.705882352941178,85.29411764705883,0,14.705882352941178,85.29411764705883
base,7122_s42,7122,42,MERGED50_617bb484c96256b2,40.38461538461539,59.61538461538461,0,40.38461538461539,59.61538461538461
base,7133_s42,7133,42,MERGED50_6217b8cd30fde9df,18.823529411764707,81.17647058823529,0,18.823529411764707,81.17647058823529
base,7135_s42,7135,42,MERGED50_6233950c887b15a7,25.0,75.0,0,25.0,75.0
base,7150_s42,7150,42,MERGED50_62987481b2dadf06,22.82608695652174,77.17391304347827,0,22.82608695652174,77.17391304347827
base,7152_s42,7152,42,MERGED50_62a357caa46df845,19.230769230769234,80.76923076923077,0,19.230769230769234,80.76923076923077
base,7160_s42,7160,42,MERGED50_6327114bd07f720f,16.923076923076923,83.07692307692308,0,16.923076923076923,83.07692307692308
base,7168_s42,7168,42,MERGED50_6395254a5bd5dd2c,15.384615384615385,84.61538461538461,0,15.384615384615385,84.61538461538461
base,7183_s42,7183,42,MERGED50_64705ba38e0b51dc,17.24137931034483,82.75862068965517,0,17.24137931034483,82.75862068965517
base,7195_s42,7195,42,MERGED50_650351c2cd5cf77e,38.912133891213394,61.087866108786606,0,38.912133891213394,61.087866108786606
base,7197_s42,7197,42,MERGED50_653ec4763eb412a1,20.37037037037037,79.62962962962963,0,20.37037037037037,79.62962962962963
base,7217_s42,7217,42,MERGED50_667588968c252136,22.5,77.5,0,22.5,77.5
base,7231_s42,7231,42,MERGED50_670837b20e477e02,32.94117647058823,67.05882352941177,0,32.94117647058823,67.05882352941177
base,7245_s42,7245,42,MERGED50_67e3868529881018,15.929203539823009,84.070796460177,0,15.929203539823009,84.070796460177
base,7251_s42,7251,42,MERGED50_68107caeadec6b78,17.333333333333336,82.66666666666666,0,17.333333333333336,82.66666666666666
base,7264_s42,7264,42,MERGED50_687d778af8239675,16.923076923076923,83.07692307692308,0,16.923076923076923,83.07692307692308
base,7266_s42,7266,42,MERGED50_688a4dcbcc054990,17.708333333333336,82.29166666666666,0,17.708333333333336,82.29166666666666
base,7271_s42,7271,42,MERGED50_68adbd18b7bdddc3,16.666666666666664,83.33333333333334,0,16.666666666666664,83.33333333333334
base,7278_s42,7278,42,MERGED50_68e4391f76a4dbba,18.181818181818183,81.81818181818181,0,18.181818181818183,81.81818181818181
base,7281_s42,7281,42,MERGED50_691bacb9ea513afd,15.53398058252427,84.46601941747574,0,15.53398058252427,84.46601941747574
base,7285_s42,7285,42,MERGED50_693c7383e2ed59d2,16.822429906542055,83.17757009345794,0,16.822429906542055,83.17757009345794
base,7290_s42,7290,42,MERGED50_69bc4be0ac8090b0,30.76923076923077,69.23076923076923,0,30.76923076923077,69.23076923076923
base,7362_s42,7362,42,MERGED50_6ceed98535a68f5a,15.384615384615385,84.61538461538461,0,15.384615384615385,84.61538461538461
base,7373_s42,7373,42,MERGED50_6dc87f44a6391753,15.068493150684931,84.93150684931507,0,15.068493150684931,84.93150684931507
base,7420_s42,7420,42,MERGED50_6fddf71bc6160f79,17.24137931034483,82.75862068965517,0,17.24137931034483,82.75862068965517
base,7444_s42,7444,42,MERGED50_70c22da27e20837f,16.666666666666664,83.33333333333334,0,16.666666666666664,83.33333333333334
base,7463_s42,7463,42,MERGED50_71a1363a3456661b,12.925170068027212,87.07482993197279,0,12.925170068027212,87.07482993197279
base,7467_s42,7467,42,MERGED50_71e3a68e00110edb,15.254237288135593,84.7457627118644,0,15.254237288135593,84.7457627118644
base,7468_s42,7468,42,MERGED50_71ed034ebd45def7,15.18987341772152,84.81012658227849,0,15.18987341772152,84.81012658227849
base,7484_s42,7484,42,MERGED50_72fb0801591bf5f6,16.25,83.75,0,16.25,83.75
base,7492_s42,7492,42,MERGED50_738592fe12ebcde7,23.076923076923077,76.92307692307692,0,23.076923076923077,76.92307692307692
base,7524_s42,7524,42,MERGED50_757bc35b61884136,17.333333333333336,82.66666666666666,0,17.333333333333336,82.66666666666666
base,7533_s42,7533,42,MERGED50_76101e0935b3e9dc,18.88888888888889,81.11111111111111,0,18.88888888888889,81.11111111111111
base,7535_s42,7535,42,MERGED50_7631dcb152249a13,15.789473684210526,84.21052631578948,0,15.789473684210526,84.21052631578948
base,7537_s42,7537,42,MERGED50_76450eb06c0e04de,22.033898305084744,77.96610169491525,0,22.033898305084744,77.96610169491525
base,7601_s42,7601,42,MERGED50_792761051a6a7016,30.76923076923077,69.23076923076923,0,30.76923076923077,69.23076923076923
base,7604_s42,7604,42,MERGED50_796058c50cdd798b,19.51219512195122,80.48780487804878,0,19.51219512195122,80.48780487804878
base,7617_s42,7617,42,MERGED50_7a27fb29c8fc28f4,30.88235294117647,69.11764705882354,0,30.88235294117647,69.11764705882354
base,7636_s42,7636,42,MERGED50_7ae8117e5c09f5d5,47.31182795698925,52.68817204301075,0,47.31182795698925,52.68817204301075
base,7642_s42,7642,42,MERGED50_7b215ecb59372f4f,22.35294117647059,77.6470588235294,0,22.35294117647059,77.6470588235294
base,7663_s42,7663,42,MERGED50_7c264343daf69541,18.64406779661017,81.35593220338983,0,18.64406779661017,81.35593220338983
base,7675_s42,7675,42,MERGED50_7cd35cd8469747a8,17.59259259259259,82.4074074074074,0,17.59259259259259,82.4074074074074
base,7697_s42,7697,42,MERGED50_7e1088e5dd6400c0,18.181818181818183,81.81818181818181,0,18.181818181818183,81.81818181818181
base,7699_s42,7699,42,MERGED50_7e1e8b4f51632d8a,17.28395061728395,82.71604938271605,0,17.28395061728395,82.71604938271605
base,7703_s42,7703,42,MERGED50_7e64d80f4c1965e8,15.602836879432624,84.39716312056737,0,15.602836879432624,84.39716312056737
base,7718_s42,7718,42,MERGED50_7f0b1833a7c62c70,18.26086956521739,81.73913043478261,0,18.26086956521739,81.73913043478261
base,7744_s42,7744,42,MERGED50_807af3a929116495,15.625,84.375,0,15.625,84.375
base,7756_s42,7756,42,MERGED50_81660d5bbb003085,23.333333333333332,76.66666666666667,0,23.333333333333332,76.66666666666667
base,7762_s42,7762,42,MERGED50_81b111db32052843,18.666666666666668,81.33333333333333,0,18.666666666666668,81.33333333333333
base,7764_s42,7764,42,MERGED50_81d552e81785d800,39.263803680981596,60.736196319018404,0,39.263803680981596,60.736196319018404
base,7770_s42,7770,42,MERGED50_820af6778d4c0366,15.384615384615385,84.61538461538461,0,15.384615384615385,84.61538461538461
base,7778_s42,7778,42,MERGED50_8282e6286e5c3eed,19.736842105263158,80.26315789473685,0,19.736842105263158,80.26315789473685
base,7809_s42,7809,42,MERGED50_83e23b10dbd3a1f3,19.696969696969695,80.30303030303031,0,19.696969696969695,80.30303030303031
base,7820_s42,7820,42,MERGED50_8463230c021d95d3,17.92452830188679,82.0754716981132,0,17.92452830188679,82.0754716981132
base,7826_s42,7826,42,MERGED50_84b277248a067373,19.727891156462583,80.27210884353741,0,19.727891156462583,80.27210884353741
base,7836_s42,7836,42,MERGED50_853adea422a44ba5,46.15384615384615,53.84615384615385,0,46.15384615384615,53.84615384615385
base,7869_s42,7869,42,MERGED50_86ae169b7b52fcd1,19.51219512195122,80.48780487804878,0,19.51219512195122,80.48780487804878
base,7881_s42,7881,42,MERGED50_87094864b44257cd,15.04424778761062,84.95575221238938,0,15.04424778761062,84.95575221238938
base,7889_s42,7889,42,MERGED50_8768884a0bfc7e30,19.736842105263158,80.26315789473685,0,19.736842105263158,80.26315789473685
base,7919_s42,7919,42,MERGED50_89383972ddbd216a,16.216216216216218,83.78378378378378,0,16.216216216216218,83.78378378378378
base,7921_s42,7921,42,MERGED50_894a7d82b06c2831,20.33898305084746,79.66101694915254,0,20.33898305084746,79.66101694915254
base,7963_s42,7963,42,MERGED50_8afe67123d8d710b,16.417910447761194,83.58208955223881,0,16.417910447761194,83.58208955223881
base,7970_s42,7970,42,MERGED50_8b2b0addede766ea,27.11864406779661,72.88135593220339,0,27.11864406779661,72.88135593220339
base,7978_s42,7978,42,MERGED50_8b9ead7c98bfbcdc,14.925373134328357,85.07462686567165,0,14.925373134328357,85.07462686567165
base,8004_s42,8004,42,MERGED50_8d0cde9700bb9d80,18.478260869565215,81.52173913043478,0,18.478260869565215,81.52173913043478
base,8013_s42,8013,42,MERGED50_8db6ec1218a81b50,16.304347826086957,83.69565217391305,0,16.304347826086957,83.69565217391305
base,8031_s42,8031,42,MERGED50_8e8250e4f4eac3cf,18.75,81.25,0,18.75,81.25
base,8052_s42,8052,42,MERGED50_8fe3812776a8f0c2,22.033898305084744,77.96610169491525,0,22.033898305084744,77.96610169491525
base,8074_s42,8074,42,MERGED50_913f3e7d0e904399,14.432989690721648,85.56701030927834,0,14.432989690721648,85.56701030927834
base,8080_s42,8080,42,MERGED50_91a52be43566572f,55.952380952380956,44.047619047619044,0,55.952380952380956,44.047619047619044
base,8098_s42,8098,42,MERGED50_92bca6b9cbd3178f,21.052631578947366,78.94736842105263,0,21.052631578947366,78.94736842105263
base,8101_s42,8101,42,MERGED50_92dbf8199154c75c,15.333333333333332,84.66666666666667,0,15.333333333333332,84.66666666666667
base,8135_s42,8135,42,MERGED50_95109eb655c7b38d,14.5985401459854,85.4014598540146,0,14.5985401459854,85.4014598540146
base,8142_s42,8142,42,MERGED50_955b91b268c974aa,59.13978494623656,40.86021505376344,0,59.13978494623656,40.86021505376344
base,8183_s42,8183,42,MERGED50_97eea6d24965e0f3,17.142857142857142,82.85714285714286,0,17.142857142857142,82.85714285714286
base,8221_s42,8221,42,MERGED50_9a1bf0d71b788b9b,17.80821917808219,82.1917808219178,0,17.80821917808219,82.1917808219178
base,8223_s42,8223,42,MERGED50_9a448a7728042d21,29.268292682926827,70.73170731707317,0,29.268292682926827,70.73170731707317
base,8254_s42,8254,42,MERGED50_9bfed2b441cce599,15.789473684210526,84.21052631578948,0,15.789473684210526,84.21052631578948
base,8264_s42,8264,42,MERGED50_9ca8e6b4eeb622c6,29.411764705882355,70.58823529411765,0,29.411764705882355,70.58823529411765
base,8331_s42,8331,42,MERGED50_a051dcf0f9fab1c9,15.384615384615385,84.61538461538461,0,15.384615384615385,84.61538461538461
base,8352_s42,8352,42,MERGED50_a18cfcc082ea880e,20.967741935483872,79.03225806451613,0,20.967741935483872,79.03225806451613
base,8362_s42,8362,42,MERGED50_a1efcdd0378689ba,17.105263157894736,82.89473684210526,0,17.105263157894736,82.89473684210526
base,8392_s42,8392,42,MERGED50_a3497c1ad265182a,42.42424242424242,57.57575757575758,0,42.42424242424242,57.57575757575758
base,8394_s42,8394,42,MERGED50_a355c8c9a89a7d47,15.625,84.375,0,15.625,84.375
base,8419_s42,8419,42,MERGED50_a4ae209f73527935,17.142857142857142,82.85714285714286,0,17.142857142857142,82.85714285714286
base,8426_s42,8426,42,MERGED50_a4fdcf76b2258dda,20.28985507246377,79.71014492753623,0,20.28985507246377,79.71014492753623
base,8438_s42,8438,42,MERGED50_a5d1f4859fe708c9,16.923076923076923,83.07692307692308,0,16.923076923076923,83.07692307692308
base,8440_s42,8440,42,MERGED50_a5f91fce1b37a666,21.73913043478261,78.26086956521739,0,21.73913043478261,78.26086956521739
base,8478_s42,8478,42,MERGED50_a7feed9247259c87,60.29411764705882,39.70588235294118,0,60.29411764705882,39.70588235294118
base,8508_s42,8508,42,MERGED50_a9b948fe856ca247,14.492753623188406,85.5072463768116,0,14.492753623188406,85.5072463768116
base,8511_s42,8511,42,MERGED50_a9f80a7379d0f7da,15.217391304347828,84.78260869565217,0,15.217391304347828,84.78260869565217
base,8516_s42,8516,42,MERGED50_aa344f33ace3be05,17.73049645390071,82.26950354609929,0,17.73049645390071,82.26950354609929
base,8546_s42,8546,42,MERGED50_abd0a692e32fbdf1,15.463917525773196,84.5360824742268,0,15.463917525773196,84.5360824742268
base,8564_s42,8564,42,MERGED50_acdefa8bd992b916,23.703703703703706,76.29629629629629,0,23.703703703703706,76.29629629629629
base,8588_s42,8588,42,MERGED50_adc671cb4ae7d186,16.923076923076923,83.07692307692308,0,16.923076923076923,83.07692307692308
base,8597_s42,8597,42,MERGED50_ae165094ff8651d8,17.431192660550458,82.56880733944953,0,17.431192660550458,82.56880733944953
base,8632_s42,8632,42,MERGED50_b00b701c8f32ad16,15.217391304347828,84.78260869565217,0,15.217391304347828,84.78260869565217
base,8659_s42,8659,42,MERGED50_b18dab0af958cfaf,22.79202279202279,77.20797720797721,0,22.79202279202279,77.20797720797721
base,8664_s42,8664,42,MERGED50_b2040b146ebdabc6,14.473684210526317,85.52631578947368,0,14.473684210526317,85.52631578947368
base,8665_s42,8665,42,MERGED50_b212850ac5de770b,30.76923076923077,69.23076923076923,0,30.76923076923077,69.23076923076923
base,8669_s42,8669,42,MERGED50_b229d1eacbfd10b6,22.35294117647059,77.6470588235294,0,22.35294117647059,77.6470588235294
base,8694_s42,8694,42,MERGED50_b3a497d1d26020d6,21.12676056338028,78.87323943661971,0,21.12676056338028,78.87323943661971
base,8695_s42,8695,42,MERGED50_b3a4cfe045fd9989,32.3943661971831,67.6056338028169,0,32.3943661971831,67.6056338028169
base,8698_s42,8698,42,MERGED50_b3bb65adfff9daf2,14.529914529914532,85.47008547008546,0,14.529914529914532,85.47008547008546
base,8700_s42,8700,42,MERGED50_b3f321e22f11cc82,16.43835616438356,83.56164383561644,0,16.43835616438356,83.56164383561644
base,8736_s42,8736,42,MERGED50_b65df610d68c155a,15.384615384615385,84.61538461538461,0,15.384615384615385,84.61538461538461
base,8741_s42,8741,42,MERGED50_b68c819689991a27,18.461538461538463,81.53846153846153,0,18.461538461538463,81.53846153846153
base,8744_s42,8744,42,MERGED50_b6c816da2427cc90,22.443181818181817,77.55681818181819,0,22.443181818181817,77.55681818181819
base,8766_s42,8766,42,MERGED50_b7f531bb4562b6f2,15.873015873015872,84.12698412698413,0,15.873015873015872,84.12698412698413
base,8779_s42,8779,42,MERGED50_b88dc71c6f194efe,17.525773195876287,82.47422680412372,0,17.525773195876287,82.47422680412372
base,8789_s42,8789,42,MERGED50_b8f528c570ea3221,17.829457364341085,82.17054263565892,0,17.829457364341085,82.17054263565892
base,8797_s42,8797,42,MERGED50_b982b3f10d07a74c,36.3013698630137,63.6986301369863,0,36.3013698630137,63.6986301369863
base,8798_s42,8798,42,MERGED50_b997d79f0089e50e,16.923076923076923,83.07692307692308,0,16.923076923076923,83.07692307692308
base,8801_s42,8801,42,MERGED50_b9d3d77689ac3e1d,16.363636363636363,83.63636363636364,0,16.363636363636363,83.63636363636364
base,8814_s42,8814,42,MERGED50_baba6c2d80cf30c9,15.517241379310345,84.48275862068965,0,15.517241379310345,84.48275862068965
base,8834_s42,8834,42,MERGED50_bba3f551db7bd43f,15.789473684210526,84.21052631578948,0,15.789473684210526,84.21052631578948
base,8835_s42,8835,42,MERGED50_bba8cc2d5bd0c168,17.59259259259259,82.4074074074074,0,17.59259259259259,82.4074074074074
base,8871_s42,8871,42,MERGED50_be49b65299ff58dd,25.0,75.0,0,25.0,75.0
base,8873_s42,8873,42,MERGED50_be5633b63643cb1f,23.076923076923077,76.92307692307692,0,23.076923076923077,76.92307692307692
base,8905_s42,8905,42,MERGED50_bfd95b10d1db27b9,17.94871794871795,82.05128205128204,0,17.94871794871795,82.05128205128204
base,8910_s42,8910,42,MERGED50_c02074ae8af28040,15.730337078651685,84.26966292134831,0,15.730337078651685,84.26966292134831
base,8930_s42,8930,42,MERGED50_c16cf7f3af0975de,21.052631578947366,78.94736842105263,0,21.052631578947366,78.94736842105263
base,8942_s42,8942,42,MERGED50_c23d0fea52a85c1b,40.0,60.0,0,40.0,60.0
base,8944_s42,8944,42,MERGED50_c2586afb51a5a52c,55.46218487394958,44.53781512605042,0,55.46218487394958,44.53781512605042
base,8956_s42,8956,42,MERGED50_c2bf06b38a154f21,20.0,80.0,0,20.0,80.0
base,8961_s42,8961,42,MERGED50_c329bce2d0e4b295,17.72151898734177,82.27848101265823,0,17.72151898734177,82.27848101265823
base,8964_s42,8964,42,MERGED50_c34b1cbe86174be5,15.178571428571427,84.82142857142857,0,15.178571428571427,84.82142857142857
base,8984_s42,8984,42,MERGED50_c4360c3fddd8468a,19.607843137254903,80.3921568627451,0,19.607843137254903,80.3921568627451
base,8988_s42,8988,42,MERGED50_c48ad83485088d38,15.625,84.375,0,15.625,84.375
base,9041_s42,9041,42,MERGED50_c7d55b69a0a6233e,16.037735849056602,83.9622641509434,0,16.037735849056602,83.9622641509434
base,9063_s42,9063,42,MERGED50_c914ed0a355ee89e,24.545454545454547,75.45454545454545,0,24.545454545454547,75.45454545454545
base,9070_s42,9070,42,MERGED50_c9903774eb03e603,34.285714285714285,65.71428571428572,0,34.285714285714285,65.71428571428572
base,9092_s42,9092,42,MERGED50_ca9de43133350a10,16.43835616438356,83.56164383561644,0,16.43835616438356,83.56164383561644
base,9106_s42,9106,42,MERGED50_cb78e2968f48f3d2,15.0,85.0,0,15.0,85.0
base,9130_s42,9130,42,MERGED50_cd1bb57d9ab91a4a,14.893617021276595,85.1063829787234,0,14.893617021276595,85.1063829787234
base,9139_s42,9139,42,MERGED50_cd75cd08c87c1549,18.181818181818183,81.81818181818181,0,18.181818181818183,81.81818181818181
base,9141_s42,9141,42,MERGED50_cd85ddd13cf2ddce,18.085106382978726,81.91489361702128,0,18.085106382978726,81.91489361702128
base,9155_s42,9155,42,MERGED50_ce48365316b03709,23.728813559322035,76.27118644067797,0,23.728813559322035,76.27118644067797
base,9163_s42,9163,42,MERGED50_cecad5268192bee1,40.49079754601227,59.50920245398773,0,40.49079754601227,59.50920245398773
base,9188_s42,9188,42,MERGED50_cffed6b75a3390a0,22.699386503067483,77.30061349693251,0,22.699386503067483,77.30061349693251
base,9189_s42,9189,42,MERGED50_d02649ec3735c6a8,20.0,80.0,0,20.0,80.0
base,9195_s42,9195,42,MERGED50_d042ba98350f0223,20.77922077922078,79.22077922077922,0,20.77922077922078,79.22077922077922
base,9196_s42,9196,42,MERGED50_d0451f292fdd4825,54.41176470588235,45.58823529411765,0,54.41176470588235,45.58823529411765
base,9200_s42,9200,42,MERGED50_d07148d7cc46d728,19.230769230769234,80.76923076923077,0,19.230769230769234,80.76923076923077
base,9201_s42,9201,42,MERGED50_d07723c3c82fb0ab,19.480519480519483,80.51948051948051,0,19.480519480519483,80.51948051948051
base,9205_s42,9205,42,MERGED50_d09d80c405f7b5a1,15.942028985507244,84.05797101449275,0,15.942028985507244,84.05797101449275
base,9209_s42,9209,42,MERGED50_d0af3226ca1b63b2,20.588235294117645,79.41176470588235,0,20.588235294117645,79.41176470588235
base,9211_s42,9211,42,MERGED50_d0bf268fee63a84a,16.176470588235293,83.82352941176471,0,16.176470588235293,83.82352941176471
base,9217_s42,9217,42,MERGED50_d0ffc938c6ae9c9b,16.23931623931624,83.76068376068376,0,16.23931623931624,83.76068376068376
base,9232_s42,9232,42,MERGED50_d1fd18fe9f8bf430,61.53846153846154,38.46153846153846,0,61.53846153846154,38.46153846153846
base,9240_s42,9240,42,MERGED50_d26fa704847d6ebb,17.91907514450867,82.08092485549133,0,17.91907514450867,82.08092485549133
base,9246_s42,9246,42,MERGED50_d2989afb5590ff4a,25.0,75.0,0,25.0,75.0
base,9247_s42,9247,42,MERGED50_d2b2c0c110168d2c,26.153846153846157,73.84615384615384,0,26.153846153846157,73.84615384615384
base,9253_s42,9253,42,MERGED50_d30e98b82319cad6,18.96551724137931,81.0344827586207,0,18.96551724137931,81.0344827586207
base,9258_s42,9258,42,MERGED50_d3578adf8ebce73c,20.28985507246377,79.71014492753623,0,20.28985507246377,79.71014492753623
base,9277_s42,9277,42,MERGED50_d43898cd564c36c3,66.66666666666666,33.33333333333334,0,66.66666666666666,33.33333333333334
base,9282_s42,9282,42,MERGED50_d4965f1d9df617bd,17.857142857142858,82.14285714285714,0,17.857142857142858,82.14285714285714
base,9295_s42,9295,42,MERGED50_d53ef329ff96171d,18.30985915492958,81.69014084507042,0,18.30985915492958,81.69014084507042
base,9311_s42,9311,42,MERGED50_d6280cfb71d3a4c1,16.94915254237288,83.05084745762713,0,16.94915254237288,83.05084745762713
base,9321_s42,9321,42,MERGED50_d6e09313bf06978d,30.508474576271187,69.49152542372882,0,30.508474576271187,69.49152542372882
base,9330_s42,9330,42,MERGED50_d778bd05e75ae364,17.307692307692307,82.6923076923077,0,17.307692307692307,82.6923076923077
base,9334_s42,9334,42,MERGED50_d79469deffa12d80,15.277777777777779,84.72222222222223,0,15.277777777777779,84.72222222222223
base,9335_s42,9335,42,MERGED50_d79940d36e9902fe,35.294117647058826,64.70588235294117,0,35.294117647058826,64.70588235294117
base,9338_s42,9338,42,MERGED50_d7dcd5acb4952cf0,19.298245614035086,80.70175438596492,0,19.298245614035086,80.70175438596492
base,9348_s42,9348,42,MERGED50_d85d83bcb87f733a,27.27272727272727,72.72727272727273,0,27.27272727272727,72.72727272727273
base,9374_s42,9374,42,MERGED50_d99cf832b8b84bef,17.105263157894736,82.89473684210526,0,17.105263157894736,82.89473684210526
base,9380_s42,9380,42,MERGED50_d9fd57141ebc3d22,15.254237288135593,84.7457627118644,0,15.254237288135593,84.7457627118644
base,9416_s42,9416,42,MERGED50_dc45cdc80018a1bf,16.99346405228758,83.00653594771242,0,16.99346405228758,83.00653594771242
base,9474_s42,9474,42,MERGED50_dff46de051b6efb5,15.254237288135593,84.7457627118644,0,15.254237288135593,84.7457627118644
base,9484_s42,9484,42,MERGED50_e09f9c3dbf4ea0e9,32.35294117647059,67.64705882352942,0,32.35294117647059,67.64705882352942
base,9503_s42,9503,42,MERGED50_e164584bfe2b2e74,19.69111969111969,80.3088803088803,0,19.69111969111969,80.3088803088803
base,9512_s42,9512,42,MERGED50_e1a40139804a88d9,23.170731707317074,76.82926829268293,0,23.170731707317074,76.82926829268293
base,9517_s42,9517,42,MERGED50_e2000caed39247ca,39.0728476821192,60.9271523178808,0,39.0728476821192,60.9271523178808
base,9531_s42,9531,42,MERGED50_e2e439832f22278a,15.789473684210526,84.21052631578948,0,15.789473684210526,84.21052631578948
base,9565_s42,9565,42,MERGED50_e54f8296e356537b,15.789473684210526,84.21052631578948,0,15.789473684210526,84.21052631578948
base,9566_s42,9566,42,MERGED50_e55d9307a343c249,16.129032258064516,83.87096774193549,0,16.129032258064516,83.87096774193549
base,9568_s42,9568,42,MERGED50_e582a30dfdf74fe6,16.25,83.75,0,16.25,83.75
base,9574_s42,9574,42,MERGED50_e6247ba6c6b695eb,18.75,81.25,0,18.75,81.25
base,9586_s42,9586,42,MERGED50_e6cdd453a12b4091,13.414634146341465,86.58536585365853,0,13.414634146341465,86.58536585365853
base,9587_s42,9587,42,MERGED50_e6d8c4bdd1200d10,21.052631578947366,78.94736842105263,0,21.052631578947366,78.94736842105263
base,9588_s42,9588,42,MERGED50_e6dcd99f918cf93d,16.666666666666664,83.33333333333334,0,16.666666666666664,83.33333333333334
base,9606_s42,9606,42,MERGED50_e7b4d8064e199895,33.33333333333333,66.66666666666667,0,33.33333333333333,66.66666666666667
base,9607_s42,9607,42,MERGED50_e7da7981ba4f2f16,25.0,75.0,0,25.0,75.0
base,9627_s42,9627,42,MERGED50_e91a1fd49f3101bc,24.242424242424242,75.75757575757575,0,24.242424242424242,75.75757575757575
base,9631_s42,9631,42,MERGED50_e99c45b9a94f085f,31.818181818181817,68.18181818181819,0,31.818181818181817,68.18181818181819
base,9641_s42,9641,42,MERGED50_e9d99cc5e6292894,23.728813559322035,76.27118644067797,0,23.728813559322035,76.27118644067797
base,9649_s42,9649,42,MERGED50_ea33d0de8a436a13,15.833333333333332,84.16666666666667,0,15.833333333333332,84.16666666666667
base,9671_s42,9671,42,MERGED50_eb7e23382856eb83,15.841584158415841,84.15841584158416,0,15.841584158415841,84.15841584158416
base,9676_s42,9676,42,MERGED50_ebb0627ef86d8289,19.230769230769234,80.76923076923077,0,19.230769230769234,80.76923076923077
base,9695_s42,9695,42,MERGED50_ed84737f8ef88d22,32.94117647058823,67.05882352941177,0,32.94117647058823,67.05882352941177
base,9715_s42,9715,42,MERGED50_ee6d1e4201af690e,17.82178217821782,82.17821782178218,0,17.82178217821782,82.17821782178218
base,9757_s42,9757,42,MERGED50_f039e10e8b8bc553,38.333333333333336,61.666666666666664,0,38.333333333333336,61.666666666666664
base,9758_s42,9758,42,MERGED50_f03adcc1dcaf01e8,19.327731092436977,80.67226890756302,0,19.327731092436977,80.67226890756302
base,9763_s42,9763,42,MERGED50_f0ad730bcc677300,20.0,80.0,0,20.0,80.0
base,9765_s42,9765,42,MERGED50_f0e32798b84a33a1,15.294117647058824,84.70588235294117,0,15.294117647058824,84.70588235294117
base,9767_s42,9767,42,MERGED50_f0f827b4fec41d82,12.977099236641221,87.02290076335878,0,12.977099236641221,87.02290076335878
base,9775_s42,9775,42,MERGED50_f17ef6b64544ffdf,16.25,83.75,0,16.25,83.75
base,9792_s42,9792,42,MERGED50_f265575e5187e015,25.71428571428571,74.28571428571429,0,25.71428571428571,74.28571428571429
base,9802_s42,9802,42,MERGED50_f3180dcf80d90f58,16.05839416058394,83.94160583941606,0,16.05839416058394,83.94160583941606
base,9807_s42,9807,42,MERGED50_f344a95ef85731a2,18.84057971014493,81.15942028985506,0,18.84057971014493,81.15942028985506
base,9810_s42,9810,42,MERGED50_f35bc6da16a111c0,16.3265306122449,83.6734693877551,0,16.3265306122449,83.6734693877551
base,9868_s42,9868,42,MERGED50_f7617127b808e426,17.647058823529413,82.35294117647058,0,17.647058823529413,82.35294117647058
base,9873_s42,9873,42,MERGED50_f79bae3cc3e416b4,15.254237288135593,84.7457627118644,0,15.254237288135593,84.7457627118644
base,9877_s42,9877,42,MERGED50_f7d74b719dc9b240,18.0327868852459,81.9672131147541,0,18.0327868852459,81.9672131147541
base,9886_s42,9886,42,MERGED50_f8c8db392295aa86,15.384615384615385,84.61538461538461,0,15.384615384615385,84.61538461538461
base,9895_s42,9895,42,MERGED50_f93a972acffe2ad8,17.56756756756757,82.43243243243244,0,17.56756756756757,82.43243243243244
base,9900_s42,9900,42,MERGED50_f9b5a78517a52380,15.789473684210526,84.21052631578948,0,15.789473684210526,84.21052631578948
base,9902_s42,9902,42,MERGED50_f9c7630fa4182477,18.012422360248447,81.98757763975155,0,18.012422360248447,81.98757763975155
base,9922_s42,9922,42,MERGED50_fb72f76a29855db7,22.413793103448278,77.58620689655172,0,22.413793103448278,77.58620689655172
base,9936_s42,9936,42,MERGED50_fc0a4279a4517faf,19.298245614035086,80.70175438596492,0,19.298245614035086,80.70175438596492
base,9949_s42,9949,42,MERGED50_fd010872f0a3865e,42.10526315789473,57.89473684210527,0,42.10526315789473,57.89473684210527
base,9966_s42,9966,42,MERGED50_fe15e399020f5618,15.517241379310345,84.48275862068965,0,15.517241379310345,84.48275862068965
base,9974_s42,9974,42,MERGED50_fe837b08b2a979bb,23.943661971830984,76.05633802816902,0,23.943661971830984,76.05633802816902
base,0007_s43,0007,43,MERGED50_00538e3d3aaa3d6f,47.927927927927925,52.072072072072075,1,23.076923076923077,76.92307692307692
base,0014_s43,0014,43,MERGED50_00960edc244d6936,68.23529411764706,31.764705882352942,1,68.23529411764706,31.764705882352942
base,0026_s43,0026,43,MERGED50_01555fa6eafb7d2c,47.27891156462585,52.72108843537415,1,20.73170731707317,79.26829268292683
base,0049_s43,0049,43,MERGED50_01f6191909c12582,36.02150537634409,63.97849462365591,1,21.666666666666668,78.33333333333333
base,0060_s43,0060,43,MERGED50_02789cf56cfe470e,43.64406779661017,56.35593220338983,1,20.26143790849673,79.73856209150327
base,0062_s43,0062,43,MERGED50_027d6e4c848d477f,44.776119402985074,55.223880597014926,1,26.865671641791046,73.13432835820896
base,0076_s43,0076,43,MERGED50_031227644f417472,17.857142857142858,82.14285714285714,1,17.857142857142858,82.14285714285714
base,0095_s43,0095,43,MERGED50_039f7f97d6a3c675,50.0,50.0,1,17.24137931034483,82.75862068965517
base,0115_s43,0115,43,MERGED50_0483a84717ba7c09,52.47148288973384,47.52851711026616,1,15.384615384615385,84.61538461538461
base,0128_s43,0128,43,MERGED50_0526a532f220d305,35.0,65.0,1,15.254237288135593,84.7457627118644
base,0146_s43,0146,43,MERGED50_058ff628f55c60bd,33.88429752066116,66.11570247933884,1,19.35483870967742,80.64516129032258
base,0153_s43,0153,43,MERGED50_05e7ce7c21138c84,46.913580246913575,53.086419753086425,1,16.049382716049383,83.95061728395062
base,0154_s43,0154,43,MERGED50_05ee505c0890be93,45.893719806763286,54.106280193236714,1,22.972972972972975,77.02702702702703
base,0161_s43,0161,43,MERGED50_065c19bc89459e45,50.61124694376527,49.38875305623473,1,18.30985915492958,81.69014084507042
base,0168_s43,0168,43,MERGED50_06a12fd13da4b18f,55.769230769230774,44.230769230769226,1,55.769230769230774,44.230769230769226
base,0173_s43,0173,43,MERGED50_06e0ce45faa2300e,14.393939393939394,85.60606060606061,0,14.393939393939394,85.60606060606061
base,0193_s43,0193,43,MERGED50_07caf313bb701744,43.42105263157895,56.57894736842105,1,22.988505747126435,77.01149425287356
base,0219_s43,0219,43,MERGED50_08e1702b30b0f09c,39.416058394160586,60.583941605839414,1,21.897810218978105,78.10218978102189
base,0226_s43,0226,43,MERGED50_094b778065c65c35,50.3875968992248,49.6124031007752,1,14.754098360655737,85.24590163934427
base,0233_s43,0233,43,MERGED50_09a520585822845f,22.033898305084744,77.96610169491525,0,22.033898305084744,77.96610169491525
base,0238_s43,0238,43,MERGED50_09d9b86c8b350f2a,40.804597701149426,59.195402298850574,1,17.46031746031746,82.53968253968254
base,0240_s43,0240,43,MERGED50_09e114f801018c6c,15.04424778761062,84.95575221238938,0,15.04424778761062,84.95575221238938
base,0250_s43,0250,43,MERGED50_0a49468648918912,44.54545454545455,55.45454545454545,1,16.049382716049383,83.95061728395062
base,0264_s43,0264,43,MERGED50_0b1c7324369420a6,48.0225988700565,51.9774011299435,1,17.24137931034483,82.75862068965517
base,0265_s43,0265,43,MERGED50_0b1c8aab99a595dc,26.190476190476193,73.80952380952381,1,26.190476190476193,73.80952380952381
base,0268_s43,0268,43,MERGED50_0b3505f5c7eaceb1,14.0625,85.9375,0,14.0625,85.9375
base,0269_s43,0269,43,MERGED50_0b461283e22ec4f1,53.874538745387454,46.125461254612546,1,22.033898305084744,77.96610169491525
base,0291_s43,0291,43,MERGED50_0c238de54c93eab9,34.48275862068966,65.51724137931035,1,19.35483870967742,80.64516129032258
base,0298_s43,0298,43,MERGED50_0c8a799f6fad03c5,41.53225806451613,58.46774193548387,1,20.33898305084746,79.66101694915254
base,0312_s43,0312,43,MERGED50_0d623c3b17aa9567,37.62376237623762,62.37623762376238,1,17.741935483870968,82.25806451612902
base,0321_s43,0321,43,MERGED50_0d91deb0064e476e,34.30232558139535,65.69767441860465,1,16.312056737588655,83.68794326241135
base,0356_s43,0356,43,MERGED50_0eb140e1138dc275,27.252747252747252,72.74725274725274,1,26.881720430107524,73.11827956989248
base,0358_s43,0358,43,MERGED50_0edbf16d015abee1,53.64238410596026,46.35761589403974,1,13.924050632911392,86.07594936708861
base,0369_s43,0369,43,MERGED50_0f37f8ab707a10f3,35.08771929824561,64.91228070175438,1,15.517241379310345,84.48275862068965
base,0370_s43,0370,43,MERGED50_0f486e8365e01e63,35.13513513513514,64.86486486486487,1,17.1875,82.8125
base,0376_s43,0376,43,MERGED50_0f74b2e17c74782f,15.254237288135593,84.7457627118644,0,15.254237288135593,84.7457627118644
base,0384_s43,0384,43,MERGED50_0fb6d2e63819c3ec,24.409448818897637,75.59055118110237,1,16.666666666666664,83.33333333333334
base,0391_s43,0391,43,MERGED50_0ffe5db354153f99,49.54128440366973,50.45871559633027,1,24.074074074074073,75.92592592592592
base,0398_s43,0398,43,MERGED50_103b52af36a2c9b9,43.75,56.25,1,20.28985507246377,79.71014492753623
base,0410_s43,0410,43,MERGED50_10b0ceb83529d707,43.2183908045977,56.7816091954023,1,17.20430107526882,82.79569892473118
base,0413_s43,0413,43,MERGED50_10c3dab533638a3e,16.94915254237288,83.05084745762713,0,16.94915254237288,83.05084745762713
base,0415_s43,0415,43,MERGED50_10d156496c62f5b7,41.66666666666667,58.33333333333333,1,16.94915254237288,83.05084745762713
base,0424_s43,0424,43,MERGED50_112f33da4a9441cd,16.129032258064516,83.87096774193549,0,16.129032258064516,83.87096774193549
base,0428_s43,0428,43,MERGED50_116a6e92ad46a67e,40.50632911392405,59.49367088607595,1,22.018348623853214,77.98165137614679
base,0450_s43,0450,43,MERGED50_1207fe9db2ff05dd,52.0618556701031,47.9381443298969,1,18.333333333333332,81.66666666666667
base,0455_s43,0455,43,MERGED50_123d19fb6b0f8511,33.44827586206897,66.55172413793103,1,22.382671480144403,77.61732851985559
base,0457_s43,0457,43,MERGED50_125b6c9c16a37158,17.857142857142858,82.14285714285714,0,17.857142857142858,82.14285714285714
base,0462_s43,0462,43,MERGED50_1277b3ff4ceed3c2,41.63179916317992,58.36820083682008,1,18.81188118811881,81.1881188118812
base,0471_s43,0471,43,MERGED50_12ccbd3063f28e6e,44.230769230769226,55.769230769230774,1,44.230769230769226,55.769230769230774
base,0475_s43,0475,43,MERGED50_130b06c514919680,30.909090909090907,69.0909090909091,1,20.588235294117645,79.41176470588235
base,0497_s43,0497,43,MERGED50_13b84272d67b1514,35.13513513513514,64.86486486486487,1,34.96932515337423,65.03067484662577
base,0512_s43,0512,43,MERGED50_146a1a8686468cbd,16.129032258064516,83.87096774193549,0,16.129032258064516,83.87096774193549
base,0513_s43,0513,43,MERGED50_146dbb258cf98925,21.12676056338028,78.87323943661971,0,21.12676056338028,78.87323943661971
base,0556_s43,0556,43,MERGED50_163960ea0e6f5fd4,35.41666666666667,64.58333333333333,1,20.0,80.0
base,0563_s43,0563,43,MERGED50_16acf8ec266adf74,44.230769230769226,55.769230769230774,0,44.230769230769226,55.769230769230774
base,0615_s43,0615,43,MERGED50_186f822792ae4164,46.31578947368421,53.68421052631579,1,16.071428571428573,83.92857142857143
base,0626_s43,0626,43,MERGED50_19093fc8cb9f527c,49.789029535864984,50.210970464135016,1,17.741935483870968,82.25806451612902
base,0641_s43,0641,43,MERGED50_199f655336a8f40d,38.46153846153847,61.53846153846153,1,38.46153846153847,61.53846153846153
base,0646_s43,0646,43,MERGED50_1a1eb6369e668511,58.18181818181818,41.81818181818182,1,58.18181818181818,41.81818181818182
base,0668_s43,0668,43,MERGED50_1b519848d11082a5,31.83183183183183,68.16816816816817,1,16.901408450704224,83.09859154929578
base,0690_s43,0690,43,MERGED50_1c373c0a5f5334e2,52.41935483870967,47.58064516129033,1,16.129032258064516,83.87096774193549
base,0701_s43,0701,43,MERGED50_1c6babe5a1033670,45.852534562211986,54.147465437788014,1,14.705882352941178,85.29411764705883
base,0711_s43,0711,43,MERGED50_1ccf2c572b7a552c,38.333333333333336,61.666666666666664,1,15.833333333333332,84.16666666666667
base,0713_s43,0713,43,MERGED50_1ceb7b19942ee372,27.536231884057973,72.46376811594203,1,18.84057971014493,81.15942028985506
base,0744_s43,0744,43,MERGED50_1e1cc94b7718a364,55.88235294117647,44.11764705882353,1,55.88235294117647,44.11764705882353
base,0747_s43,0747,43,MERGED50_1e39512d32d11c93,29.288702928870293,70.7112970711297,1,29.288702928870293,70.7112970711297
base,0757_s43,0757,43,MERGED50_1ee0a5d09df22a27,31.132075471698112,68.86792452830188,1,15.09433962264151,84.90566037735849
base,0763_s43,0763,43,MERGED50_1f0e942a3982a536,45.21384928716905,54.78615071283095,1,17.105263157894736,82.89473684210526
base,0773_s43,0773,43,MERGED50_1f6495285cbf2ae2,37.89473684210527,62.10526315789473,1,20.689655172413794,79.3103448275862
base,0799_s43,0799,43,MERGED50_20915c05f22a00ca,16.666666666666664,83.33333333333334,0,16.666666666666664,83.33333333333334
base,0816_s43,0816,43,MERGED50_217e7b4ef0c9b70c,17.72151898734177,82.27848101265823,0,17.72151898734177,82.27848101265823
base,0824_s43,0824,43,MERGED50_21cbb0870929a3b5,69.23076923076923,30.769230769230774,1,69.23076923076923,30.769230769230774
base,0865_s43,0865,43,MERGED50_236b102271d9167c,42.44444444444444,57.55555555555556,1,17.80821917808219,82.1917808219178
base,0918_s43,0918,43,MERGED50_260a9381f6fc6868,35.82089552238806,64.17910447761194,1,31.343283582089555,68.65671641791045
base,0970_s43,0970,43,MERGED50_2887e20f7b8f5aa6,39.361702127659576,60.638297872340424,1,39.361702127659576,60.638297872340424
base,1031_s43,1031,43,MERGED50_2af9b232e035b4f4,37.79527559055118,62.20472440944882,1,37.79527559055118,62.20472440944882
base,1041_s43,1041,43,MERGED50_2b50a9bdb76401c5,22.085889570552148,77.91411042944785,0,22.085889570552148,77.91411042944785
base,1061_s43,1061,43,MERGED50_2c2485a3327f3dc7,44.21296296296296,55.78703703703704,1,19.298245614035086,80.70175438596492
base,1072_s43,1072,43,MERGED50_2c83ae3bb7c7fe06,48.739495798319325,51.260504201680675,1,13.636363636363635,86.36363636363636
base,1136_s43,1136,43,MERGED50_2fdd28baebcfbc93,17.741935483870968,82.25806451612902,0,17.741935483870968,82.25806451612902
base,1198_s43,1198,43,MERGED50_3246b16cd858d1e3,40.38461538461539,59.61538461538461,1,40.38461538461539,59.61538461538461
base,1209_s43,1209,43,MERGED50_32e80b756ac067ad,44.11764705882353,55.88235294117647,0,44.11764705882353,55.88235294117647
base,1216_s43,1216,43,MERGED50_336ed4a801c2f3c4,45.18518518518518,54.81481481481482,1,20.0,80.0
base,1240_s43,1240,43,MERGED50_34af8465ef7ba627,47.73218142548596,52.26781857451404,1,17.5,82.5
base,1241_s43,1241,43,MERGED50_34b30d3575948777,36.84210526315789,63.15789473684211,1,18.6046511627907,81.3953488372093
base,1267_s43,1267,43,MERGED50_3641c96940766477,18.681318681318682,81.31868131868131,0,18.681318681318682,81.31868131868131
base,1269_s43,1269,43,MERGED50_36518b02b313049d,43.888888888888886,56.111111111111114,1,16.129032258064516,83.87096774193549
base,1275_s43,1275,43,MERGED50_3697ac4ef8777013,50.588235294117645,49.411764705882355,1,50.588235294117645,49.411764705882355
base,1298_s43,1298,43,MERGED50_37e6a513a05f9bf8,33.50923482849604,66.49076517150397,1,14.285714285714285,85.71428571428572
base,1316_s43,1316,43,MERGED50_38b2a50c2837bfca,22.255192878338278,77.74480712166172,1,22.22222222222222,77.77777777777777
base,1329_s43,1329,43,MERGED50_394a8dd322307204,24.074074074074073,75.92592592592592,1,24.074074074074073,75.92592592592592
base,1337_s43,1337,43,MERGED50_3989b04dd8556623,53.29153605015674,46.70846394984326,1,15.11627906976744,84.88372093023256
base,1342_s43,1342,43,MERGED50_39ccc509a418ffae,33.098591549295776,66.90140845070422,0,33.098591549295776,66.90140845070422
base,1345_s43,1345,43,MERGED50_39fc272bcb93b15d,40.845070422535215,59.154929577464785,1,32.608695652173914,67.3913043478261
base,1349_s43,1349,43,MERGED50_3a165aef5a116bf5,48.25174825174825,51.74825174825175,1,15.0,85.0
base,1368_s43,1368,43,MERGED50_3b1c07dc8fea4603,47.39336492890995,52.60663507109005,1,16.901408450704224,83.09859154929578
base,1379_s43,1379,43,MERGED50_3bdd93e92a96ad19,25.49019607843137,74.50980392156863,1,24.46043165467626,75.53956834532374
base,1380_s43,1380,43,MERGED50_3be81df7305d49c4,24.705882352941178,75.29411764705883,0,24.705882352941178,75.29411764705883
base,1384_s43,1384,43,MERGED50_3c13576bcbf85ca2,43.927648578811365,56.072351421188635,1,15.789473684210526,84.21052631578948
base,1389_s43,1389,43,MERGED50_3c5a68f62a928053,36.22641509433962,63.77358490566038,1,17.647058823529413,82.35294117647058
base,1421_s43,1421,43,MERGED50_3decad90426070a4,40.833333333333336,59.166666666666664,1,13.40782122905028,86.59217877094972
base,1427_s43,1427,43,MERGED50_3e33f1800dbd9c34,38.589211618257266,61.410788381742734,1,23.076923076923077,76.92307692307692
base,1428_s43,1428,43,MERGED50_3e3b31d471ffc94a,48.1283422459893,51.8716577540107,1,19.230769230769234,80.76923076923077
base,1429_s43,1429,43,MERGED50_3e3d11b925b45fbe,32.5678496868476,67.43215031315239,1,16.666666666666664,83.33333333333334
base,1432_s43,1432,43,MERGED50_3e5aa9a1b7b8d653,40.106951871657756,59.893048128342244,1,14.606741573033707,85.3932584269663
base,1433_s43,1433,43,MERGED50_3e63fbb981856684,14.516129032258066,85.48387096774194,0,14.516129032258066,85.48387096774194
base,1457_s43,1457,43,MERGED50_3f62a4babbe83c19,18.181818181818183,81.81818181818181,0,18.181818181818183,81.81818181818181
base,1471_s43,1471,43,MERGED50_402d407b6093674a,18.181818181818183,81.81818181818181,0,18.181818181818183,81.81818181818181
base,1474_s43,1474,43,MERGED50_405a4d8c0deae552,44.21768707482993,55.78231292517007,1,17.045454545454543,82.95454545454545
base,1494_s43,1494,43,MERGED50_411f2a32c65abd49,29.230769230769234,70.76923076923077,1,20.0,80.0
base,1510_s43,1510,43,MERGED50_41d81da132848701,34.11458333333333,65.88541666666667,1,20.0,80.0
base,1515_s43,1515,43,MERGED50_42260d841f1377eb,52.916666666666664,47.083333333333336,1,19.565217391304348,80.43478260869566
base,1517_s43,1517,43,MERGED50_42484ba59f188106,46.012269938650306,53.987730061349694,1,42.64705882352941,57.35294117647059
base,1521_s43,1521,43,MERGED50_4285669b0493888e,19.35483870967742,80.64516129032258,0,19.35483870967742,80.64516129032258
base,1545_s43,1545,43,MERGED50_4362509a76da146e,51.01522842639594,48.98477157360406,1,22.36842105263158,77.63157894736842
base,1569_s43,1569,43,MERGED50_452470f6eea49e9e,54.7752808988764,45.2247191011236,1,17.105263157894736,82.89473684210526
base,1587_s43,1587,43,MERGED50_461d7f839caac77e,45.7286432160804,54.2713567839196,1,16.417910447761194,83.58208955223881
base,1589_s43,1589,43,MERGED50_46372a0fbd4d49b2,44.33497536945813,55.66502463054187,1,16.831683168316832,83.16831683168317
base,1598_s43,1598,43,MERGED50_47145fb95598e500,46.32516703786192,53.67483296213808,1,15.476190476190476,84.52380952380952
base,1599_s43,1599,43,MERGED50_471c6ea226937f87,63.70370370370371,36.29629629629629,1,19.696969696969695,80.30303030303031
base,1609_s43,1609,43,MERGED50_47b02c4685094ba9,31.838565022421523,68.16143497757848,1,18.439716312056735,81.56028368794327
base,1623_s43,1623,43,MERGED50_48462d9ed104d7ee,18.085106382978726,81.91489361702128,0,18.085106382978726,81.91489361702128
base,1628_s43,1628,43,MERGED50_4889e6e6faf64af1,14.285714285714285,85.71428571428572,0,14.285714285714285,85.71428571428572
base,1634_s43,1634,43,MERGED50_48b4acbaba3bf0ce,42.028985507246375,57.971014492753625,1,16.666666666666664,83.33333333333334
base,1643_s43,1643,43,MERGED50_48f4fb1a585f756b,20.73170731707317,79.26829268292683,1,18.666666666666668,81.33333333333333
base,1644_s43,1644,43,MERGED50_4900eb77492b3539,25.0,75.0,1,25.0,75.0
base,1646_s43,1646,43,MERGED50_491f277c7354ac88,17.24137931034483,82.75862068965517,0,17.24137931034483,82.75862068965517
base,1663_s43,1663,43,MERGED50_49f4df1d2f820e94,41.17647058823529,58.82352941176471,1,41.17647058823529,58.82352941176471
base,1689_s43,1689,43,MERGED50_4ac1d527b0c84960,48.44290657439446,51.55709342560554,1,17.24137931034483,82.75862068965517
base,1692_s43,1692,43,MERGED50_4ad594a12d0332d1,53.579175704989154,46.420824295010846,1,16.94915254237288,83.05084745762713
base,1717_s43,1717,43,MERGED50_4be104e418d33631,42.98245614035088,57.01754385964912,1,25.0,75.0
base,1722_s43,1722,43,MERGED50_4c11e53ac7d8df90,27.27272727272727,72.72727272727273,1,27.27272727272727,72.72727272727273
base,1735_s43,1735,43,MERGED50_4cb1fcc9e80a697f,46.15384615384615,53.84615384615385,1,23.728813559322035,76.27118644067797
base,1741_s43,1741,43,MERGED50_4cfc7389cb1e066b,59.11602209944752,40.88397790055248,1,24.705882352941178,75.29411764705883
base,1742_s43,1742,43,MERGED50_4d0e44d4065dc9cd,40.476190476190474,59.523809523809526,1,15.0,85.0
base,1748_s43,1748,43,MERGED50_4d4efeff38ed788c,30.677290836653388,69.32270916334662,1,22.54901960784314,77.45098039215686
base,1752_s43,1752,43,MERGED50_4daec5a39d5600f2,14.285714285714285,85.71428571428572,0,14.285714285714285,85.71428571428572
base,1792_s43,1792,43,MERGED50_4ff928ed0b2c5ed9,39.0,61.0,1,22.35294117647059,77.6470588235294
base,1799_s43,1799,43,MERGED50_503944df164841e9,35.714285714285715,64.28571428571428,1,23.728813559322035,76.27118644067797
base,1813_s43,1813,43,MERGED50_50f3d8e28a277412,39.61456102783726,60.38543897216274,1,18.181818181818183,81.81818181818181
base,1830_s43,1830,43,MERGED50_51aecf5a82dbce78,17.142857142857142,82.85714285714286,0,17.142857142857142,82.85714285714286
base,1844_s43,1844,43,MERGED50_526ae4cee2125bfb,48.30769230769231,51.69230769230769,1,17.543859649122805,82.45614035087719
base,1882_s43,1882,43,MERGED50_545e6e68331f2156,23.25581395348837,76.74418604651163,1,19.379844961240313,80.62015503875969
base,1905_s43,1905,43,MERGED50_553f8a66af2a3e91,42.084942084942085,57.915057915057915,1,23.333333333333332,76.66666666666667
base,1908_s43,1908,43,MERGED50_554d40bab7143e00,34.46808510638298,65.53191489361703,1,18.51851851851852,81.48148148148148
base,1909_s43,1909,43,MERGED50_554ee24ba2da53aa,27.761194029850746,72.23880597014926,1,18.823529411764707,81.17647058823529
base,1911_s43,1911,43,MERGED50_55a02953e1a869bc,30.89005235602094,69.10994764397905,1,25.13089005235602,74.86910994764398
base,1942_s43,1942,43,MERGED50_575c6ee0003d1c16,39.59044368600683,60.40955631399317,1,17.985611510791365,82.01438848920864
base,1949_s43,1949,43,MERGED50_57b0e310432a22eb,47.82608695652174,52.17391304347826,1,17.441860465116278,82.55813953488372
base,1951_s43,1951,43,MERGED50_57be905f2a47364b,43.529411764705884,56.470588235294116,1,43.529411764705884,56.470588235294116
base,1957_s43,1957,43,MERGED50_57f3a98bf6445bd5,32.795698924731184,67.20430107526882,1,23.684210526315788,76.31578947368422
base,1968_s43,1968,43,MERGED50_586bb952a8fc0b3d,36.40167364016737,63.59832635983263,1,36.40167364016737,63.59832635983263
base,1994_s43,1994,43,MERGED50_5a1bbcc14a461599,37.43016759776536,62.56983240223464,1,18.51851851851852,81.48148148148148
base,2004_s43,2004,43,MERGED50_5a83ec96df4a0c1d,39.21052631578947,60.78947368421053,1,16.129032258064516,83.87096774193549
base,2008_s43,2008,43,MERGED50_5ab7a71def90885f,16.666666666666664,83.33333333333334,0,16.666666666666664,83.33333333333334
base,2012_s43,2012,43,MERGED50_5b071d4cc559965a,46.666666666666664,53.333333333333336,1,46.666666666666664,53.333333333333336
base,2019_s43,2019,43,MERGED50_5b718b4cfb08bb58,38.243626062322946,61.756373937677054,1,15.384615384615385,84.61538461538461
base,2054_s43,2054,43,MERGED50_5d19e38d4d70b54a,15.714285714285714,84.28571428571429,0,15.714285714285714,84.28571428571429
base,2056_s43,2056,43,MERGED50_5d3b236e3dd6d06c,24.920127795527154,75.07987220447285,1,20.689655172413794,79.3103448275862
base,2075_s43,2075,43,MERGED50_5e0244dd6c87c85d,33.573141486810556,66.42685851318944,1,19.318181818181817,80.68181818181819
base,2086_s43,2086,43,MERGED50_5e95fa19a872e3b4,41.66666666666667,58.33333333333333,1,41.66666666666667,58.33333333333333
base,2087_s43,2087,43,MERGED50_5e9e6eb6decf88dc,21.34831460674157,78.65168539325843,1,17.741935483870968,82.25806451612902
base,2112_s43,2112,43,MERGED50_600eac600405229a,17.391304347826086,82.6086956521739,0,17.391304347826086,82.6086956521739
base,2123_s43,2123,43,MERGED50_609a3e30cddedce6,26.666666666666668,73.33333333333333,1,26.666666666666668,73.33333333333333
base,2133_s43,2133,43,MERGED50_612acfb649609662,40.26402640264026,59.73597359735974,1,20.689655172413794,79.3103448275862
base,2146_s43,2146,43,MERGED50_6244b32ce12316f9,15.0,85.0,0,15.0,85.0
base,2153_s43,2153,43,MERGED50_62a38fd2a6fdbc2d,38.87640449438202,61.12359550561798,1,15.068493150684931,84.93150684931507
base,2162_s43,2162,43,MERGED50_63215d6ba2194894,42.64705882352941,57.35294117647059,1,42.64705882352941,57.35294117647059
base,2189_s43,2189,43,MERGED50_645a92888dc6dedb,15.384615384615385,84.61538461538461,0,15.384615384615385,84.61538461538461
base,2243_s43,2243,43,MERGED50_66ec4df0e0a2fd55,36.440677966101696,63.559322033898304,1,16.39344262295082,83.60655737704919
base,2250_s43,2250,43,MERGED50_671edda99c550c18,39.705882352941174,60.294117647058826,0,39.705882352941174,60.294117647058826
base,2261_s43,2261,43,MERGED50_67a4f58548213093,28.8135593220339,71.1864406779661,0,28.8135593220339,71.1864406779661
base,2263_s43,2263,43,MERGED50_67d5e2e10d7007fe,43.18181818181818,56.81818181818182,1,19.11764705882353,80.88235294117646
base,2273_s43,2273,43,MERGED50_683bce063171bf86,33.12883435582822,66.87116564417178,1,33.12883435582822,66.87116564417178
base,2279_s43,2279,43,MERGED50_68c65d876ac620ab,38.70967741935484,61.29032258064516,1,21.73913043478261,78.26086956521739
base,2286_s43,2286,43,MERGED50_69393026e61930ed,20.33898305084746,79.66101694915254,0,20.33898305084746,79.66101694915254
base,2295_s43,2295,43,MERGED50_69b44115b6dcd0e2,20.33898305084746,79.66101694915254,0,20.33898305084746,79.66101694915254
base,2308_s43,2308,43,MERGED50_6a2a6be04d79ee41,32.35294117647059,67.64705882352942,0,32.35294117647059,67.64705882352942
base,2323_s43,2323,43,MERGED50_6af9723776606a41,50.0,50.0,1,18.181818181818183,81.81818181818181
base,2329_s43,2329,43,MERGED50_6b224a8f99da0d29,29.078014184397162,70.92198581560284,1,17.037037037037038,82.96296296296296
base,2330_s43,2330,43,MERGED50_6b227dac34d8f18a,28.235294117647058,71.76470588235294,1,28.235294117647058,71.76470588235294
base,2332_s43,2332,43,MERGED50_6b38087a6588fd0b,31.666666666666664,68.33333333333334,0,31.666666666666664,68.33333333333334
base,2358_s43,2358,43,MERGED50_6c30c584dc58bebe,71.76470588235294,28.235294117647058,1,71.76470588235294,28.235294117647058
base,2362_s43,2362,43,MERGED50_6c4a85fe1429fd52,20.588235294117645,79.41176470588235,1,20.588235294117645,79.41176470588235
base,2378_s43,2378,43,MERGED50_6d121cb9b2ad8f83,35.311572700296736,64.68842729970326,1,16.94915254237288,83.05084745762713
base,2379_s43,2379,43,MERGED50_6d3279c7f8765afe,41.566265060240966,58.433734939759034,1,27.607361963190186,72.39263803680981
base,2400_s43,2400,43,MERGED50_6e8a7b5e0ea2e20a,53.273809523809526,46.726190476190474,1,16.901408450704224,83.09859154929578
base,2404_s43,2404,43,MERGED50_6ebf80626779618f,55.0755939524838,44.9244060475162,1,20.33898305084746,79.66101694915254
base,2405_s43,2405,43,MERGED50_6ec27256153612e8,46.13778705636743,53.86221294363257,1,14.942528735632186,85.05747126436782
base,2413_s43,2413,43,MERGED50_6f1c632d7cb5897c,18.333333333333332,81.66666666666667,0,18.333333333333332,81.66666666666667
base,2425_s43,2425,43,MERGED50_6fa1c9aaca811b7c,35.6687898089172,64.3312101910828,1,21.818181818181817,78.18181818181819
base,2440_s43,2440,43,MERGED50_7077b5705fff8a36,30.76923076923077,69.23076923076923,1,17.582417582417584,82.41758241758242
base,2450_s43,2450,43,MERGED50_7127c555a30ef29d,53.84615384615385,46.15384615384615,1,21.153846153846153,78.84615384615384
base,2488_s43,2488,43,MERGED50_73619aea8b71f9f2,35.1063829787234,64.8936170212766,1,14.893617021276595,85.1063829787234
base,2500_s43,2500,43,MERGED50_7411d1af87ef4f3d,39.6551724137931,60.3448275862069,1,39.6551724137931,60.3448275862069
base,2513_s43,2513,43,MERGED50_74a893e225ddf810,15.0,85.0,0,15.0,85.0
base,2522_s43,2522,43,MERGED50_753596b5977878ba,33.60655737704918,66.39344262295083,1,33.60655737704918,66.39344262295083
base,2528_s43,2528,43,MERGED50_7587d233b7f5a4dd,39.004149377593365,60.995850622406635,1,24.242424242424242,75.75757575757575
base,2534_s43,2534,43,MERGED50_75d083f90f752722,45.501285347043705,54.498714652956295,1,40.38461538461539,59.61538461538461
base,2546_s43,2546,43,MERGED50_7668b102cce97a67,20.689655172413794,79.3103448275862,0,20.689655172413794,79.3103448275862
base,2554_s43,2554,43,MERGED50_76abcfb94bfee017,27.160493827160494,72.8395061728395,1,27.160493827160494,72.8395061728395
base,2556_s43,2556,43,MERGED50_76d3ea294441f3bf,47.84172661870504,52.15827338129496,1,16.94915254237288,83.05084745762713
base,2563_s43,2563,43,MERGED50_77449cdf69801264,14.814814814814813,85.18518518518519,0,14.814814814814813,85.18518518518519
base,2572_s43,2572,43,MERGED50_77a0592117bec23a,47.01086956521739,52.98913043478261,1,16.346153846153847,83.65384615384616
base,2574_s43,2574,43,MERGED50_77ba8c2b63fadcf5,51.92307692307693,48.07692307692307,1,51.92307692307693,48.07692307692307
base,2599_s43,2599,43,MERGED50_78e463e2ec428af7,44.70588235294118,55.29411764705882,1,44.70588235294118,55.29411764705882
base,2601_s43,2601,43,MERGED50_78f1e00fd53a3274,32.780082987551864,67.21991701244814,1,15.730337078651685,84.26966292134831
base,2616_s43,2616,43,MERGED50_79a47969caa2ae63,27.450980392156865,72.54901960784314,1,21.176470588235293,78.82352941176471
base,2622_s43,2622,43,MERGED50_79dabdca37fc4102,28.27586206896552,71.72413793103448,1,20.28985507246377,79.71014492753623
base,2627_s43,2627,43,MERGED50_7a01bc666a0eca16,45.490196078431374,54.509803921568626,1,14.925373134328357,85.07462686567165
base,2636_s43,2636,43,MERGED50_7a80fe2dea4829f2,45.0261780104712,54.9738219895288,1,17.1875,82.8125
base,2652_s43,2652,43,MERGED50_7b300d5704038dbf,22.22222222222222,77.77777777777777,1,22.22222222222222,77.77777777777777
base,2661_s43,2661,43,MERGED50_7be9bc1e78d4269b,47.65625,52.34375,1,21.666666666666668,78.33333333333333
base,2672_s43,2672,43,MERGED50_7c5d8dd9dd48f517,30.597014925373134,69.40298507462687,1,30.107526881720432,69.89247311827957
base,2692_s43,2692,43,MERGED50_7d0b0614229175f8,25.882352941176475,74.11764705882352,1,25.882352941176475,74.11764705882352
base,2705_s43,2705,43,MERGED50_7dbdcf7782af193c,35.11904761904761,64.88095238095238,1,32.69230769230769,67.3076923076923
base,2727_s43,2727,43,MERGED50_7ed2f6a56937016a,40.4320987654321,59.5679012345679,1,18.571428571428573,81.42857142857143
base,2728_s43,2728,43,MERGED50_7ede81269d8631a4,28.000000000000004,72.0,1,28.000000000000004,72.0
base,2741_s43,2741,43,MERGED50_7f640839a3f8e11a,48.21802935010482,51.78197064989518,1,24.390243902439025,75.60975609756098
base,2743_s43,2743,43,MERGED50_7f66caa8892be92f,29.66101694915254,70.33898305084746,1,25.0,75.0
base,2802_s43,2802,43,MERGED50_8250c39e60fe2cf2,43.89438943894389,56.10561056105611,1,17.791411042944784,82.20858895705521
base,2818_s43,2818,43,MERGED50_83412bf11620bd23,47.783251231527096,52.216748768472904,1,25.882352941176475,74.11764705882352
base,2833_s43,2833,43,MERGED50_841cf6c2b9f6631e,23.52941176470588,76.47058823529412,1,14.516129032258066,85.48387096774194
base,2853_s43,2853,43,MERGED50_853f79d92858401e,16.666666666666664,83.33333333333334,0,16.666666666666664,83.33333333333334
base,2859_s43,2859,43,MERGED50_85bd37c154ebca0f,28.846153846153843,71.15384615384616,1,28.846153846153843,71.15384615384616
base,2874_s43,2874,43,MERGED50_8639fd34028091ab,31.97278911564626,68.02721088435374,1,15.853658536585366,84.14634146341463
base,2884_s43,2884,43,MERGED50_867689993d36eb87,22.857142857142858,77.14285714285714,0,22.857142857142858,77.14285714285714
base,2894_s43,2894,43,MERGED50_86db53a5c57f5ff0,27.607361963190186,72.39263803680981,0,27.607361963190186,72.39263803680981
base,2903_s43,2903,43,MERGED50_873694b44f3b2ea8,50.9493670886076,49.0506329113924,1,22.058823529411764,77.94117647058823
base,2906_s43,2906,43,MERGED50_8745eb3faa2564b7,35.18518518518518,64.81481481481481,1,28.846153846153843,71.15384615384616
base,2928_s43,2928,43,MERGED50_883b24135493ecd4,36.84210526315789,63.15789473684211,1,16.666666666666664,83.33333333333334
base,2954_s43,2954,43,MERGED50_89eef421b7a393fa,35.8974358974359,64.1025641025641,1,35.8974358974359,64.1025641025641
base,2978_s43,2978,43,MERGED50_8b386db343c4677e,45.481049562682216,54.518950437317784,1,24.324324324324326,75.67567567567568
base,2987_s43,2987,43,MERGED50_8bedf43df42ac4c0,53.316326530612244,46.683673469387756,1,26.76056338028169,73.2394366197183
base,2993_s43,2993,43,MERGED50_8c190d7c98c4f693,39.92395437262358,60.07604562737642,1,16.666666666666664,83.33333333333334
base,2996_s43,2996,43,MERGED50_8c3d2660267e473d,40.89068825910931,59.10931174089069,1,17.5,82.5
base,3027_s43,3027,43,MERGED50_8dee8af9f39cd7fd,23.25581395348837,76.74418604651163,0,23.25581395348837,76.74418604651163
base,3032_s43,3032,43,MERGED50_8e20bc65561a86aa,17.142857142857142,82.85714285714286,1,17.142857142857142,82.85714285714286
base,3033_s43,3033,43,MERGED50_8e22f7d3d4198db8,42.53731343283582,57.46268656716418,1,22.388059701492537,77.61194029850746
base,3045_s43,3045,43,MERGED50_8ee742e81fc5700b,24.725274725274726,75.27472527472527,1,19.230769230769234,80.76923076923077
base,3049_s43,3049,43,MERGED50_8f21052c420280e1,35.526315789473685,64.47368421052632,1,16.216216216216218,83.78378378378378
base,3080_s43,3080,43,MERGED50_9098dca75b1a5014,49.43181818181818,50.56818181818182,1,15.942028985507244,84.05797101449275
base,3081_s43,3081,43,MERGED50_909e06366de0655f,41.00946372239748,58.99053627760252,1,13.445378151260504,86.5546218487395
base,3095_s43,3095,43,MERGED50_916c635910a1d9e7,44.871794871794876,55.128205128205124,1,17.94871794871795,82.05128205128204
base,3097_s43,3097,43,MERGED50_917a86209294b86f,44.21906693711968,55.78093306288032,1,18.96551724137931,81.0344827586207
base,3104_s43,3104,43,MERGED50_922ef138ede4a09e,42.22222222222222,57.77777777777778,1,16.0,84.0
base,3155_s43,3155,43,MERGED50_952fb4144de0c137,46.808510638297875,53.191489361702125,1,36.76470588235294,63.23529411764706
base,3175_s43,3175,43,MERGED50_967da48d929c47b7,41.17647058823529,58.82352941176471,1,41.17647058823529,58.82352941176471
base,3182_s43,3182,43,MERGED50_96b5b3822e77b0d1,65.38461538461539,34.61538461538461,1,65.38461538461539,34.61538461538461
base,3183_s43,3183,43,MERGED50_96b6b14d746a301d,39.1566265060241,60.8433734939759,1,16.25,83.75
base,3188_s43,3188,43,MERGED50_973156e9c6e6a362,27.900552486187845,72.09944751381215,1,14.736842105263156,85.26315789473685
base,3197_s43,3197,43,MERGED50_97cb7b15febeb2a5,34.319526627218934,65.68047337278107,1,17.28395061728395,82.71604938271605
base,3199_s43,3199,43,MERGED50_97dc8721613c2b73,43.51851851851852,56.48148148148148,1,17.391304347826086,82.6086956521739
base,3217_s43,3217,43,MERGED50_991d320f2a013e40,48.1651376146789,51.8348623853211,1,17.20430107526882,82.79569892473118
base,3225_s43,3225,43,MERGED50_998bb445f3f832c5,43.87755102040816,56.12244897959184,1,23.52941176470588,76.47058823529412
base,3236_s43,3236,43,MERGED50_99e8793681c95da7,35.2112676056338,64.7887323943662,1,35.2112676056338,64.7887323943662
base,3241_s43,3241,43,MERGED50_9a6d86d4a6b18c65,48.669201520912544,51.330798479087456,1,15.254237288135593,84.7457627118644
base,3248_s43,3248,43,MERGED50_9a8b8d185d4bd22e,44.0,56.0,1,17.647058823529413,82.35294117647058
base,3252_s43,3252,43,MERGED50_9aa2b233a097c88b,34.98098859315589,65.0190114068441,1,15.841584158415841,84.15841584158416
base,3256_s43,3256,43,MERGED50_9ab99c917ac7df76,47.01086956521739,52.98913043478261,1,16.94915254237288,83.05084745762713
base,3257_s43,3257,43,MERGED50_9abd9e349a65eaa1,42.600896860986545,57.399103139013455,1,17.56756756756757,82.43243243243244
base,3268_s43,3268,43,MERGED50_9b5fcc70f997c7eb,49.8134328358209,50.1865671641791,1,16.091954022988507,83.9080459770115
base,3269_s43,3269,43,MERGED50_9b7b4d6e047a5ec0,36.89320388349515,63.10679611650485,1,26.923076923076923,73.07692307692308
base,3272_s43,3272,43,MERGED50_9b8f00624edaac0d,54.166666666666664,45.833333333333336,1,16.417910447761194,83.58208955223881
base,3274_s43,3274,43,MERGED50_9b98dddab58fa657,18.181818181818183,81.81818181818181,0,18.181818181818183,81.81818181818181
base,3275_s43,3275,43,MERGED50_9bb2b32cfe362dbd,33.33333333333333,66.66666666666667,1,15.584415584415584,84.41558441558442
base,3305_s43,3305,43,MERGED50_9d334cd69d11cc08,49.48717948717949,50.51282051282051,1,15.2,84.8
base,3306_s43,3306,43,MERGED50_9d4cad0bf4f4eabb,16.0,84.0,0,16.0,84.0
base,3321_s43,3321,43,MERGED50_9df10ef1bbe6e50a,41.228070175438596,58.771929824561404,1,17.543859649122805,82.45614035087719
base,3354_s43,3354,43,MERGED50_a0217cea3a619c31,39.71119133574007,60.28880866425993,1,16.94915254237288,83.05084745762713
base,3361_s43,3361,43,MERGED50_a09fa1c40dba6a05,42.62948207171315,57.37051792828685,1,18.96551724137931,81.0344827586207
base,3410_s43,3410,43,MERGED50_a2d5559200c22c7a,14.516129032258066,85.48387096774194,0,14.516129032258066,85.48387096774194
base,3423_s43,3423,43,MERGED50_a36ed354195d99f9,35.16699410609037,64.83300589390963,1,18.055555555555554,81.94444444444444
base,3427_s43,3427,43,MERGED50_a38dcaacea403954,39.87730061349693,60.12269938650307,1,39.87730061349693,60.12269938650307
base,3429_s43,3429,43,MERGED50_a39b3ac9186d9697,42.98642533936652,57.01357466063348,1,23.076923076923077,76.92307692307692
base,3436_s43,3436,43,MERGED50_a42681c8ab1c5abd,40.95744680851064,59.04255319148936,1,21.301775147928996,78.69822485207101
base,3509_s43,3509,43,MERGED50_a84d6eb4536c54e4,37.301587301587304,62.698412698412696,1,20.634920634920633,79.36507936507937
base,3510_s43,3510,43,MERGED50_a84f97de017ca7ec,52.737226277372265,47.262773722627735,1,26.47058823529412,73.52941176470588
base,3532_s43,3532,43,MERGED50_a9ed355f00ad370a,74.07407407407408,25.925925925925924,1,74.07407407407408,25.925925925925924
base,3542_s43,3542,43,MERGED50_aa3463f5ddc1b812,32.05128205128205,67.94871794871796,1,19.230769230769234,80.76923076923077
base,3564_s43,3564,43,MERGED50_ab2b415c51b1e502,41.35021097046413,58.64978902953587,1,15.714285714285714,84.28571428571429
base,3567_s43,3567,43,MERGED50_ab425ac822b5007b,45.13888888888889,54.86111111111111,1,17.894736842105264,82.10526315789474
base,3581_s43,3581,43,MERGED50_ac0e0751641ba8c5,17.006802721088434,82.99319727891157,1,16.483516483516482,83.51648351648352
base,3585_s43,3585,43,MERGED50_ac619d734e1fed35,47.05882352941176,52.94117647058824,1,47.05882352941176,52.94117647058824
base,3586_s43,3586,43,MERGED50_ac69c745c89ad948,45.14435695538058,54.85564304461942,1,24.390243902439025,75.60975609756098
base,3629_s43,3629,43,MERGED50_ae7a8231780df578,39.23076923076923,60.76923076923077,1,23.333333333333332,76.66666666666667
base,3649_s43,3649,43,MERGED50_afa7cfce20caf18e,44.70588235294118,55.29411764705882,1,20.689655172413794,79.3103448275862
base,3669_s43,3669,43,MERGED50_b0921b39d04065fe,14.893617021276595,85.1063829787234,0,14.893617021276595,85.1063829787234
base,3672_s43,3672,43,MERGED50_b0acaec12cf54da1,35.833333333333336,64.16666666666666,1,16.666666666666664,83.33333333333334
base,3677_s43,3677,43,MERGED50_b11026cfc39511b7,49.03846153846153,50.96153846153847,1,15.254237288135593,84.7457627118644
base,3680_s43,3680,43,MERGED50_b158ae789a92cb66,35.84905660377358,64.15094339622641,1,35.84905660377358,64.15094339622641
base,3683_s43,3683,43,MERGED50_b17f8de8e8177506,15.789473684210526,84.21052631578948,0,15.789473684210526,84.21052631578948
base,3684_s43,3684,43,MERGED50_b19bfa8594c86411,45.16129032258064,54.83870967741936,1,45.16129032258064,54.83870967741936
base,3694_s43,3694,43,MERGED50_b25490b4a76d74a5,48.61878453038674,51.38121546961326,1,18.181818181818183,81.81818181818181
base,3702_s43,3702,43,MERGED50_b2b8613a7d28b25a,46.070460704607044,53.929539295392956,1,15.384615384615385,84.61538461538461
base,3718_s43,3718,43,MERGED50_b40efb3f02a47298,27.058823529411764,72.94117647058823,1,22.35294117647059,77.6470588235294
base,3722_s43,3722,43,MERGED50_b42142937144f0e9,47.239263803680984,52.760736196319016,1,22.535211267605636,77.46478873239437
base,3728_s43,3728,43,MERGED50_b45c254a83e9819b,37.396121883656505,62.603878116343495,1,15.151515151515152,84.84848484848484
base,3748_s43,3748,43,MERGED50_b58172d9edd3ab32,49.03846153846153,50.96153846153847,1,15.384615384615385,84.61538461538461
base,3752_s43,3752,43,MERGED50_b59c30f551ed6b1f,47.07520891364902,52.92479108635098,1,15.454545454545453,84.54545454545455
base,3762_s43,3762,43,MERGED50_b6320c1cb01534e4,53.84615384615385,46.15384615384615,1,53.84615384615385,46.15384615384615
base,3771_s43,3771,43,MERGED50_b69c514bad0a6438,44.24778761061947,55.75221238938053,1,14.942528735632186,85.05747126436782
base,3774_s43,3774,43,MERGED50_b6d00e21099ae542,46.875,53.125,1,18.96551724137931,81.0344827586207
base,3776_s43,3776,43,MERGED50_b6faaa8e81b33b62,17.073170731707318,82.92682926829268,0,17.073170731707318,82.92682926829268
base,3783_s43,3783,43,MERGED50_b7a6b6c91b9cd7ea,38.28382838283829,61.71617161716171,1,20.27027027027027,79.72972972972973
base,3816_s43,3816,43,MERGED50_b957d14dcf1bbe9a,54.601226993865026,45.398773006134974,1,54.601226993865026,45.398773006134974
base,3818_s43,3818,43,MERGED50_b967112def0d9512,34.234234234234236,65.76576576576576,1,22.058823529411764,77.94117647058823
base,3831_s43,3831,43,MERGED50_b9d681926a4b600e,19.35483870967742,80.64516129032258,0,19.35483870967742,80.64516129032258
base,3838_s43,3838,43,MERGED50_ba291c9173c50b04,37.37864077669903,62.62135922330097,1,14.102564102564102,85.8974358974359
base,3840_s43,3840,43,MERGED50_ba443842d54492a7,41.935483870967744,58.064516129032256,1,16.666666666666664,83.33333333333334
base,3852_s43,3852,43,MERGED50_bb10fbaaf2dc3390,15.0,85.0,0,15.0,85.0
base,3853_s43,3853,43,MERGED50_bb204324245ac57d,42.35294117647059,57.64705882352941,1,15.294117647058824,84.70588235294117
base,3855_s43,3855,43,MERGED50_bb3455cbaad33f86,40.77669902912621,59.22330097087379,1,21.21212121212121,78.78787878787878
base,3859_s43,3859,43,MERGED50_bb5eda403322a160,36.17021276595745,63.82978723404255,1,36.17021276595745,63.82978723404255
base,3872_s43,3872,43,MERGED50_bc17887e887e8809,25.294117647058822,74.70588235294117,1,25.294117647058822,74.70588235294117
base,3879_s43,3879,43,MERGED50_bc5d8b8a3e7fc15d,37.280701754385966,62.719298245614034,1,17.91044776119403,82.08955223880596
base,3895_s43,3895,43,MERGED50_bd037da1c83d4495,58.08580858085809,41.91419141914191,1,18.181818181818183,81.81818181818181
base,3904_s43,3904,43,MERGED50_bd5d3346b3f492d1,44.5945945945946,55.4054054054054,1,18.91891891891892,81.08108108108108
base,3913_s43,3913,43,MERGED50_bdfb0561a2f0e94d,17.741935483870968,82.25806451612902,0,17.741935483870968,82.25806451612902
base,3923_s43,3923,43,MERGED50_be9dd7740e7d701e,48.421052631578945,51.578947368421055,1,23.728813559322035,76.27118644067797
base,3926_s43,3926,43,MERGED50_beb97b9d7100d060,14.814814814814813,85.18518518518519,0,14.814814814814813,85.18518518518519
base,3937_s43,3937,43,MERGED50_bf4d181218869bd3,40.52287581699346,59.47712418300654,1,40.38461538461539,59.61538461538461
base,3948_s43,3948,43,MERGED50_c004f25ea592d5dc,33.33333333333333,66.66666666666667,1,27.11864406779661,72.88135593220339
base,3950_s43,3950,43,MERGED50_c023f2020521997b,36.069651741293534,63.930348258706466,1,18.29268292682927,81.70731707317073
base,3974_s43,3974,43,MERGED50_c14b578a40b8c8b1,37.3134328358209,62.6865671641791,1,37.3134328358209,62.6865671641791
base,3980_s43,3980,43,MERGED50_c1bf1e334817e0f2,15.294117647058824,84.70588235294117,0,15.294117647058824,84.70588235294117
base,3981_s43,3981,43,MERGED50_c1c730c120397711,48.60050890585242,51.39949109414758,1,32.69230769230769,67.3076923076923
base,3983_s43,3983,43,MERGED50_c1d88cac251c841c,48.30508474576271,51.69491525423729,1,17.24137931034483,82.75862068965517
base,4001_s43,4001,43,MERGED50_c3715085cbdba5f4,46.06741573033708,53.93258426966292,1,17.699115044247787,82.30088495575221
base,4016_s43,4016,43,MERGED50_c4074a4ba6f23c3b,29.447852760736197,70.5521472392638,0,29.447852760736197,70.5521472392638
base,4019_s43,4019,43,MERGED50_c430d42301ff2bd9,21.568627450980394,78.43137254901961,1,21.568627450980394,78.43137254901961
base,4024_s43,4024,43,MERGED50_c47a49ed1eedac36,41.48936170212766,58.51063829787234,1,18.085106382978726,81.91489361702128
base,4032_s43,4032,43,MERGED50_c4bda75420b8a03b,37.5,62.5,1,18.75,81.25
base,4039_s43,4039,43,MERGED50_c51ac5431905f7ee,38.793103448275865,61.206896551724135,1,21.176470588235293,78.82352941176471
base,4061_s43,4061,43,MERGED50_c6a44b119bef1302,37.634408602150536,62.365591397849464,0,37.634408602150536,62.365591397849464
base,4071_s43,4071,43,MERGED50_c74a4126117a32ad,45.99303135888502,54.00696864111498,1,15.384615384615385,84.61538461538461
base,4073_s43,4073,43,MERGED50_c75525dbde37c28c,38.18681318681318,61.81318681318682,1,15.492957746478872,84.50704225352112
base,4074_s43,4074,43,MERGED50_c75ab1a5c9ad6c6f,24.890829694323145,75.10917030567686,1,24.890829694323145,75.10917030567686
base,4078_s43,4078,43,MERGED50_c79ff93d590f9bda,18.75,81.25,1,18.75,81.25
base,4081_s43,4081,43,MERGED50_c7c021d8ab4041ec,23.52941176470588,76.47058823529412,1,23.52941176470588,76.47058823529412
base,4084_s43,4084,43,MERGED50_c7f03ab966fff9af,23.52941176470588,76.47058823529412,1,17.24137931034483,82.75862068965517
base,4096_s43,4096,43,MERGED50_c84242fb3de977b7,28.05755395683453,71.94244604316548,1,28.05755395683453,71.94244604316548
base,4121_s43,4121,43,MERGED50_c9f6c384862b1fe4,39.46188340807175,60.53811659192825,1,23.52941176470588,76.47058823529412
base,4167_s43,4167,43,MERGED50_cce784180d050396,16.27906976744186,83.72093023255815,1,16.27906976744186,83.72093023255815
base,4174_s43,4174,43,MERGED50_cd0a1fdd85de8ab1,45.370370370370374,54.629629629629626,1,16.129032258064516,83.87096774193549
base,4188_s43,4188,43,MERGED50_cddc29167df62ef9,17.1875,82.8125,1,17.1875,82.8125
base,4189_s43,4189,43,MERGED50_cdeb5e55f9b42a2d,46.359223300970875,53.640776699029125,1,21.153846153846153,78.84615384615384
base,4191_s43,4191,43,MERGED50_cdfbd57f3bb21d20,32.432432432432435,67.56756756756756,1,16.666666666666664,83.33333333333334
base,4198_s43,4198,43,MERGED50_ce9430b3548fb97f,19.35483870967742,80.64516129032258,0,19.35483870967742,80.64516129032258
base,4208_s43,4208,43,MERGED50_ceee00040657071c,34.75935828877005,65.24064171122996,1,14.754098360655737,85.24590163934427
base,4231_s43,4231,43,MERGED50_d05dd345e17ccbad,54.04040404040404,45.95959595959596,1,19.018404907975462,80.98159509202453
base,4248_s43,4248,43,MERGED50_d1669aedc2240498,38.67595818815331,61.32404181184669,1,17.92452830188679,82.0754716981132
base,4277_s43,4277,43,MERGED50_d33811d5beca09c4,22.5,77.5,1,22.5,77.5
base,4307_s43,4307,43,MERGED50_d46d768da670065d,65.38461538461539,34.61538461538461,1,65.38461538461539,34.61538461538461
base,4338_s43,4338,43,MERGED50_d63aedec8517f781,54.80225988700565,45.19774011299435,1,17.91044776119403,82.08955223880596
base,4339_s43,4339,43,MERGED50_d646f7b19527e834,39.33333333333333,60.66666666666667,1,19.11764705882353,80.88235294117646
base,4366_s43,4366,43,MERGED50_d79dcc8b60502ff1,39.69631236442516,60.30368763557484,1,23.684210526315788,76.31578947368422
base,4430_s43,4430,43,MERGED50_dbd87a83d6fc84aa,21.50537634408602,78.49462365591398,1,19.402985074626866,80.59701492537313
base,4444_s43,4444,43,MERGED50_dcf2317213ccfe3c,43.31395348837209,56.68604651162791,1,13.924050632911392,86.07594936708861
base,4450_s43,4450,43,MERGED50_dd2e6125e1a265fe,37.34939759036144,62.65060240963856,1,16.867469879518072,83.13253012048193
base,4460_s43,4460,43,MERGED50_dd88294982766a63,56.82819383259912,43.17180616740088,1,18.88888888888889,81.11111111111111
base,4473_s43,4473,43,MERGED50_de3037fc7a3630e5,21.73913043478261,78.26086956521739,1,19.565217391304348,80.43478260869566
base,4477_s43,4477,43,MERGED50_de83bc5e0f478a3f,19.021739130434785,80.97826086956522,1,18.96551724137931,81.0344827586207
base,4482_s43,4482,43,MERGED50_debafa50f2edd0c3,50.83333333333333,49.16666666666667,1,19.270833333333336,80.72916666666666
base,4494_s43,4494,43,MERGED50_df902d078f750801,71.42857142857143,28.57142857142857,1,71.42857142857143,28.57142857142857
base,4504_s43,4504,43,MERGED50_e0b9c4be3893b47f,46.06741573033708,53.93258426966292,1,16.39344262295082,83.60655737704919
base,4519_s43,4519,43,MERGED50_e212773ad22e28b2,51.28205128205128,48.71794871794872,1,22.82608695652174,77.17391304347827
base,4520_s43,4520,43,MERGED50_e231cb7424a6a4cc,26.455026455026452,73.54497354497354,1,17.647058823529413,82.35294117647058
base,4529_s43,4529,43,MERGED50_e2efec855aee89e2,33.57142857142857,66.42857142857143,1,17.307692307692307,82.6923076923077
base,4550_s43,4550,43,MERGED50_e42151b516d32088,31.70731707317073,68.29268292682927,1,31.70731707317073,68.29268292682927
base,4555_s43,4555,43,MERGED50_e475439234c7647e,51.633986928104584,48.366013071895416,1,22.727272727272727,77.27272727272728
base,4576_s43,4576,43,MERGED50_e5ff27e33cc22509,26.923076923076923,73.07692307692308,1,19.230769230769234,80.76923076923077
base,4599_s43,4599,43,MERGED50_e77ba9164be0680a,45.57522123893805,54.42477876106195,1,19.19191919191919,80.8080808080808
base,4641_s43,4641,43,MERGED50_e9c1dfc7c71e4fbc,48.529411764705884,51.470588235294116,1,48.529411764705884,51.470588235294116
base,4650_s43,4650,43,MERGED50_ea9029ad82f47cd2,16.666666666666664,83.33333333333334,0,16.666666666666664,83.33333333333334
base,4685_s43,4685,43,MERGED50_ec88cbd03a7591af,47.24857685009488,52.75142314990512,1,19.631901840490798,80.3680981595092
base,4703_s43,4703,43,MERGED50_ed73874f8aff14ec,42.00426439232409,57.99573560767591,1,25.766871165644172,74.23312883435582
base,4705_s43,4705,43,MERGED50_ed83b9c72b29bec9,43.38747099767982,56.61252900232018,1,17.791411042944784,82.20858895705521
base,4706_s43,4706,43,MERGED50_ed883dba8938761b,43.155893536121674,56.844106463878326,1,20.54794520547945,79.45205479452055
base,4714_s43,4714,43,MERGED50_eddd8b84fbb094df,52.94117647058824,47.05882352941176,1,52.94117647058824,47.05882352941176
base,4722_s43,4722,43,MERGED50_ee9ac1679f924fe0,15.714285714285714,84.28571428571429,0,15.714285714285714,84.28571428571429
base,4727_s43,4727,43,MERGED50_eeab14de56108434,43.005181347150256,56.994818652849744,1,24.390243902439025,75.60975609756098
base,4728_s43,4728,43,MERGED50_eebe608c1dc4845c,45.182724252491695,54.817275747508305,1,21.808510638297875,78.19148936170212
base,4751_s43,4751,43,MERGED50_f038619a0231ba7e,40.78947368421053,59.21052631578947,1,18.421052631578945,81.57894736842105
base,4763_s43,4763,43,MERGED50_f13c72cd8d45ebe7,34.523809523809526,65.47619047619048,1,26.923076923076923,73.07692307692308
base,4795_s43,4795,43,MERGED50_f2cc0874cbb65938,29.629629629629626,70.37037037037038,1,29.629629629629626,70.37037037037038
base,4812_s43,4812,43,MERGED50_f43a6e20b5945044,41.84100418410041,58.15899581589959,1,15.384615384615385,84.61538461538461
base,4824_s43,4824,43,MERGED50_f4ee08c1c2850382,18.012422360248447,81.98757763975155,0,18.012422360248447,81.98757763975155
base,4826_s43,4826,43,MERGED50_f4fc13f6a35cece9,43.19371727748691,56.80628272251309,1,17.159763313609467,82.84023668639054
base,4828_s43,4828,43,MERGED50_f50b9fbf99080303,21.31979695431472,78.68020304568527,1,17.985611510791365,82.01438848920864
base,4844_s43,4844,43,MERGED50_f5fc15383ffa145c,27.102803738317753,72.89719626168224,1,18.69158878504673,81.30841121495327
base,4852_s43,4852,43,MERGED50_f66fbf9aead0a729,43.855421686746986,56.144578313253014,1,13.513513513513514,86.48648648648648
base,4868_s43,4868,43,MERGED50_f77547d110548b22,46.103896103896105,53.896103896103895,1,14.285714285714285,85.71428571428572
base,4878_s43,4878,43,MERGED50_f80b1bfa68a5055b,39.03508771929825,60.96491228070175,1,16.94915254237288,83.05084745762713
base,4882_s43,4882,43,MERGED50_f85af1cfd77fe329,25.0,75.0,0,25.0,75.0
base,4890_s43,4890,43,MERGED50_f8f2c16d148835db,23.300970873786408,76.69902912621359,1,22.330097087378643,77.66990291262135
base,4894_s43,4894,43,MERGED50_f9b2afb323193f2d,16.94915254237288,83.05084745762713,0,16.94915254237288,83.05084745762713
base,4906_s43,4906,43,MERGED50_faa39422296b7aca,51.173708920187785,48.826291079812215,1,17.56756756756757,82.43243243243244
base,4928_s43,4928,43,MERGED50_fc3b933e66dbd079,28.83116883116883,71.16883116883116,1,17.91044776119403,82.08955223880596
base,4935_s43,4935,43,MERGED50_fc6832bf8f311645,40.78947368421053,59.21052631578947,1,17.647058823529413,82.35294117647058
base,4974_s43,4974,43,MERGED50_fec23b05266c6445,41.31736526946108,58.68263473053892,1,29.577464788732392,70.42253521126761
base,4997_s43,4997,43,MERGED50_ffe58f76fbf1c3d1,35.13513513513514,64.86486486486487,0,35.13513513513514,64.86486486486487
base,4999_s43,4999,43,MERGED50_fff98652c2cd13ef,38.028169014084504,61.971830985915496,1,15.068493150684931,84.93150684931507
base,5003_s43,5003,43,MERGED50_00120ac4459afbdb,23.333333333333332,76.66666666666667,0,23.333333333333332,76.66666666666667
base,5008_s43,5008,43,MERGED50_0032c81cd7cab7ac,18.633540372670808,81.36645962732919,0,18.633540372670808,81.36645962732919
base,5025_s43,5025,43,MERGED50_00dde5a176ea8d7f,30.88235294117647,69.11764705882354,0,30.88235294117647,69.11764705882354
base,5037_s43,5037,43,MERGED50_017b6f29c6d8b633,15.714285714285714,84.28571428571429,0,15.714285714285714,84.28571428571429
base,5040_s43,5040,43,MERGED50_01942ab7f57ed721,28.767123287671232,71.23287671232876,0,28.767123287671232,71.23287671232876
base,5051_s43,5051,43,MERGED50_0230fd9b3fc7499a,20.689655172413794,79.3103448275862,0,20.689655172413794,79.3103448275862
base,5055_s43,5055,43,MERGED50_026479af6aa24b0c,16.923076923076923,83.07692307692308,0,16.923076923076923,83.07692307692308
base,5065_s43,5065,43,MERGED50_02feb0913a030592,15.853658536585366,84.14634146341463,0,15.853658536585366,84.14634146341463
base,5070_s43,5070,43,MERGED50_032dbc2eb5018b1c,18.64406779661017,81.35593220338983,0,18.64406779661017,81.35593220338983
base,5076_s43,5076,43,MERGED50_036399fc2c0cccb7,16.666666666666664,83.33333333333334,0,16.666666666666664,83.33333333333334
base,5080_s43,5080,43,MERGED50_03796420107aef19,40.86021505376344,59.13978494623656,0,40.86021505376344,59.13978494623656
base,5088_s43,5088,43,MERGED50_03c0a40f99dc781c,14.0625,85.9375,0,14.0625,85.9375
base,5089_s43,5089,43,MERGED50_03c2e6c187473265,17.59259259259259,82.4074074074074,0,17.59259259259259,82.4074074074074
base,5095_s43,5095,43,MERGED50_03db67f5ccc79c0e,13.008130081300814,86.99186991869918,0,13.008130081300814,86.99186991869918
base,5123_s43,5123,43,MERGED50_05a26bba040196ba,14.583333333333334,85.41666666666667,0,14.583333333333334,85.41666666666667
base,5131_s43,5131,43,MERGED50_05e88b6f0885c311,48.275862068965516,51.724137931034484,0,48.275862068965516,51.724137931034484
base,5138_s43,5138,43,MERGED50_0617e4c0228d6fb6,15.384615384615385,84.61538461538461,0,15.384615384615385,84.61538461538461
base,5150_s43,5150,43,MERGED50_0658641ef48a2727,18.461538461538463,81.53846153846153,0,18.461538461538463,81.53846153846153
base,5165_s43,5165,43,MERGED50_07072a9a4444b12d,18.64406779661017,81.35593220338983,0,18.64406779661017,81.35593220338983
base,5173_s43,5173,43,MERGED50_0766020e50efe4ea,15.384615384615385,84.61538461538461,0,15.384615384615385,84.61538461538461
base,5177_s43,5177,43,MERGED50_07a1d9c0df06e230,18.181818181818183,81.81818181818181,0,18.181818181818183,81.81818181818181
base,5181_s43,5181,43,MERGED50_07aec71e4d97a4d0,19.230769230769234,80.76923076923077,0,19.230769230769234,80.76923076923077
base,5187_s43,5187,43,MERGED50_07e99b5bc195d497,16.666666666666664,83.33333333333334,0,16.666666666666664,83.33333333333334
base,5197_s43,5197,43,MERGED50_08e0ff1a206018df,19.696969696969695,80.30303030303031,0,19.696969696969695,80.30303030303031
base,5206_s43,5206,43,MERGED50_094c5a9d4692919d,22.772277227722775,77.22772277227722,0,22.772277227722775,77.22772277227722
base,5214_s43,5214,43,MERGED50_09b58931be2e6dd7,63.46153846153846,36.53846153846154,0,63.46153846153846,36.53846153846154
base,5234_s43,5234,43,MERGED50_0a59d788503e05b0,16.417910447761194,83.58208955223881,0,16.417910447761194,83.58208955223881
base,5242_s43,5242,43,MERGED50_0aa1d3066901a600,15.789473684210526,84.21052631578948,0,15.789473684210526,84.21052631578948
base,5243_s43,5243,43,MERGED50_0aa29fbf0959eb32,15.789473684210526,84.21052631578948,0,15.789473684210526,84.21052631578948
base,5255_s43,5255,43,MERGED50_0b1882a8e996db17,24.137931034482758,75.86206896551724,0,24.137931034482758,75.86206896551724
base,5264_s43,5264,43,MERGED50_0b6344ff33e8afaf,31.818181818181817,68.18181818181819,0,31.818181818181817,68.18181818181819
base,5279_s43,5279,43,MERGED50_0bef9f9d0a8f8775,18.487394957983195,81.5126050420168,0,18.487394957983195,81.5126050420168
base,5298_s43,5298,43,MERGED50_0cf62e1ccb94abd0,15.254237288135593,84.7457627118644,0,15.254237288135593,84.7457627118644
base,5317_s43,5317,43,MERGED50_0de5d82f449aae02,14.814814814814813,85.18518518518519,0,14.814814814814813,85.18518518518519
base,5338_s43,5338,43,MERGED50_0e8e0624ad32891d,21.12676056338028,78.87323943661971,0,21.12676056338028,78.87323943661971
base,5339_s43,5339,43,MERGED50_0ea09acdf6f8b5d3,14.0625,85.9375,0,14.0625,85.9375
base,5340_s43,5340,43,MERGED50_0eaff4ebc03b683a,15.789473684210526,84.21052631578948,0,15.789473684210526,84.21052631578948
base,5354_s43,5354,43,MERGED50_0f8092eecccca48e,21.25984251968504,78.74015748031496,0,21.25984251968504,78.74015748031496
base,5373_s43,5373,43,MERGED50_1052cd8ef9c7243a,16.39344262295082,83.60655737704919,0,16.39344262295082,83.60655737704919
base,5380_s43,5380,43,MERGED50_10841adedd45e76e,15.714285714285714,84.28571428571429,0,15.714285714285714,84.28571428571429
base,5394_s43,5394,43,MERGED50_11499e85c66a4092,20.37037037037037,79.62962962962963,0,20.37037037037037,79.62962962962963
base,5423_s43,5423,43,MERGED50_12dd5cd19acc7e20,18.627450980392158,81.37254901960785,0,18.627450980392158,81.37254901960785
base,5428_s43,5428,43,MERGED50_12e93fded623c2e1,16.19047619047619,83.80952380952381,0,16.19047619047619,83.80952380952381
base,5438_s43,5438,43,MERGED50_135575845b910841,39.705882352941174,60.294117647058826,0,39.705882352941174,60.294117647058826
base,5447_s43,5447,43,MERGED50_13b18f1252e84741,32.926829268292686,67.07317073170731,0,32.926829268292686,67.07317073170731
base,5449_s43,5449,43,MERGED50_13bea424a5f6e1a5,23.97959183673469,76.0204081632653,0,23.97959183673469,76.0204081632653
base,5455_s43,5455,43,MERGED50_143fd4b2ee48536b,15.483870967741936,84.51612903225806,0,15.483870967741936,84.51612903225806
base,5460_s43,5460,43,MERGED50_147c853898014120,60.86956521739131,39.13043478260869,0,60.86956521739131,39.13043478260869
base,5461_s43,5461,43,MERGED50_147d2013d65fc512,16.964285714285715,83.03571428571428,0,16.964285714285715,83.03571428571428
base,5463_s43,5463,43,MERGED50_147fd6b01d85a456,23.52941176470588,76.47058823529412,0,23.52941176470588,76.47058823529412
base,5464_s43,5464,43,MERGED50_14801d20b7ddca47,19.35483870967742,80.64516129032258,0,19.35483870967742,80.64516129032258
base,5496_s43,5496,43,MERGED50_15f124865ab1bdde,15.96244131455399,84.03755868544602,0,15.96244131455399,84.03755868544602
base,5543_s43,5543,43,MERGED50_17b9fadb9ce7a553,15.384615384615385,84.61538461538461,0,15.384615384615385,84.61538461538461
base,5545_s43,5545,43,MERGED50_17cc67d2a7cdcd32,19.230769230769234,80.76923076923077,0,19.230769230769234,80.76923076923077
base,5550_s43,5550,43,MERGED50_17f7da5b4fd6edbd,39.130434782608695,60.869565217391305,0,39.130434782608695,60.869565217391305
base,5594_s43,5594,43,MERGED50_19d1d1e7a0e2637f,20.168067226890756,79.83193277310924,0,20.168067226890756,79.83193277310924
base,5604_s43,5604,43,MERGED50_1a871ed70368ae12,15.277777777777779,84.72222222222223,0,15.277777777777779,84.72222222222223
base,5605_s43,5605,43,MERGED50_1a876c5efeac5087,20.0,80.0,0,20.0,80.0
base,5633_s43,5633,43,MERGED50_1c30005406d38112,36.76470588235294,63.23529411764706,0,36.76470588235294,63.23529411764706
base,5641_s43,5641,43,MERGED50_1c74737af57a3b41,15.730337078651685,84.26966292134831,0,15.730337078651685,84.26966292134831
base,5653_s43,5653,43,MERGED50_1d0a2e0cfd4a49ed,20.155038759689923,79.84496124031008,0,20.155038759689923,79.84496124031008
base,5669_s43,5669,43,MERGED50_1d8b828b93987a54,28.333333333333332,71.66666666666667,0,28.333333333333332,71.66666666666667
base,5674_s43,5674,43,MERGED50_1dca57cac228f5ba,17.105263157894736,82.89473684210526,0,17.105263157894736,82.89473684210526
base,5697_s43,5697,43,MERGED50_1e8cd1176472ec23,15.74468085106383,84.25531914893617,0,15.74468085106383,84.25531914893617
base,5705_s43,5705,43,MERGED50_1f0319b34770bb4e,28.846153846153843,71.15384615384616,0,28.846153846153843,71.15384615384616
base,5711_s43,5711,43,MERGED50_1f5b82705668d318,17.94871794871795,82.05128205128204,0,17.94871794871795,82.05128205128204
base,5713_s43,5713,43,MERGED50_1f69c38cc82badcf,81.13207547169812,18.867924528301884,0,81.13207547169812,18.867924528301884
base,5714_s43,5714,43,MERGED50_1f72254b20f2bfd1,17.307692307692307,82.6923076923077,0,17.307692307692307,82.6923076923077
base,5717_s43,5717,43,MERGED50_1f774c939473b487,16.363636363636363,83.63636363636364,0,16.363636363636363,83.63636363636364
base,5720_s43,5720,43,MERGED50_1f91ad6122624770,13.020833333333334,86.97916666666667,0,13.020833333333334,86.97916666666667
base,5750_s43,5750,43,MERGED50_20eadc13a183a77b,16.666666666666664,83.33333333333334,0,16.666666666666664,83.33333333333334
base,5755_s43,5755,43,MERGED50_21522a91acb8d5b4,17.24137931034483,82.75862068965517,0,17.24137931034483,82.75862068965517
base,5821_s43,5821,43,MERGED50_23bacdc8fa9679cf,16.363636363636363,83.63636363636364,0,16.363636363636363,83.63636363636364
base,5826_s43,5826,43,MERGED50_2406f5f5cee4d0e3,21.27659574468085,78.72340425531915,0,21.27659574468085,78.72340425531915
base,5827_s43,5827,43,MERGED50_241513ee4f2a5141,15.555555555555555,84.44444444444444,0,15.555555555555555,84.44444444444444
base,5842_s43,5842,43,MERGED50_24bd4658575e2d5f,21.666666666666668,78.33333333333333,0,21.666666666666668,78.33333333333333
base,5843_s43,5843,43,MERGED50_24c7a53a67519e41,48.07692307692308,51.92307692307692,0,48.07692307692308,51.92307692307692
base,5844_s43,5844,43,MERGED50_24cfd77c882e4386,14.666666666666666,85.33333333333333,0,14.666666666666666,85.33333333333333
base,5865_s43,5865,43,MERGED50_2585ac52fd7648cb,19.35483870967742,80.64516129032258,0,19.35483870967742,80.64516129032258
base,5873_s43,5873,43,MERGED50_25ec6356e1075dd9,18.571428571428573,81.42857142857143,0,18.571428571428573,81.42857142857143
base,5874_s43,5874,43,MERGED50_25fb5ac1b1f5982d,14.925373134328357,85.07462686567165,0,14.925373134328357,85.07462686567165
base,5876_s43,5876,43,MERGED50_261269a44bdb5e4e,19.298245614035086,80.70175438596492,0,19.298245614035086,80.70175438596492
base,5877_s43,5877,43,MERGED50_26245ee18911017f,19.11764705882353,80.88235294117646,0,19.11764705882353,80.88235294117646
base,5904_s43,5904,43,MERGED50_275d875a20c2086e,35.189873417721515,64.81012658227849,0,35.189873417721515,64.81012658227849
base,5937_s43,5937,43,MERGED50_28cc2c2954f1f9af,14.444444444444443,85.55555555555556,0,14.444444444444443,85.55555555555556
base,5963_s43,5963,43,MERGED50_29b73def492c9f44,20.0,80.0,0,20.0,80.0
base,5965_s43,5965,43,MERGED50_29dec82371754969,18.0327868852459,81.9672131147541,0,18.0327868852459,81.9672131147541
base,5966_s43,5966,43,MERGED50_29e894be39de3ccc,20.689655172413794,79.3103448275862,0,20.689655172413794,79.3103448275862
base,5967_s43,5967,43,MERGED50_29f3849fa5c83b6b,29.411764705882355,70.58823529411765,0,29.411764705882355,70.58823529411765
base,5988_s43,5988,43,MERGED50_2ac5902fdbf7595a,17.307692307692307,82.6923076923077,0,17.307692307692307,82.6923076923077
base,5991_s43,5991,43,MERGED50_2af00ba0a63b54c7,23.4375,76.5625,0,23.4375,76.5625
base,6013_s43,6013,43,MERGED50_2bf87492134fc0dc,19.718309859154928,80.28169014084507,0,19.718309859154928,80.28169014084507
base,6030_s43,6030,43,MERGED50_2ca9303b4c59fbe3,15.853658536585366,84.14634146341463,0,15.853658536585366,84.14634146341463
base,6037_s43,6037,43,MERGED50_2d02571f78bd5b1f,16.51376146788991,83.4862385321101,0,16.51376146788991,83.4862385321101
base,6038_s43,6038,43,MERGED50_2d082ed9eda7ac7c,14.423076923076922,85.57692307692308,0,14.423076923076922,85.57692307692308
base,6075_s43,6075,43,MERGED50_2edca9e118ffb9d8,18.181818181818183,81.81818181818181,0,18.181818181818183,81.81818181818181
base,6080_s43,6080,43,MERGED50_2f3e2ccaa26b49c8,16.94915254237288,83.05084745762713,0,16.94915254237288,83.05084745762713
base,6086_s43,6086,43,MERGED50_2f886770df068b4e,26.666666666666668,73.33333333333333,0,26.666666666666668,73.33333333333333
base,6087_s43,6087,43,MERGED50_2f9586f2a5b11d8a,61.76470588235294,38.23529411764706,0,61.76470588235294,38.23529411764706
base,6103_s43,6103,43,MERGED50_30bfcb889780830f,14.814814814814813,85.18518518518519,0,14.814814814814813,85.18518518518519
base,6104_s43,6104,43,MERGED50_30c34d730d4ccf94,28.8135593220339,71.1864406779661,0,28.8135593220339,71.1864406779661
base,6116_s43,6116,43,MERGED50_313ca9ab59e17c8f,52.760736196319016,47.239263803680984,0,52.760736196319016,47.239263803680984
base,6181_s43,6181,43,MERGED50_33e35be905d9378c,14.705882352941178,85.29411764705883,0,14.705882352941178,85.29411764705883
base,6182_s43,6182,43,MERGED50_33e51a073473041f,21.666666666666668,78.33333333333333,0,21.666666666666668,78.33333333333333
base,6193_s43,6193,43,MERGED50_3474136b0bf6193e,19.148936170212767,80.85106382978724,0,19.148936170212767,80.85106382978724
base,6194_s43,6194,43,MERGED50_347cd78b861b17af,23.214285714285715,76.78571428571428,0,23.214285714285715,76.78571428571428
base,6204_s43,6204,43,MERGED50_3503dae89ca3dfce,13.725490196078432,86.27450980392157,0,13.725490196078432,86.27450980392157
base,6207_s43,6207,43,MERGED50_35122db13fdb8b07,20.74074074074074,79.25925925925927,0,20.74074074074074,79.25925925925927
base,6209_s43,6209,43,MERGED50_3520584afc8a33ad,17.307692307692307,82.6923076923077,0,17.307692307692307,82.6923076923077
base,6212_s43,6212,43,MERGED50_353562fb552e0292,24.137931034482758,75.86206896551724,0,24.137931034482758,75.86206896551724
base,6214_s43,6214,43,MERGED50_35410a764aa25a8b,18.333333333333332,81.66666666666667,0,18.333333333333332,81.66666666666667
base,6231_s43,6231,43,MERGED50_362608d0e96165c5,15.384615384615385,84.61538461538461,0,15.384615384615385,84.61538461538461
base,6264_s43,6264,43,MERGED50_37e7309400ab7fbf,18.6046511627907,81.3953488372093,0,18.6046511627907,81.3953488372093
base,6273_s43,6273,43,MERGED50_38192c92ace9c2b2,54.83870967741935,45.16129032258065,0,54.83870967741935,45.16129032258065
base,6310_s43,6310,43,MERGED50_3a48efc48adf6791,14.942528735632186,85.05747126436782,0,14.942528735632186,85.05747126436782
base,6322_s43,6322,43,MERGED50_3aee623fb946d49c,15.254237288135593,84.7457627118644,0,15.254237288135593,84.7457627118644
base,6324_s43,6324,43,MERGED50_3af9c2daf4a97a07,14.0625,85.9375,0,14.0625,85.9375
base,6335_s43,6335,43,MERGED50_3b8bb8db14e2c466,17.02127659574468,82.97872340425532,0,17.02127659574468,82.97872340425532
base,6355_s43,6355,43,MERGED50_3c864b0b094bc09e,13.725490196078432,86.27450980392157,0,13.725490196078432,86.27450980392157
base,6380_s43,6380,43,MERGED50_3db50175a26d1f53,17.307692307692307,82.6923076923077,0,17.307692307692307,82.6923076923077
base,6388_s43,6388,43,MERGED50_3e0f29729006fdc8,18.30985915492958,81.69014084507042,0,18.30985915492958,81.69014084507042
base,6394_s43,6394,43,MERGED50_3e31db176008bf4f,16.101694915254235,83.89830508474577,0,16.101694915254235,83.89830508474577
base,6413_s43,6413,43,MERGED50_3f23cbc1acbf3202,14.953271028037381,85.04672897196262,0,14.953271028037381,85.04672897196262
base,6422_s43,6422,43,MERGED50_3fc4275573c5146c,17.1875,82.8125,0,17.1875,82.8125
base,6431_s43,6431,43,MERGED50_406189f9b8104f91,57.647058823529406,42.352941176470594,0,57.647058823529406,42.352941176470594
base,6442_s43,6442,43,MERGED50_40fdd5d893e97c5a,16.901408450704224,83.09859154929578,0,16.901408450704224,83.09859154929578
base,6468_s43,6468,43,MERGED50_424da7730788ae77,32.773109243697476,67.22689075630252,0,32.773109243697476,67.22689075630252
base,6473_s43,6473,43,MERGED50_42a2fac0542f7e06,18.823529411764707,81.17647058823529,0,18.823529411764707,81.17647058823529
base,6474_s43,6474,43,MERGED50_42a55d455ae1cf3c,17.46031746031746,82.53968253968254,0,17.46031746031746,82.53968253968254
base,6482_s43,6482,43,MERGED50_42e695e93eac8e17,22.666666666666664,77.33333333333334,0,22.666666666666664,77.33333333333334
base,6488_s43,6488,43,MERGED50_42fccac0c21ef9ac,14.516129032258066,85.48387096774194,0,14.516129032258066,85.48387096774194
base,6506_s43,6506,43,MERGED50_43ccc70d8f307649,18.181818181818183,81.81818181818181,0,18.181818181818183,81.81818181818181
base,6514_s43,6514,43,MERGED50_4418dd3863583116,18.64406779661017,81.35593220338983,0,18.64406779661017,81.35593220338983
base,6520_s43,6520,43,MERGED50_445790f1b653abfb,24.705882352941178,75.29411764705883,0,24.705882352941178,75.29411764705883
base,6525_s43,6525,43,MERGED50_449a20f91c933e1f,21.008403361344538,78.99159663865547,0,21.008403361344538,78.99159663865547
base,6539_s43,6539,43,MERGED50_45027739af12f05f,16.129032258064516,83.87096774193549,0,16.129032258064516,83.87096774193549
base,6553_s43,6553,43,MERGED50_45a6672b71c24464,16.94915254237288,83.05084745762713,0,16.94915254237288,83.05084745762713
base,6562_s43,6562,43,MERGED50_4630aadbf92ba041,31.372549019607842,68.62745098039215,0,31.372549019607842,68.62745098039215
base,6591_s43,6591,43,MERGED50_47d6ad19027377fc,22.033898305084744,77.96610169491525,0,22.033898305084744,77.96610169491525
base,6612_s43,6612,43,MERGED50_48d5cb95348a563c,22.82608695652174,77.17391304347827,0,22.82608695652174,77.17391304347827
base,6620_s43,6620,43,MERGED50_48f847157815479d,31.19266055045872,68.80733944954127,0,31.19266055045872,68.80733944954127
base,6629_s43,6629,43,MERGED50_4945f493e4a8fba9,22.22222222222222,77.77777777777777,0,22.22222222222222,77.77777777777777
base,6642_s43,6642,43,MERGED50_49c30e1f114f8f32,58.82352941176471,41.17647058823529,0,58.82352941176471,41.17647058823529
base,6649_s43,6649,43,MERGED50_4a15fafd501860ab,18.27956989247312,81.72043010752688,0,18.27956989247312,81.72043010752688
base,6652_s43,6652,43,MERGED50_4a6d34cdbd9b0264,25.609756097560975,74.39024390243902,0,25.609756097560975,74.39024390243902
base,6665_s43,6665,43,MERGED50_4b22e024e8c209ad,21.153846153846153,78.84615384615384,0,21.153846153846153,78.84615384615384
base,6666_s43,6666,43,MERGED50_4b2375a288029e4f,15.873015873015872,84.12698412698413,0,15.873015873015872,84.12698412698413
base,6673_s43,6673,43,MERGED50_4b623b2300f207ed,25.766871165644172,74.23312883435582,0,25.766871165644172,74.23312883435582
base,6676_s43,6676,43,MERGED50_4b84e2abf6d565e2,19.17808219178082,80.82191780821918,0,19.17808219178082,80.82191780821918
base,6689_s43,6689,43,MERGED50_4c0e7b28838a602e,18.88888888888889,81.11111111111111,0,18.88888888888889,81.11111111111111
base,6723_s43,6723,43,MERGED50_4d7d24b19f3a3629,16.176470588235293,83.82352941176471,0,16.176470588235293,83.82352941176471
base,6743_s43,6743,43,MERGED50_4ea6a62082f36318,21.176470588235293,78.82352941176471,0,21.176470588235293,78.82352941176471
base,6745_s43,6745,43,MERGED50_4eb1f8533467fad1,35.294117647058826,64.70588235294117,0,35.294117647058826,64.70588235294117
base,6766_s43,6766,43,MERGED50_4fb0d99db340f941,19.696969696969695,80.30303030303031,0,19.696969696969695,80.30303030303031
base,6770_s43,6770,43,MERGED50_502f987829931ca6,36.95652173913043,63.04347826086957,0,36.95652173913043,63.04347826086957
base,6803_s43,6803,43,MERGED50_51f742b8a67d12cd,17.647058823529413,82.35294117647058,0,17.647058823529413,82.35294117647058
base,6819_s43,6819,43,MERGED50_52b7b17881927c93,33.33333333333333,66.66666666666667,0,33.33333333333333,66.66666666666667
base,6837_s43,6837,43,MERGED50_53b7bd02baf2cc90,16.101694915254235,83.89830508474577,0,16.101694915254235,83.89830508474577
base,6849_s43,6849,43,MERGED50_540cd867937420f9,24.390243902439025,75.60975609756098,0,24.390243902439025,75.60975609756098
base,6855_s43,6855,43,MERGED50_547c588dfc5a3a81,39.0625,60.9375,0,39.0625,60.9375
base,6880_s43,6880,43,MERGED50_5570b1208b43496e,13.559322033898304,86.4406779661017,0,13.559322033898304,86.4406779661017
base,6895_s43,6895,43,MERGED50_56378e4b0fd3b846,15.757575757575756,84.24242424242425,0,15.757575757575756,84.24242424242425
base,6898_s43,6898,43,MERGED50_565ea2dd8f94565e,19.230769230769234,80.76923076923077,0,19.230769230769234,80.76923076923077
base,6903_s43,6903,43,MERGED50_56852301d26697d3,22.023809523809522,77.97619047619048,0,22.023809523809522,77.97619047619048
base,6908_s43,6908,43,MERGED50_56bfd61144d2abb2,17.307692307692307,82.6923076923077,0,17.307692307692307,82.6923076923077
base,6951_s43,6951,43,MERGED50_59114f30f3d097ae,25.882352941176475,74.11764705882352,0,25.882352941176475,74.11764705882352
base,6953_s43,6953,43,MERGED50_5924e83f975f76be,18.823529411764707,81.17647058823529,0,18.823529411764707,81.17647058823529
base,6954_s43,6954,43,MERGED50_5929ffb9c60a4412,15.789473684210526,84.21052631578948,0,15.789473684210526,84.21052631578948
base,6963_s43,6963,43,MERGED50_599e6e55f940e1ce,20.27027027027027,79.72972972972973,0,20.27027027027027,79.72972972972973
base,6975_s43,6975,43,MERGED50_5a380ea2c0115c7d,32.69230769230769,67.3076923076923,0,32.69230769230769,67.3076923076923
base,6978_s43,6978,43,MERGED50_5a48ae31dc66492a,20.0,80.0,0,20.0,80.0
base,7001_s43,7001,43,MERGED50_5b49db4343a21100,25.0,75.0,0,25.0,75.0
base,7003_s43,7003,43,MERGED50_5b5708e1f2afd667,22.085889570552148,77.91411042944785,0,22.085889570552148,77.91411042944785
base,7027_s43,7027,43,MERGED50_5c933189d3e164a0,15.294117647058824,84.70588235294117,0,15.294117647058824,84.70588235294117
base,7040_s43,7040,43,MERGED50_5d3d09336641f19d,21.472392638036812,78.52760736196319,0,21.472392638036812,78.52760736196319
base,7044_s43,7044,43,MERGED50_5d5f19f626fc706e,28.846153846153843,71.15384615384616,0,28.846153846153843,71.15384615384616
base,7048_s43,7048,43,MERGED50_5daa2035440006a5,21.428571428571427,78.57142857142857,0,21.428571428571427,78.57142857142857
base,7050_s43,7050,43,MERGED50_5dc5453d8984c5c4,22.085889570552148,77.91411042944785,0,22.085889570552148,77.91411042944785
base,7065_s43,7065,43,MERGED50_5ed18bdf49919fa5,17.1875,82.8125,0,17.1875,82.8125
base,7070_s43,7070,43,MERGED50_5ed9ed1beea0f58f,15.384615384615385,84.61538461538461,0,15.384615384615385,84.61538461538461
base,7071_s43,7071,43,MERGED50_5eee18b240a0f0a7,15.384615384615385,84.61538461538461,0,15.384615384615385,84.61538461538461
base,7095_s43,7095,43,MERGED50_602d43cdb00455f8,22.535211267605636,77.46478873239437,0,22.535211267605636,77.46478873239437
base,7097_s43,7097,43,MERGED50_6045ba847e8f846b,17.20430107526882,82.79569892473118,0,17.20430107526882,82.79569892473118
base,7122_s43,7122,43,MERGED50_617bb484c96256b2,40.38461538461539,59.61538461538461,0,40.38461538461539,59.61538461538461
base,7133_s43,7133,43,MERGED50_6217b8cd30fde9df,17.56756756756757,82.43243243243244,0,17.56756756756757,82.43243243243244
base,7135_s43,7135,43,MERGED50_6233950c887b15a7,19.35483870967742,80.64516129032258,0,19.35483870967742,80.64516129032258
base,7150_s43,7150,43,MERGED50_62987481b2dadf06,22.82608695652174,77.17391304347827,0,22.82608695652174,77.17391304347827
base,7152_s43,7152,43,MERGED50_62a357caa46df845,16.528925619834713,83.47107438016529,0,16.528925619834713,83.47107438016529
base,7160_s43,7160,43,MERGED50_6327114bd07f720f,16.363636363636363,83.63636363636364,0,16.363636363636363,83.63636363636364
base,7168_s43,7168,43,MERGED50_6395254a5bd5dd2c,16.346153846153847,83.65384615384616,0,16.346153846153847,83.65384615384616
base,7183_s43,7183,43,MERGED50_64705ba38e0b51dc,20.588235294117645,79.41176470588235,0,20.588235294117645,79.41176470588235
base,7195_s43,7195,43,MERGED50_650351c2cd5cf77e,44.785276073619634,55.214723926380366,0,44.785276073619634,55.214723926380366
base,7197_s43,7197,43,MERGED50_653ec4763eb412a1,16.129032258064516,83.87096774193549,0,16.129032258064516,83.87096774193549
base,7217_s43,7217,43,MERGED50_667588968c252136,18.75,81.25,0,18.75,81.25
base,7231_s43,7231,43,MERGED50_670837b20e477e02,15.151515151515152,84.84848484848484,0,15.151515151515152,84.84848484848484
base,7245_s43,7245,43,MERGED50_67e3868529881018,14.285714285714285,85.71428571428572,0,14.285714285714285,85.71428571428572
base,7251_s43,7251,43,MERGED50_68107caeadec6b78,20.33898305084746,79.66101694915254,0,20.33898305084746,79.66101694915254
base,7264_s43,7264,43,MERGED50_687d778af8239675,21.839080459770116,78.16091954022988,0,21.839080459770116,78.16091954022988
base,7266_s43,7266,43,MERGED50_688a4dcbcc054990,16.666666666666664,83.33333333333334,0,16.666666666666664,83.33333333333334
base,7271_s43,7271,43,MERGED50_68adbd18b7bdddc3,18.96551724137931,81.0344827586207,0,18.96551724137931,81.0344827586207
base,7278_s43,7278,43,MERGED50_68e4391f76a4dbba,17.355371900826448,82.64462809917356,0,17.355371900826448,82.64462809917356
base,7281_s43,7281,43,MERGED50_691bacb9ea513afd,14.0625,85.9375,0,14.0625,85.9375
base,7285_s43,7285,43,MERGED50_693c7383e2ed59d2,17.75700934579439,82.24299065420561,0,17.75700934579439,82.24299065420561
base,7290_s43,7290,43,MERGED50_69bc4be0ac8090b0,36.53846153846153,63.46153846153847,0,36.53846153846153,63.46153846153847
base,7362_s43,7362,43,MERGED50_6ceed98535a68f5a,17.333333333333336,82.66666666666666,0,17.333333333333336,82.66666666666666
base,7373_s43,7373,43,MERGED50_6dc87f44a6391753,14.814814814814813,85.18518518518519,0,14.814814814814813,85.18518518518519
base,7420_s43,7420,43,MERGED50_6fddf71bc6160f79,29.807692307692307,70.1923076923077,0,29.807692307692307,70.1923076923077
base,7444_s43,7444,43,MERGED50_70c22da27e20837f,28.333333333333332,71.66666666666667,0,28.333333333333332,71.66666666666667
base,7463_s43,7463,43,MERGED50_71a1363a3456661b,14.634146341463413,85.3658536585366,0,14.634146341463413,85.3658536585366
base,7467_s43,7467,43,MERGED50_71e3a68e00110edb,17.5,82.5,0,17.5,82.5
base,7468_s43,7468,43,MERGED50_71ed034ebd45def7,18.461538461538463,81.53846153846153,0,18.461538461538463,81.53846153846153
base,7484_s43,7484,43,MERGED50_72fb0801591bf5f6,14.754098360655737,85.24590163934427,0,14.754098360655737,85.24590163934427
base,7492_s43,7492,43,MERGED50_738592fe12ebcde7,18.571428571428573,81.42857142857143,0,18.571428571428573,81.42857142857143
base,7524_s43,7524,43,MERGED50_757bc35b61884136,20.37037037037037,79.62962962962963,0,20.37037037037037,79.62962962962963
base,7533_s43,7533,43,MERGED50_76101e0935b3e9dc,15.942028985507244,84.05797101449275,0,15.942028985507244,84.05797101449275
base,7535_s43,7535,43,MERGED50_7631dcb152249a13,19.230769230769234,80.76923076923077,0,19.230769230769234,80.76923076923077
base,7537_s43,7537,43,MERGED50_76450eb06c0e04de,17.80821917808219,82.1917808219178,0,17.80821917808219,82.1917808219178
base,7601_s43,7601,43,MERGED50_792761051a6a7016,23.333333333333332,76.66666666666667,0,23.333333333333332,76.66666666666667
base,7604_s43,7604,43,MERGED50_796058c50cdd798b,17.857142857142858,82.14285714285714,0,17.857142857142858,82.14285714285714
base,7617_s43,7617,43,MERGED50_7a27fb29c8fc28f4,27.941176470588236,72.05882352941177,0,27.941176470588236,72.05882352941177
base,7636_s43,7636,43,MERGED50_7ae8117e5c09f5d5,39.42307692307692,60.57692307692308,0,39.42307692307692,60.57692307692308
base,7642_s43,7642,43,MERGED50_7b215ecb59372f4f,20.0,80.0,0,20.0,80.0
base,7663_s43,7663,43,MERGED50_7c264343daf69541,28.846153846153843,71.15384615384616,0,28.846153846153843,71.15384615384616
base,7675_s43,7675,43,MERGED50_7cd35cd8469747a8,16.560509554140125,83.43949044585987,0,16.560509554140125,83.43949044585987
base,7697_s43,7697,43,MERGED50_7e1088e5dd6400c0,30.88235294117647,69.11764705882354,0,30.88235294117647,69.11764705882354
base,7699_s43,7699,43,MERGED50_7e1e8b4f51632d8a,16.049382716049383,83.95061728395062,0,16.049382716049383,83.95061728395062
base,7703_s43,7703,43,MERGED50_7e64d80f4c1965e8,16.923076923076923,83.07692307692308,0,16.923076923076923,83.07692307692308
base,7718_s43,7718,43,MERGED50_7f0b1833a7c62c70,19.130434782608695,80.86956521739131,0,19.130434782608695,80.86956521739131
base,7744_s43,7744,43,MERGED50_807af3a929116495,15.384615384615385,84.61538461538461,0,15.384615384615385,84.61538461538461
base,7756_s43,7756,43,MERGED50_81660d5bbb003085,21.666666666666668,78.33333333333333,0,21.666666666666668,78.33333333333333
base,7762_s43,7762,43,MERGED50_81b111db32052843,17.689530685920577,82.31046931407943,0,17.689530685920577,82.31046931407943
base,7764_s43,7764,43,MERGED50_81d552e81785d800,27.607361963190186,72.39263803680981,0,27.607361963190186,72.39263803680981
base,7770_s43,7770,43,MERGED50_820af6778d4c0366,16.379310344827587,83.62068965517241,0,16.379310344827587,83.62068965517241
base,7778_s43,7778,43,MERGED50_8282e6286e5c3eed,22.69503546099291,77.30496453900709,0,22.69503546099291,77.30496453900709
base,7809_s43,7809,43,MERGED50_83e23b10dbd3a1f3,19.696969696969695,80.30303030303031,0,19.696969696969695,80.30303030303031
base,7820_s43,7820,43,MERGED50_8463230c021d95d3,15.384615384615385,84.61538461538461,0,15.384615384615385,84.61538461538461
base,7826_s43,7826,43,MERGED50_84b277248a067373,45.45454545454545,54.54545454545455,0,45.45454545454545,54.54545454545455
base,7836_s43,7836,43,MERGED50_853adea422a44ba5,44.230769230769226,55.769230769230774,0,44.230769230769226,55.769230769230774
base,7869_s43,7869,43,MERGED50_86ae169b7b52fcd1,21.951219512195124,78.04878048780488,0,21.951219512195124,78.04878048780488
base,7881_s43,7881,43,MERGED50_87094864b44257cd,18.27956989247312,81.72043010752688,0,18.27956989247312,81.72043010752688
base,7889_s43,7889,43,MERGED50_8768884a0bfc7e30,19.230769230769234,80.76923076923077,0,19.230769230769234,80.76923076923077
base,7919_s43,7919,43,MERGED50_89383972ddbd216a,14.14141414141414,85.85858585858585,0,14.14141414141414,85.85858585858585
base,7921_s43,7921,43,MERGED50_894a7d82b06c2831,18.64406779661017,81.35593220338983,0,18.64406779661017,81.35593220338983
base,7963_s43,7963,43,MERGED50_8afe67123d8d710b,14.925373134328357,85.07462686567165,0,14.925373134328357,85.07462686567165
base,7970_s43,7970,43,MERGED50_8b2b0addede766ea,19.718309859154928,80.28169014084507,0,19.718309859154928,80.28169014084507
base,7978_s43,7978,43,MERGED50_8b9ead7c98bfbcdc,13.698630136986301,86.3013698630137,0,13.698630136986301,86.3013698630137
base,8004_s43,8004,43,MERGED50_8d0cde9700bb9d80,15.0,85.0,0,15.0,85.0
base,8013_s43,8013,43,MERGED50_8db6ec1218a81b50,19.230769230769234,80.76923076923077,0,19.230769230769234,80.76923076923077
base,8031_s43,8031,43,MERGED50_8e8250e4f4eac3cf,15.315315315315313,84.68468468468468,0,15.315315315315313,84.68468468468468
base,8052_s43,8052,43,MERGED50_8fe3812776a8f0c2,37.28813559322034,62.71186440677966,0,37.28813559322034,62.71186440677966
base,8074_s43,8074,43,MERGED50_913f3e7d0e904399,17.525773195876287,82.47422680412372,0,17.525773195876287,82.47422680412372
base,8080_s43,8080,43,MERGED50_91a52be43566572f,54.761904761904766,45.238095238095234,0,54.761904761904766,45.238095238095234
base,8098_s43,8098,43,MERGED50_92bca6b9cbd3178f,19.736842105263158,80.26315789473685,0,19.736842105263158,80.26315789473685
base,8101_s43,8101,43,MERGED50_92dbf8199154c75c,17.647058823529413,82.35294117647058,0,17.647058823529413,82.35294117647058
base,8135_s43,8135,43,MERGED50_95109eb655c7b38d,17.391304347826086,82.6086956521739,0,17.391304347826086,82.6086956521739
base,8142_s43,8142,43,MERGED50_955b91b268c974aa,62.35294117647059,37.64705882352941,0,62.35294117647059,37.64705882352941
base,8183_s43,8183,43,MERGED50_97eea6d24965e0f3,19.565217391304348,80.43478260869566,0,19.565217391304348,80.43478260869566
base,8221_s43,8221,43,MERGED50_9a1bf0d71b788b9b,17.333333333333336,82.66666666666666,0,17.333333333333336,82.66666666666666
base,8223_s43,8223,43,MERGED50_9a448a7728042d21,34.959349593495936,65.04065040650406,0,34.959349593495936,65.04065040650406
base,8254_s43,8254,43,MERGED50_9bfed2b441cce599,14.035087719298245,85.96491228070175,0,14.035087719298245,85.96491228070175
base,8264_s43,8264,43,MERGED50_9ca8e6b4eeb622c6,28.368794326241137,71.63120567375887,0,28.368794326241137,71.63120567375887
base,8331_s43,8331,43,MERGED50_a051dcf0f9fab1c9,17.791411042944784,82.20858895705521,0,17.791411042944784,82.20858895705521
base,8352_s43,8352,43,MERGED50_a18cfcc082ea880e,36.53846153846153,63.46153846153847,0,36.53846153846153,63.46153846153847
base,8362_s43,8362,43,MERGED50_a1efcdd0378689ba,14.347826086956522,85.65217391304348,0,14.347826086956522,85.65217391304348
base,8392_s43,8392,43,MERGED50_a3497c1ad265182a,43.93939393939394,56.06060606060606,0,43.93939393939394,56.06060606060606
base,8394_s43,8394,43,MERGED50_a355c8c9a89a7d47,14.634146341463413,85.3658536585366,0,14.634146341463413,85.3658536585366
base,8419_s43,8419,43,MERGED50_a4ae209f73527935,16.27906976744186,83.72093023255815,0,16.27906976744186,83.72093023255815
base,8426_s43,8426,43,MERGED50_a4fdcf76b2258dda,20.28985507246377,79.71014492753623,0,20.28985507246377,79.71014492753623
base,8438_s43,8438,43,MERGED50_a5d1f4859fe708c9,20.0,80.0,0,20.0,80.0
base,8440_s43,8440,43,MERGED50_a5f91fce1b37a666,29.565217391304348,70.43478260869566,0,29.565217391304348,70.43478260869566
base,8478_s43,8478,43,MERGED50_a7feed9247259c87,52.94117647058824,47.05882352941176,0,52.94117647058824,47.05882352941176
base,8508_s43,8508,43,MERGED50_a9b948fe856ca247,16.43835616438356,83.56164383561644,0,16.43835616438356,83.56164383561644
base,8511_s43,8511,43,MERGED50_a9f80a7379d0f7da,16.27906976744186,83.72093023255815,0,16.27906976744186,83.72093023255815
base,8516_s43,8516,43,MERGED50_aa344f33ace3be05,19.858156028368796,80.1418439716312,0,19.858156028368796,80.1418439716312
base,8546_s43,8546,43,MERGED50_abd0a692e32fbdf1,14.666666666666666,85.33333333333333,0,14.666666666666666,85.33333333333333
base,8564_s43,8564,43,MERGED50_acdefa8bd992b916,28.888888888888886,71.11111111111111,0,28.888888888888886,71.11111111111111
base,8588_s43,8588,43,MERGED50_adc671cb4ae7d186,19.26605504587156,80.73394495412845,0,19.26605504587156,80.73394495412845
base,8597_s43,8597,43,MERGED50_ae165094ff8651d8,15.384615384615385,84.61538461538461,0,15.384615384615385,84.61538461538461
base,8632_s43,8632,43,MERGED50_b00b701c8f32ad16,15.957446808510639,84.04255319148936,0,15.957446808510639,84.04255319148936
base,8659_s43,8659,43,MERGED50_b18dab0af958cfaf,21.937321937321936,78.06267806267806,0,21.937321937321936,78.06267806267806
base,8664_s43,8664,43,MERGED50_b2040b146ebdabc6,15.277777777777779,84.72222222222223,0,15.277777777777779,84.72222222222223
base,8665_s43,8665,43,MERGED50_b212850ac5de770b,25.0,75.0,0,25.0,75.0
base,8669_s43,8669,43,MERGED50_b229d1eacbfd10b6,16.417910447761194,83.58208955223881,0,16.417910447761194,83.58208955223881
base,8694_s43,8694,43,MERGED50_b3a497d1d26020d6,22.033898305084744,77.96610169491525,0,22.033898305084744,77.96610169491525
base,8695_s43,8695,43,MERGED50_b3a4cfe045fd9989,25.609756097560975,74.39024390243902,0,25.609756097560975,74.39024390243902
base,8698_s43,8698,43,MERGED50_b3bb65adfff9daf2,15.492957746478872,84.50704225352112,0,15.492957746478872,84.50704225352112
base,8700_s43,8700,43,MERGED50_b3f321e22f11cc82,14.0625,85.9375,0,14.0625,85.9375
base,8736_s43,8736,43,MERGED50_b65df610d68c155a,14.646464646464647,85.35353535353535,0,14.646464646464647,85.35353535353535
base,8741_s43,8741,43,MERGED50_b68c819689991a27,14.457831325301203,85.5421686746988,0,14.457831325301203,85.5421686746988
base,8744_s43,8744,43,MERGED50_b6c816da2427cc90,25.882352941176475,74.11764705882352,0,25.882352941176475,74.11764705882352
base,8766_s43,8766,43,MERGED50_b7f531bb4562b6f2,16.071428571428573,83.92857142857143,0,16.071428571428573,83.92857142857143
base,8779_s43,8779,43,MERGED50_b88dc71c6f194efe,24.324324324324326,75.67567567567568,0,24.324324324324326,75.67567567567568
base,8789_s43,8789,43,MERGED50_b8f528c570ea3221,18.91891891891892,81.08108108108108,0,18.91891891891892,81.08108108108108
base,8797_s43,8797,43,MERGED50_b982b3f10d07a74c,38.35616438356164,61.64383561643836,0,38.35616438356164,61.64383561643836
base,8798_s43,8798,43,MERGED50_b997d79f0089e50e,16.666666666666664,83.33333333333334,0,16.666666666666664,83.33333333333334
base,8801_s43,8801,43,MERGED50_b9d3d77689ac3e1d,16.363636363636363,83.63636363636364,0,16.363636363636363,83.63636363636364
base,8814_s43,8814,43,MERGED50_baba6c2d80cf30c9,16.129032258064516,83.87096774193549,0,16.129032258064516,83.87096774193549
base,8834_s43,8834,43,MERGED50_bba3f551db7bd43f,15.492957746478872,84.50704225352112,0,15.492957746478872,84.50704225352112
base,8835_s43,8835,43,MERGED50_bba8cc2d5bd0c168,33.89830508474576,66.10169491525424,0,33.89830508474576,66.10169491525424
base,8871_s43,8871,43,MERGED50_be49b65299ff58dd,23.076923076923077,76.92307692307692,0,23.076923076923077,76.92307692307692
base,8873_s43,8873,43,MERGED50_be5633b63643cb1f,19.11764705882353,80.88235294117646,0,19.11764705882353,80.88235294117646
base,8905_s43,8905,43,MERGED50_bfd95b10d1db27b9,29.411764705882355,70.58823529411765,0,29.411764705882355,70.58823529411765
base,8910_s43,8910,43,MERGED50_c02074ae8af28040,17.741935483870968,82.25806451612902,0,17.741935483870968,82.25806451612902
base,8930_s43,8930,43,MERGED50_c16cf7f3af0975de,17.525773195876287,82.47422680412372,0,17.525773195876287,82.47422680412372
base,8942_s43,8942,43,MERGED50_c23d0fea52a85c1b,32.69230769230769,67.3076923076923,0,32.69230769230769,67.3076923076923
base,8944_s43,8944,43,MERGED50_c2586afb51a5a52c,17.647058823529413,82.35294117647058,0,17.647058823529413,82.35294117647058
base,8956_s43,8956,43,MERGED50_c2bf06b38a154f21,18.64406779661017,81.35593220338983,0,18.64406779661017,81.35593220338983
base,8961_s43,8961,43,MERGED50_c329bce2d0e4b295,17.142857142857142,82.85714285714286,0,17.142857142857142,82.85714285714286
base,8964_s43,8964,43,MERGED50_c34b1cbe86174be5,14.37125748502994,85.62874251497006,0,14.37125748502994,85.62874251497006
base,8984_s43,8984,43,MERGED50_c4360c3fddd8468a,16.94915254237288,83.05084745762713,0,16.94915254237288,83.05084745762713
base,8988_s43,8988,43,MERGED50_c48ad83485088d38,15.625,84.375,0,15.625,84.375
base,9041_s43,9041,43,MERGED50_c7d55b69a0a6233e,16.9811320754717,83.01886792452831,0,16.9811320754717,83.01886792452831
base,9063_s43,9063,43,MERGED50_c914ed0a355ee89e,19.587628865979383,80.41237113402062,0,19.587628865979383,80.41237113402062
base,9070_s43,9070,43,MERGED50_c9903774eb03e603,41.891891891891895,58.108108108108105,0,41.891891891891895,58.108108108108105
base,9092_s43,9092,43,MERGED50_ca9de43133350a10,17.543859649122805,82.45614035087719,0,17.543859649122805,82.45614035087719
base,9106_s43,9106,43,MERGED50_cb78e2968f48f3d2,16.25,83.75,0,16.25,83.75
base,9130_s43,9130,43,MERGED50_cd1bb57d9ab91a4a,14.465408805031446,85.53459119496856,0,14.465408805031446,85.53459119496856
base,9139_s43,9139,43,MERGED50_cd75cd08c87c1549,16.666666666666664,83.33333333333334,0,16.666666666666664,83.33333333333334
base,9141_s43,9141,43,MERGED50_cd85ddd13cf2ddce,21.27659574468085,78.72340425531915,0,21.27659574468085,78.72340425531915
base,9155_s43,9155,43,MERGED50_ce48365316b03709,23.728813559322035,76.27118644067797,0,23.728813559322035,76.27118644067797
base,9163_s43,9163,43,MERGED50_cecad5268192bee1,32.20338983050847,67.79661016949153,0,32.20338983050847,67.79661016949153
base,9188_s43,9188,43,MERGED50_cffed6b75a3390a0,23.92638036809816,76.07361963190183,0,23.92638036809816,76.07361963190183
base,9189_s43,9189,43,MERGED50_d02649ec3735c6a8,30.76923076923077,69.23076923076923,0,30.76923076923077,69.23076923076923
base,9195_s43,9195,43,MERGED50_d042ba98350f0223,25.49019607843137,74.50980392156863,0,25.49019607843137,74.50980392156863
base,9196_s43,9196,43,MERGED50_d0451f292fdd4825,36.76470588235294,63.23529411764706,0,36.76470588235294,63.23529411764706
base,9200_s43,9200,43,MERGED50_d07148d7cc46d728,19.387755102040817,80.61224489795919,0,19.387755102040817,80.61224489795919
base,9201_s43,9201,43,MERGED50_d07723c3c82fb0ab,20.33898305084746,79.66101694915254,0,20.33898305084746,79.66101694915254
base,9205_s43,9205,43,MERGED50_d09d80c405f7b5a1,15.492957746478872,84.50704225352112,0,15.492957746478872,84.50704225352112
base,9209_s43,9209,43,MERGED50_d0af3226ca1b63b2,20.588235294117645,79.41176470588235,0,20.588235294117645,79.41176470588235
base,9211_s43,9211,43,MERGED50_d0bf268fee63a84a,15.068493150684931,84.93150684931507,0,15.068493150684931,84.93150684931507
base,9217_s43,9217,43,MERGED50_d0ffc938c6ae9c9b,15.853658536585366,84.14634146341463,0,15.853658536585366,84.14634146341463
base,9232_s43,9232,43,MERGED50_d1fd18fe9f8bf430,60.526315789473685,39.473684210526315,0,60.526315789473685,39.473684210526315
base,9240_s43,9240,43,MERGED50_d26fa704847d6ebb,19.230769230769234,80.76923076923077,0,19.230769230769234,80.76923076923077
base,9246_s43,9246,43,MERGED50_d2989afb5590ff4a,15.853658536585366,84.14634146341463,0,15.853658536585366,84.14634146341463
base,9247_s43,9247,43,MERGED50_d2b2c0c110168d2c,26.666666666666668,73.33333333333333,0,26.666666666666668,73.33333333333333
base,9253_s43,9253,43,MERGED50_d30e98b82319cad6,17.307692307692307,82.6923076923077,0,17.307692307692307,82.6923076923077
base,9258_s43,9258,43,MERGED50_d3578adf8ebce73c,20.28985507246377,79.71014492753623,0,20.28985507246377,79.71014492753623
base,9277_s43,9277,43,MERGED50_d43898cd564c36c3,68.51851851851852,31.48148148148148,0,68.51851851851852,31.48148148148148
base,9282_s43,9282,43,MERGED50_d4965f1d9df617bd,16.0,84.0,0,16.0,84.0
base,9295_s43,9295,43,MERGED50_d53ef329ff96171d,32.35294117647059,67.64705882352942,0,32.35294117647059,67.64705882352942
base,9311_s43,9311,43,MERGED50_d6280cfb71d3a4c1,20.5607476635514,79.4392523364486,0,20.5607476635514,79.4392523364486
base,9321_s43,9321,43,MERGED50_d6e09313bf06978d,27.11864406779661,72.88135593220339,0,27.11864406779661,72.88135593220339
base,9330_s43,9330,43,MERGED50_d778bd05e75ae364,16.176470588235293,83.82352941176471,0,16.176470588235293,83.82352941176471
base,9334_s43,9334,43,MERGED50_d79469deffa12d80,15.277777777777779,84.72222222222223,0,15.277777777777779,84.72222222222223
base,9335_s43,9335,43,MERGED50_d79940d36e9902fe,19.230769230769234,80.76923076923077,0,19.230769230769234,80.76923076923077
base,9338_s43,9338,43,MERGED50_d7dcd5acb4952cf0,22.807017543859647,77.19298245614036,0,22.807017543859647,77.19298245614036
base,9348_s43,9348,43,MERGED50_d85d83bcb87f733a,21.666666666666668,78.33333333333333,0,21.666666666666668,78.33333333333333
base,9374_s43,9374,43,MERGED50_d99cf832b8b84bef,15.625,84.375,0,15.625,84.375
base,9380_s43,9380,43,MERGED50_d9fd57141ebc3d22,16.94915254237288,83.05084745762713,0,16.94915254237288,83.05084745762713
base,9416_s43,9416,43,MERGED50_dc45cdc80018a1bf,17.791411042944784,82.20858895705521,0,17.791411042944784,82.20858895705521
base,9474_s43,9474,43,MERGED50_dff46de051b6efb5,16.94915254237288,83.05084745762713,0,16.94915254237288,83.05084745762713
base,9484_s43,9484,43,MERGED50_e09f9c3dbf4ea0e9,25.0,75.0,0,25.0,75.0
base,9503_s43,9503,43,MERGED50_e164584bfe2b2e74,19.305019305019304,80.6949806949807,0,19.305019305019304,80.6949806949807
base,9512_s43,9512,43,MERGED50_e1a40139804a88d9,19.51219512195122,80.48780487804878,0,19.51219512195122,80.48780487804878
base,9517_s43,9517,43,MERGED50_e2000caed39247ca,58.333333333333336,41.666666666666664,0,58.333333333333336,41.666666666666664
base,9531_s43,9531,43,MERGED50_e2e439832f22278a,15.789473684210526,84.21052631578948,0,15.789473684210526,84.21052631578948
base,9565_s43,9565,43,MERGED50_e54f8296e356537b,16.923076923076923,83.07692307692308,0,16.923076923076923,83.07692307692308
base,9566_s43,9566,43,MERGED50_e55d9307a343c249,13.88888888888889,86.11111111111111,0,13.88888888888889,86.11111111111111
base,9568_s43,9568,43,MERGED50_e582a30dfdf74fe6,16.417910447761194,83.58208955223881,0,16.417910447761194,83.58208955223881
base,9574_s43,9574,43,MERGED50_e6247ba6c6b695eb,18.75,81.25,0,18.75,81.25
base,9586_s43,9586,43,MERGED50_e6cdd453a12b4091,16.901408450704224,83.09859154929578,0,16.901408450704224,83.09859154929578
base,9587_s43,9587,43,MERGED50_e6d8c4bdd1200d10,24.705882352941178,75.29411764705883,0,24.705882352941178,75.29411764705883
base,9588_s43,9588,43,MERGED50_e6dcd99f918cf93d,13.872832369942195,86.12716763005781,0,13.872832369942195,86.12716763005781
base,9606_s43,9606,43,MERGED50_e7b4d8064e199895,28.333333333333332,71.66666666666667,0,28.333333333333332,71.66666666666667
base,9607_s43,9607,43,MERGED50_e7da7981ba4f2f16,21.666666666666668,78.33333333333333,0,21.666666666666668,78.33333333333333
base,9627_s43,9627,43,MERGED50_e91a1fd49f3101bc,23.076923076923077,76.92307692307692,0,23.076923076923077,76.92307692307692
base,9631_s43,9631,43,MERGED50_e99c45b9a94f085f,16.666666666666664,83.33333333333334,0,16.666666666666664,83.33333333333334
base,9641_s43,9641,43,MERGED50_e9d99cc5e6292894,16.94915254237288,83.05084745762713,0,16.94915254237288,83.05084745762713
base,9649_s43,9649,43,MERGED50_ea33d0de8a436a13,17.441860465116278,82.55813953488372,0,17.441860465116278,82.55813953488372
base,9671_s43,9671,43,MERGED50_eb7e23382856eb83,15.841584158415841,84.15841584158416,0,15.841584158415841,84.15841584158416
base,9676_s43,9676,43,MERGED50_ebb0627ef86d8289,42.30769230769231,57.69230769230769,0,42.30769230769231,57.69230769230769
base,9695_s43,9695,43,MERGED50_ed84737f8ef88d22,32.407407407407405,67.5925925925926,0,32.407407407407405,67.5925925925926
base,9715_s43,9715,43,MERGED50_ee6d1e4201af690e,17.82178217821782,82.17821782178218,0,17.82178217821782,82.17821782178218
base,9757_s43,9757,43,MERGED50_f039e10e8b8bc553,29.069767441860467,70.93023255813954,0,29.069767441860467,70.93023255813954
base,9758_s43,9758,43,MERGED50_f03adcc1dcaf01e8,19.54022988505747,80.45977011494253,0,19.54022988505747,80.45977011494253
base,9763_s43,9763,43,MERGED50_f0ad730bcc677300,18.823529411764707,81.17647058823529,0,18.823529411764707,81.17647058823529
base,9765_s43,9765,43,MERGED50_f0e32798b84a33a1,20.0,80.0,0,20.0,80.0
base,9767_s43,9767,43,MERGED50_f0f827b4fec41d82,13.953488372093023,86.04651162790698,0,13.953488372093023,86.04651162790698
base,9775_s43,9775,43,MERGED50_f17ef6b64544ffdf,15.789473684210526,84.21052631578948,0,15.789473684210526,84.21052631578948
base,9792_s43,9792,43,MERGED50_f265575e5187e015,20.0,80.0,0,20.0,80.0
base,9802_s43,9802,43,MERGED50_f3180dcf80d90f58,16.129032258064516,83.87096774193549,0,16.129032258064516,83.87096774193549
base,9807_s43,9807,43,MERGED50_f344a95ef85731a2,14.705882352941178,85.29411764705883,0,14.705882352941178,85.29411764705883
base,9810_s43,9810,43,MERGED50_f35bc6da16a111c0,16.071428571428573,83.92857142857143,0,16.071428571428573,83.92857142857143
base,9868_s43,9868,43,MERGED50_f7617127b808e426,28.834355828220858,71.16564417177915,0,28.834355828220858,71.16564417177915
base,9873_s43,9873,43,MERGED50_f79bae3cc3e416b4,16.161616161616163,83.83838383838383,0,16.161616161616163,83.83838383838383
base,9877_s43,9877,43,MERGED50_f7d74b719dc9b240,44.11764705882353,55.88235294117647,0,44.11764705882353,55.88235294117647
base,9886_s43,9886,43,MERGED50_f8c8db392295aa86,16.25,83.75,0,16.25,83.75
base,9895_s43,9895,43,MERGED50_f93a972acffe2ad8,22.807017543859647,77.19298245614036,0,22.807017543859647,77.19298245614036
base,9900_s43,9900,43,MERGED50_f9b5a78517a52380,15.0,85.0,0,15.0,85.0
base,9902_s43,9902,43,MERGED50_f9c7630fa4182477,19.58041958041958,80.41958041958043,0,19.58041958041958,80.41958041958043
base,9922_s43,9922,43,MERGED50_fb72f76a29855db7,16.666666666666664,83.33333333333334,0,16.666666666666664,83.33333333333334
base,9936_s43,9936,43,MERGED50_fc0a4279a4517faf,17.24137931034483,82.75862068965517,0,17.24137931034483,82.75862068965517
base,9949_s43,9949,43,MERGED50_fd010872f0a3865e,21.929824561403507,78.0701754385965,0,21.929824561403507,78.0701754385965
base,9966_s43,9966,43,MERGED50_fe15e399020f5618,18.96551724137931,81.0344827586207,0,18.96551724137931,81.0344827586207
base,9974_s43,9974,43,MERGED50_fe837b08b2a979bb,21.472392638036812,78.52760736196319,0,21.472392638036812,78.52760736196319
base,0007_s44,0007,44,MERGED50_00538e3d3aaa3d6f,45.22522522522522,54.77477477477478,1,21.153846153846153,78.84615384615384
base,0014_s44,0014,44,MERGED50_00960edc244d6936,42.138364779874216,57.861635220125784,1,42.138364779874216,57.861635220125784
base,0026_s44,0026,44,MERGED50_01555fa6eafb7d2c,48.63945578231292,51.36054421768708,1,30.58823529411765,69.41176470588235
base,0049_s44,0049,44,MERGED50_01f6191909c12582,32.795698924731184,67.20430107526882,1,24.705882352941178,75.29411764705883
base,0060_s44,0060,44,MERGED50_02789cf56cfe470e,40.67796610169492,59.32203389830508,1,17.177914110429448,82.82208588957056
base,0062_s44,0062,44,MERGED50_027d6e4c848d477f,47.76119402985074,52.23880597014926,1,32.83582089552239,67.16417910447761
base,0076_s44,0076,44,MERGED50_031227644f417472,20.238095238095237,79.76190476190476,1,20.238095238095237,79.76190476190476
base,0095_s44,0095,44,MERGED50_039f7f97d6a3c675,49.23076923076923,50.76923076923077,1,20.33898305084746,79.66101694915254
base,0115_s44,0115,44,MERGED50_0483a84717ba7c09,48.28897338403042,51.71102661596958,1,14.814814814814813,85.18518518518519
base,0128_s44,0128,44,MERGED50_0526a532f220d305,37.142857142857146,62.857142857142854,1,21.666666666666668,78.33333333333333
base,0146_s44,0146,44,MERGED50_058ff628f55c60bd,39.66942148760331,60.33057851239669,1,17.741935483870968,82.25806451612902
base,0153_s44,0153,44,MERGED50_05e7ce7c21138c84,45.67901234567901,54.32098765432099,1,16.049382716049383,83.95061728395062
base,0154_s44,0154,44,MERGED50_05ee505c0890be93,45.410628019323674,54.589371980676326,1,18.64406779661017,81.35593220338983
base,0161_s44,0161,44,MERGED50_065c19bc89459e45,53.30073349633252,46.69926650366748,1,17.105263157894736,82.89473684210526
base,0168_s44,0168,44,MERGED50_06a12fd13da4b18f,35.13513513513514,64.86486486486487,1,18.75,81.25
base,0173_s44,0173,44,MERGED50_06e0ce45faa2300e,14.432989690721648,85.56701030927834,0,14.432989690721648,85.56701030927834
base,0193_s44,0193,44,MERGED50_07caf313bb701744,44.29824561403509,55.70175438596491,1,25.882352941176475,74.11764705882352
base,0219_s44,0219,44,MERGED50_08e1702b30b0f09c,42.33576642335766,57.66423357664234,1,19.230769230769234,80.76923076923077
base,0226_s44,0226,44,MERGED50_094b778065c65c35,48.06201550387597,51.93798449612403,1,16.923076923076923,83.07692307692308
base,0233_s44,0233,44,MERGED50_09a520585822845f,25.153374233128833,74.84662576687117,0,25.153374233128833,74.84662576687117
base,0238_s44,0238,44,MERGED50_09d9b86c8b350f2a,44.252873563218394,55.747126436781606,1,14.925373134328357,85.07462686567165
base,0240_s44,0240,44,MERGED50_09e114f801018c6c,17.24137931034483,82.75862068965517,0,17.24137931034483,82.75862068965517
base,0250_s44,0250,44,MERGED50_0a49468648918912,45.75757575757576,54.24242424242424,1,15.277777777777779,84.72222222222223
base,0264_s44,0264,44,MERGED50_0b1c7324369420a6,48.0225988700565,51.9774011299435,1,14.516129032258066,85.48387096774194
base,0265_s44,0265,44,MERGED50_0b1c8aab99a595dc,29.761904761904763,70.23809523809524,1,29.761904761904763,70.23809523809524
base,0268_s44,0268,44,MERGED50_0b3505f5c7eaceb1,14.545454545454545,85.45454545454545,0,14.545454545454545,85.45454545454545
base,0269_s44,0269,44,MERGED50_0b461283e22ec4f1,49.815498154981555,50.184501845018445,1,18.64406779661017,81.35593220338983
base,0291_s44,0291,44,MERGED50_0c238de54c93eab9,33.33333333333333,66.66666666666667,1,28.846153846153843,71.15384615384616
base,0298_s44,0298,44,MERGED50_0c8a799f6fad03c5,39.11290322580645,60.88709677419355,1,27.027027027027028,72.97297297297297
base,0312_s44,0312,44,MERGED50_0d623c3b17aa9567,40.5940594059406,59.4059405940594,1,14.035087719298245,85.96491228070175
base,0321_s44,0321,44,MERGED50_0d91deb0064e476e,37.2093023255814,62.7906976744186,1,16.666666666666664,83.33333333333334
base,0356_s44,0356,44,MERGED50_0eb140e1138dc275,25.494505494505493,74.50549450549451,1,25.0,75.0
base,0358_s44,0358,44,MERGED50_0edbf16d015abee1,53.31125827814569,46.68874172185431,1,16.25,83.75
base,0369_s44,0369,44,MERGED50_0f37f8ab707a10f3,36.49122807017544,63.50877192982456,1,17.543859649122805,82.45614035087719
base,0370_s44,0370,44,MERGED50_0f486e8365e01e63,36.486486486486484,63.513513513513516,1,17.073170731707318,82.92682926829268
base,0376_s44,0376,44,MERGED50_0f74b2e17c74782f,15.384615384615385,84.61538461538461,0,15.384615384615385,84.61538461538461
base,0384_s44,0384,44,MERGED50_0fb6d2e63819c3ec,24.409448818897637,75.59055118110237,1,16.535433070866144,83.46456692913385
base,0391_s44,0391,44,MERGED50_0ffe5db354153f99,48.62385321100918,51.37614678899082,1,19.607843137254903,80.3921568627451
base,0398_s44,0398,44,MERGED50_103b52af36a2c9b9,46.05263157894737,53.94736842105263,1,18.84057971014493,81.15942028985506
base,0410_s44,0410,44,MERGED50_10b0ceb83529d707,44.827586206896555,55.172413793103445,1,17.20430107526882,82.79569892473118
base,0413_s44,0413,44,MERGED50_10c3dab533638a3e,16.94915254237288,83.05084745762713,0,16.94915254237288,83.05084745762713
base,0415_s44,0415,44,MERGED50_10d156496c62f5b7,40.97222222222222,59.02777777777778,1,15.384615384615385,84.61538461538461
base,0424_s44,0424,44,MERGED50_112f33da4a9441cd,16.842105263157894,83.15789473684211,0,16.842105263157894,83.15789473684211
base,0428_s44,0428,44,MERGED50_116a6e92ad46a67e,44.72573839662447,55.27426160337553,1,19.26605504587156,80.73394495412845
base,0450_s44,0450,44,MERGED50_1207fe9db2ff05dd,50.0,50.0,1,19.230769230769234,80.76923076923077
base,0455_s44,0455,44,MERGED50_123d19fb6b0f8511,34.48275862068966,65.51724137931035,1,20.216606498194945,79.78339350180505
base,0457_s44,0457,44,MERGED50_125b6c9c16a37158,14.285714285714285,85.71428571428572,0,14.285714285714285,85.71428571428572
base,0462_s44,0462,44,MERGED50_1277b3ff4ceed3c2,39.33054393305439,60.66945606694561,1,15.841584158415841,84.15841584158416
base,0471_s44,0471,44,MERGED50_12ccbd3063f28e6e,22.55639097744361,77.44360902255639,1,17.543859649122805,82.45614035087719
base,0475_s44,0475,44,MERGED50_130b06c514919680,28.18181818181818,71.81818181818181,1,19.444444444444446,80.55555555555556
base,0497_s44,0497,44,MERGED50_13b84272d67b1514,35.43543543543544,64.56456456456456,1,27.956989247311824,72.04301075268818
base,0512_s44,0512,44,MERGED50_146a1a8686468cbd,16.901408450704224,83.09859154929578,0,16.901408450704224,83.09859154929578
base,0513_s44,0513,44,MERGED50_146dbb258cf98925,18.421052631578945,81.57894736842105,0,18.421052631578945,81.57894736842105
base,0556_s44,0556,44,MERGED50_163960ea0e6f5fd4,34.89583333333333,65.10416666666667,1,21.666666666666668,78.33333333333333
base,0563_s44,0563,44,MERGED50_16acf8ec266adf74,33.89830508474576,66.10169491525424,0,33.89830508474576,66.10169491525424
base,0615_s44,0615,44,MERGED50_186f822792ae4164,45.96491228070175,54.03508771929825,1,17.073170731707318,82.92682926829268
base,0626_s44,0626,44,MERGED50_19093fc8cb9f527c,50.210970464135016,49.789029535864984,1,14.583333333333334,85.41666666666667
base,0641_s44,0641,44,MERGED50_199f655336a8f40d,23.52941176470588,76.47058823529412,1,23.52941176470588,76.47058823529412
base,0646_s44,0646,44,MERGED50_1a1eb6369e668511,59.09090909090909,40.90909090909091,1,59.09090909090909,40.90909090909091
base,0668_s44,0668,44,MERGED50_1b519848d11082a5,30.03003003003003,69.96996996996997,1,24.390243902439025,75.60975609756098
base,0690_s44,0690,44,MERGED50_1c373c0a5f5334e2,50.0,50.0,1,16.129032258064516,83.87096774193549
base,0701_s44,0701,44,MERGED50_1c6babe5a1033670,45.622119815668206,54.377880184331794,1,15.126050420168067,84.87394957983193
base,0711_s44,0711,44,MERGED50_1ccf2c572b7a552c,39.166666666666664,60.833333333333336,1,15.833333333333332,84.16666666666667
base,0713_s44,0713,44,MERGED50_1ceb7b19942ee372,20.28985507246377,79.71014492753623,1,18.84057971014493,81.15942028985506
base,0744_s44,0744,44,MERGED50_1e1cc94b7718a364,38.53658536585366,61.46341463414634,1,18.96551724137931,81.0344827586207
base,0747_s44,0747,44,MERGED50_1e39512d32d11c93,28.125,71.875,1,28.125,71.875
base,0757_s44,0757,44,MERGED50_1ee0a5d09df22a27,32.075471698113205,67.9245283018868,1,17.92452830188679,82.0754716981132
base,0763_s44,0763,44,MERGED50_1f0e942a3982a536,48.87983706720978,51.12016293279022,1,15.887850467289718,84.11214953271028
base,0773_s44,0773,44,MERGED50_1f6495285cbf2ae2,38.421052631578945,61.578947368421055,1,17.24137931034483,82.75862068965517
base,0799_s44,0799,44,MERGED50_20915c05f22a00ca,16.470588235294116,83.52941176470588,0,16.470588235294116,83.52941176470588
base,0816_s44,0816,44,MERGED50_217e7b4ef0c9b70c,17.72151898734177,82.27848101265823,0,17.72151898734177,82.27848101265823
base,0824_s44,0824,44,MERGED50_21cbb0870929a3b5,65.38461538461539,34.61538461538461,1,65.38461538461539,34.61538461538461
base,0865_s44,0865,44,MERGED50_236b102271d9167c,41.333333333333336,58.666666666666664,1,17.80821917808219,82.1917808219178
base,0918_s44,0918,44,MERGED50_260a9381f6fc6868,36.56716417910448,63.43283582089552,1,29.850746268656714,70.1492537313433
base,0970_s44,0970,44,MERGED50_2887e20f7b8f5aa6,67.02127659574468,32.97872340425532,1,67.02127659574468,32.97872340425532
base,1031_s44,1031,44,MERGED50_2af9b232e035b4f4,29.133858267716533,70.86614173228347,1,29.133858267716533,70.86614173228347
base,1041_s44,1041,44,MERGED50_2b50a9bdb76401c5,17.525773195876287,82.47422680412372,0,17.525773195876287,82.47422680412372
base,1061_s44,1061,44,MERGED50_2c2485a3327f3dc7,45.83333333333333,54.16666666666667,1,19.17808219178082,80.82191780821918
base,1072_s44,1072,44,MERGED50_2c83ae3bb7c7fe06,50.42016806722689,49.57983193277311,1,16.666666666666664,83.33333333333334
base,1136_s44,1136,44,MERGED50_2fdd28baebcfbc93,17.741935483870968,82.25806451612902,0,17.741935483870968,82.25806451612902
base,1198_s44,1198,44,MERGED50_3246b16cd858d1e3,38.46153846153847,61.53846153846153,1,38.46153846153847,61.53846153846153
base,1209_s44,1209,44,MERGED50_32e80b756ac067ad,23.52941176470588,76.47058823529412,0,23.52941176470588,76.47058823529412
base,1216_s44,1216,44,MERGED50_336ed4a801c2f3c4,47.592592592592595,52.407407407407405,1,17.5,82.5
base,1240_s44,1240,44,MERGED50_34af8465ef7ba627,49.892008639308855,50.107991360691145,1,18.75,81.25
base,1241_s44,1241,44,MERGED50_34b30d3575948777,39.23444976076555,60.76555023923445,1,20.0,80.0
base,1267_s44,1267,44,MERGED50_3641c96940766477,20.0,80.0,0,20.0,80.0
base,1269_s44,1269,44,MERGED50_36518b02b313049d,42.22222222222222,57.77777777777778,1,20.0,80.0
base,1275_s44,1275,44,MERGED50_3697ac4ef8777013,34.11764705882353,65.88235294117646,1,34.11764705882353,65.88235294117646
base,1298_s44,1298,44,MERGED50_37e6a513a05f9bf8,34.82849604221636,65.17150395778364,1,15.0,85.0
base,1316_s44,1316,44,MERGED50_38b2a50c2837bfca,25.53191489361702,74.46808510638297,1,25.53191489361702,74.46808510638297
base,1329_s44,1329,44,MERGED50_394a8dd322307204,31.48148148148148,68.51851851851852,1,31.48148148148148,68.51851851851852
base,1337_s44,1337,44,MERGED50_3989b04dd8556623,55.79937304075236,44.20062695924764,1,16.666666666666664,83.33333333333334
base,1342_s44,1342,44,MERGED50_39ccc509a418ffae,30.28169014084507,69.71830985915493,0,30.28169014084507,69.71830985915493
base,1345_s44,1345,44,MERGED50_39fc272bcb93b15d,37.32394366197183,62.67605633802817,1,25.925925925925924,74.07407407407408
base,1349_s44,1349,44,MERGED50_3a165aef5a116bf5,47.55244755244755,52.44755244755245,1,16.43835616438356,83.56164383561644
base,1368_s44,1368,44,MERGED50_3b1c07dc8fea4603,40.758293838862556,59.241706161137444,1,16.0,84.0
base,1379_s44,1379,44,MERGED50_3bdd93e92a96ad19,28.05755395683453,71.94244604316548,1,28.05755395683453,71.94244604316548
base,1380_s44,1380,44,MERGED50_3be81df7305d49c4,27.659574468085108,72.34042553191489,0,27.659574468085108,72.34042553191489
base,1384_s44,1384,44,MERGED50_3c13576bcbf85ca2,44.18604651162791,55.81395348837209,1,16.3265306122449,83.6734693877551
base,1389_s44,1389,44,MERGED50_3c5a68f62a928053,37.735849056603776,62.264150943396224,1,19.622641509433965,80.37735849056604
base,1421_s44,1421,44,MERGED50_3decad90426070a4,45.83333333333333,54.16666666666667,1,16.94915254237288,83.05084745762713
base,1427_s44,1427,44,MERGED50_3e33f1800dbd9c34,35.477178423236516,64.52282157676348,1,28.846153846153843,71.15384615384616
base,1428_s44,1428,44,MERGED50_3e3b31d471ffc94a,49.73262032085562,50.26737967914438,1,18.666666666666668,81.33333333333333
base,1429_s44,1429,44,MERGED50_3e3d11b925b45fbe,32.77661795407098,67.22338204592901,1,22.22222222222222,77.77777777777777
base,1432_s44,1432,44,MERGED50_3e5aa9a1b7b8d653,43.31550802139038,56.68449197860962,1,15.625,84.375
base,1433_s44,1433,44,MERGED50_3e63fbb981856684,14.516129032258066,85.48387096774194,0,14.516129032258066,85.48387096774194
base,1457_s44,1457,44,MERGED50_3f62a4babbe83c19,25.153374233128833,74.84662576687117,0,25.153374233128833,74.84662576687117
base,1471_s44,1471,44,MERGED50_402d407b6093674a,18.181818181818183,81.81818181818181,0,18.181818181818183,81.81818181818181
base,1474_s44,1474,44,MERGED50_405a4d8c0deae552,48.97959183673469,51.02040816326531,1,16.43835616438356,83.56164383561644
base,1494_s44,1494,44,MERGED50_411f2a32c65abd49,36.92307692307693,63.07692307692307,1,18.461538461538463,81.53846153846153
base,1510_s44,1510,44,MERGED50_41d81da132848701,33.59375,66.40625,1,20.052083333333336,79.94791666666666
base,1515_s44,1515,44,MERGED50_42260d841f1377eb,52.5,47.5,1,18.954248366013072,81.04575163398692
base,1517_s44,1517,44,MERGED50_42484ba59f188106,48.466257668711656,51.533742331288344,1,46.15384615384615,53.84615384615385
base,1521_s44,1521,44,MERGED50_4285669b0493888e,18.27956989247312,81.72043010752688,0,18.27956989247312,81.72043010752688
base,1545_s44,1545,44,MERGED50_4362509a76da146e,50.76142131979695,49.23857868020305,1,23.684210526315788,76.31578947368422
base,1569_s44,1569,44,MERGED50_452470f6eea49e9e,53.08988764044944,46.91011235955056,1,15.789473684210526,84.21052631578948
base,1587_s44,1587,44,MERGED50_461d7f839caac77e,46.231155778894475,53.768844221105525,1,17.741935483870968,82.25806451612902
base,1589_s44,1589,44,MERGED50_46372a0fbd4d49b2,37.4384236453202,62.5615763546798,1,17.647058823529413,82.35294117647058
base,1598_s44,1598,44,MERGED50_47145fb95598e500,45.657015590200444,54.342984409799556,1,15.492957746478872,84.50704225352112
base,1599_s44,1599,44,MERGED50_471c6ea226937f87,65.92592592592592,34.074074074074076,1,23.333333333333332,76.66666666666667
base,1609_s44,1609,44,MERGED50_47b02c4685094ba9,32.28699551569507,67.71300448430493,1,17.73049645390071,82.26950354609929
base,1623_s44,1623,44,MERGED50_48462d9ed104d7ee,15.625,84.375,0,15.625,84.375
base,1628_s44,1628,44,MERGED50_4889e6e6faf64af1,13.793103448275861,86.20689655172414,0,13.793103448275861,86.20689655172414
base,1634_s44,1634,44,MERGED50_48b4acbaba3bf0ce,44.565217391304344,55.434782608695656,1,16.363636363636363,83.63636363636364
base,1643_s44,1643,44,MERGED50_48f4fb1a585f756b,20.73170731707317,79.26829268292683,1,18.666666666666668,81.33333333333333
base,1644_s44,1644,44,MERGED50_4900eb77492b3539,42.42424242424242,57.57575757575758,1,42.42424242424242,57.57575757575758
base,1646_s44,1646,44,MERGED50_491f277c7354ac88,15.517241379310345,84.48275862068965,0,15.517241379310345,84.48275862068965
base,1663_s44,1663,44,MERGED50_49f4df1d2f820e94,38.82352941176471,61.17647058823529,1,38.82352941176471,61.17647058823529
base,1689_s44,1689,44,MERGED50_4ac1d527b0c84960,50.51903114186851,49.48096885813149,1,17.307692307692307,82.6923076923077
base,1692_s44,1692,44,MERGED50_4ad594a12d0332d1,51.62689804772235,48.37310195227765,1,16.94915254237288,83.05084745762713
base,1717_s44,1717,44,MERGED50_4be104e418d33631,41.66666666666667,58.33333333333333,1,20.863309352517987,79.13669064748201
base,1722_s44,1722,44,MERGED50_4c11e53ac7d8df90,41.17647058823529,58.82352941176471,1,41.17647058823529,58.82352941176471
base,1735_s44,1735,44,MERGED50_4cb1fcc9e80a697f,44.05594405594406,55.94405594405594,1,28.8135593220339,71.1864406779661
base,1741_s44,1741,44,MERGED50_4cfc7389cb1e066b,59.66850828729282,40.33149171270718,1,20.0,80.0
base,1742_s44,1742,44,MERGED50_4d0e44d4065dc9cd,38.095238095238095,61.904761904761905,1,15.384615384615385,84.61538461538461
base,1748_s44,1748,44,MERGED50_4d4efeff38ed788c,29.880478087649404,70.11952191235059,1,21.98581560283688,78.01418439716312
base,1752_s44,1752,44,MERGED50_4daec5a39d5600f2,19.607843137254903,80.3921568627451,0,19.607843137254903,80.3921568627451
base,1792_s44,1792,44,MERGED50_4ff928ed0b2c5ed9,40.5,59.5,1,17.391304347826086,82.6086956521739
base,1799_s44,1799,44,MERGED50_503944df164841e9,36.507936507936506,63.492063492063494,1,23.728813559322035,76.27118644067797
base,1813_s44,1813,44,MERGED50_50f3d8e28a277412,40.04282655246253,59.95717344753747,1,16.363636363636363,83.63636363636364
base,1830_s44,1830,44,MERGED50_51aecf5a82dbce78,15.384615384615385,84.61538461538461,0,15.384615384615385,84.61538461538461
base,1844_s44,1844,44,MERGED50_526ae4cee2125bfb,49.84615384615385,50.15384615384615,1,17.846153846153847,82.15384615384616
base,1882_s44,1882,44,MERGED50_545e6e68331f2156,46.51162790697674,53.48837209302326,1,46.51162790697674,53.48837209302326
base,1905_s44,1905,44,MERGED50_553f8a66af2a3e91,40.92664092664093,59.07335907335907,1,33.33333333333333,66.66666666666667
base,1908_s44,1908,44,MERGED50_554d40bab7143e00,33.61702127659574,66.38297872340425,1,17.59259259259259,82.4074074074074
base,1909_s44,1909,44,MERGED50_554ee24ba2da53aa,29.253731343283583,70.74626865671641,1,17.647058823529413,82.35294117647058
base,1911_s44,1911,44,MERGED50_55a02953e1a869bc,33.50785340314136,66.49214659685865,1,26.701570680628272,73.29842931937173
base,1942_s44,1942,44,MERGED50_575c6ee0003d1c16,40.27303754266212,59.72696245733788,1,30.67484662576687,69.32515337423312
base,1949_s44,1949,44,MERGED50_57b0e310432a22eb,47.28260869565217,52.71739130434783,1,18.181818181818183,81.81818181818181
base,1951_s44,1951,44,MERGED50_57be905f2a47364b,49.411764705882355,50.588235294117645,1,49.411764705882355,50.588235294117645
base,1957_s44,1957,44,MERGED50_57f3a98bf6445bd5,34.13978494623656,65.86021505376344,1,32.69230769230769,67.3076923076923
base,1968_s44,1968,44,MERGED50_586bb952a8fc0b3d,31.799163179916317,68.20083682008368,1,31.799163179916317,68.20083682008368
base,1994_s44,1994,44,MERGED50_5a1bbcc14a461599,37.988826815642454,62.011173184357546,1,18.823529411764707,81.17647058823529
base,2004_s44,2004,44,MERGED50_5a83ec96df4a0c1d,38.15789473684211,61.84210526315789,1,16.129032258064516,83.87096774193549
base,2008_s44,2008,44,MERGED50_5ab7a71def90885f,13.592233009708737,86.40776699029126,0,13.592233009708737,86.40776699029126
base,2012_s44,2012,44,MERGED50_5b071d4cc559965a,43.373493975903614,56.626506024096386,1,43.373493975903614,56.626506024096386
base,2019_s44,2019,44,MERGED50_5b718b4cfb08bb58,36.54390934844193,63.45609065155807,1,13.541666666666666,86.45833333333333
base,2054_s44,2054,44,MERGED50_5d19e38d4d70b54a,30.76923076923077,69.23076923076923,0,30.76923076923077,69.23076923076923
base,2056_s44,2056,44,MERGED50_5d3b236e3dd6d06c,23.003194888178914,76.99680511182109,1,18.96551724137931,81.0344827586207
base,2075_s44,2075,44,MERGED50_5e0244dd6c87c85d,30.69544364508393,69.30455635491607,1,18.94484412470024,81.05515587529976
base,2086_s44,2086,44,MERGED50_5e95fa19a872e3b4,39.87730061349693,60.12269938650307,1,39.87730061349693,60.12269938650307
base,2087_s44,2087,44,MERGED50_5e9e6eb6decf88dc,22.47191011235955,77.52808988764045,1,21.12676056338028,78.87323943661971
base,2112_s44,2112,44,MERGED50_600eac600405229a,14.965986394557824,85.03401360544217,0,14.965986394557824,85.03401360544217
base,2123_s44,2123,44,MERGED50_609a3e30cddedce6,18.6046511627907,81.3953488372093,1,18.6046511627907,81.3953488372093
base,2133_s44,2133,44,MERGED50_612acfb649609662,42.9042904290429,57.0957095709571,1,20.689655172413794,79.3103448275862
base,2146_s44,2146,44,MERGED50_6244b32ce12316f9,16.037735849056602,83.9622641509434,0,16.037735849056602,83.9622641509434
base,2153_s44,2153,44,MERGED50_62a38fd2a6fdbc2d,36.853932584269664,63.146067415730336,1,15.384615384615385,84.61538461538461
base,2162_s44,2162,44,MERGED50_63215d6ba2194894,42.769230769230774,57.230769230769226,1,38.23529411764706,61.76470588235294
base,2189_s44,2189,44,MERGED50_645a92888dc6dedb,16.911764705882355,83.08823529411765,0,16.911764705882355,83.08823529411765
base,2243_s44,2243,44,MERGED50_66ec4df0e0a2fd55,34.74576271186441,65.25423728813558,1,16.101694915254235,83.89830508474577
base,2250_s44,2250,44,MERGED50_671edda99c550c18,35.294117647058826,64.70588235294117,0,35.294117647058826,64.70588235294117
base,2261_s44,2261,44,MERGED50_67a4f58548213093,15.254237288135593,84.7457627118644,0,15.254237288135593,84.7457627118644
base,2263_s44,2263,44,MERGED50_67d5e2e10d7007fe,41.883116883116884,58.116883116883116,1,15.254237288135593,84.7457627118644
base,2273_s44,2273,44,MERGED50_683bce063171bf86,17.24137931034483,82.75862068965517,1,17.24137931034483,82.75862068965517
base,2279_s44,2279,44,MERGED50_68c65d876ac620ab,39.63133640552996,60.36866359447004,1,23.943661971830984,76.05633802816902
base,2286_s44,2286,44,MERGED50_69393026e61930ed,16.901408450704224,83.09859154929578,0,16.901408450704224,83.09859154929578
base,2295_s44,2295,44,MERGED50_69b44115b6dcd0e2,22.033898305084744,77.96610169491525,0,22.033898305084744,77.96610169491525
base,2308_s44,2308,44,MERGED50_6a2a6be04d79ee41,19.387755102040817,80.61224489795919,0,19.387755102040817,80.61224489795919
base,2323_s44,2323,44,MERGED50_6af9723776606a41,52.31481481481482,47.68518518518518,1,15.584415584415584,84.41558441558442
base,2329_s44,2329,44,MERGED50_6b224a8f99da0d29,29.078014184397162,70.92198581560284,1,19.148936170212767,80.85106382978724
base,2330_s44,2330,44,MERGED50_6b227dac34d8f18a,26.08695652173913,73.91304347826087,1,26.08695652173913,73.91304347826087
base,2332_s44,2332,44,MERGED50_6b38087a6588fd0b,40.0,60.0,0,40.0,60.0
base,2358_s44,2358,44,MERGED50_6c30c584dc58bebe,38.21656050955414,61.78343949044586,1,35.6687898089172,64.3312101910828
base,2362_s44,2362,44,MERGED50_6c4a85fe1429fd52,22.058823529411764,77.94117647058823,1,22.058823529411764,77.94117647058823
base,2378_s44,2378,44,MERGED50_6d121cb9b2ad8f83,40.0593471810089,59.9406528189911,1,14.754098360655737,85.24590163934427
base,2379_s44,2379,44,MERGED50_6d3279c7f8765afe,43.373493975903614,56.626506024096386,1,30.76923076923077,69.23076923076923
base,2400_s44,2400,44,MERGED50_6e8a7b5e0ea2e20a,51.78571428571429,48.21428571428571,1,24.242424242424242,75.75757575757575
base,2404_s44,2404,44,MERGED50_6ebf80626779618f,53.77969762419006,46.22030237580994,1,19.10828025477707,80.89171974522293
base,2405_s44,2405,44,MERGED50_6ec27256153612e8,46.5553235908142,53.4446764091858,1,14.285714285714285,85.71428571428572
base,2413_s44,2413,44,MERGED50_6f1c632d7cb5897c,20.0,80.0,0,20.0,80.0
base,2425_s44,2425,44,MERGED50_6fa1c9aaca811b7c,32.48407643312102,67.51592356687898,1,20.28985507246377,79.71014492753623
base,2440_s44,2440,44,MERGED50_7077b5705fff8a36,21.978021978021978,78.02197802197801,1,19.78021978021978,80.21978021978022
base,2450_s44,2450,44,MERGED50_7127c555a30ef29d,52.74725274725275,47.25274725274725,1,20.33898305084746,79.66101694915254
base,2488_s44,2488,44,MERGED50_73619aea8b71f9f2,39.361702127659576,60.638297872340424,1,16.666666666666664,83.33333333333334
base,2500_s44,2500,44,MERGED50_7411d1af87ef4f3d,44.827586206896555,55.172413793103445,1,44.827586206896555,55.172413793103445
base,2513_s44,2513,44,MERGED50_74a893e225ddf810,16.666666666666664,83.33333333333334,0,16.666666666666664,83.33333333333334
base,2522_s44,2522,44,MERGED50_753596b5977878ba,19.607843137254903,80.3921568627451,1,19.607843137254903,80.3921568627451
base,2528_s44,2528,44,MERGED50_7587d233b7f5a4dd,39.41908713692946,60.58091286307054,1,21.21212121212121,78.78787878787878
base,2534_s44,2534,44,MERGED50_75d083f90f752722,47.04370179948586,52.95629820051414,1,43.333333333333336,56.666666666666664
base,2546_s44,2546,44,MERGED50_7668b102cce97a67,20.689655172413794,79.3103448275862,0,20.689655172413794,79.3103448275862
base,2554_s44,2554,44,MERGED50_76abcfb94bfee017,27.983539094650205,72.01646090534979,1,23.456790123456788,76.54320987654322
base,2556_s44,2556,44,MERGED50_76d3ea294441f3bf,44.96402877697842,55.03597122302158,1,18.9873417721519,81.0126582278481
base,2563_s44,2563,44,MERGED50_77449cdf69801264,16.417910447761194,83.58208955223881,0,16.417910447761194,83.58208955223881
base,2572_s44,2572,44,MERGED50_77a0592117bec23a,50.0,50.0,1,18.181818181818183,81.81818181818181
base,2574_s44,2574,44,MERGED50_77ba8c2b63fadcf5,65.38461538461539,34.61538461538461,1,65.38461538461539,34.61538461538461
base,2599_s44,2599,44,MERGED50_78e463e2ec428af7,36.58536585365854,63.41463414634146,1,36.58536585365854,63.41463414634146
base,2601_s44,2601,44,MERGED50_78f1e00fd53a3274,35.684647302904565,64.31535269709543,1,14.893617021276595,85.1063829787234
base,2616_s44,2616,44,MERGED50_79a47969caa2ae63,29.411764705882355,70.58823529411765,1,21.666666666666668,78.33333333333333
base,2622_s44,2622,44,MERGED50_79dabdca37fc4102,33.10344827586207,66.89655172413794,1,21.875,78.125
base,2627_s44,2627,44,MERGED50_7a01bc666a0eca16,45.09803921568628,54.90196078431372,1,16.363636363636363,83.63636363636364
base,2636_s44,2636,44,MERGED50_7a80fe2dea4829f2,42.40837696335078,57.59162303664922,1,17.24137931034483,82.75862068965517
base,2652_s44,2652,44,MERGED50_7b300d5704038dbf,23.248407643312103,76.7515923566879,1,23.248407643312103,76.7515923566879
base,2661_s44,2661,44,MERGED50_7be9bc1e78d4269b,46.09375,53.90625,1,19.642857142857142,80.35714285714286
base,2672_s44,2672,44,MERGED50_7c5d8dd9dd48f517,27.114427860696516,72.88557213930349,1,25.806451612903224,74.19354838709677
base,2692_s44,2692,44,MERGED50_7d0b0614229175f8,35.294117647058826,64.70588235294117,1,35.294117647058826,64.70588235294117
base,2705_s44,2705,44,MERGED50_7dbdcf7782af193c,36.76470588235294,63.23529411764706,1,36.76470588235294,63.23529411764706
base,2727_s44,2727,44,MERGED50_7ed2f6a56937016a,39.81481481481482,60.18518518518518,1,17.142857142857142,82.85714285714286
base,2728_s44,2728,44,MERGED50_7ede81269d8631a4,20.0,80.0,1,20.0,80.0
base,2741_s44,2741,44,MERGED50_7f640839a3f8e11a,49.056603773584904,50.943396226415096,1,21.951219512195124,78.04878048780488
base,2743_s44,2743,44,MERGED50_7f66caa8892be92f,33.47457627118644,66.52542372881356,1,30.263157894736842,69.73684210526315
base,2802_s44,2802,44,MERGED50_8250c39e60fe2cf2,44.224422442244226,55.775577557755774,1,20.33898305084746,79.66101694915254
base,2818_s44,2818,44,MERGED50_83412bf11620bd23,49.26108374384236,50.73891625615764,1,21.21212121212121,78.78787878787878
base,2833_s44,2833,44,MERGED50_841cf6c2b9f6631e,22.689075630252102,77.3109243697479,1,15.126050420168067,84.87394957983193
base,2853_s44,2853,44,MERGED50_853f79d92858401e,16.666666666666664,83.33333333333334,0,16.666666666666664,83.33333333333334
base,2859_s44,2859,44,MERGED50_85bd37c154ebca0f,43.333333333333336,56.666666666666664,1,43.333333333333336,56.666666666666664
base,2874_s44,2874,44,MERGED50_8639fd34028091ab,29.931972789115648,70.06802721088435,1,16.666666666666664,83.33333333333334
base,2884_s44,2884,44,MERGED50_867689993d36eb87,17.94871794871795,82.05128205128204,0,17.94871794871795,82.05128205128204
base,2894_s44,2894,44,MERGED50_86db53a5c57f5ff0,31.799163179916317,68.20083682008368,0,31.799163179916317,68.20083682008368
base,2903_s44,2903,44,MERGED50_873694b44f3b2ea8,47.78481012658228,52.21518987341772,1,19.230769230769234,80.76923076923077
base,2906_s44,2906,44,MERGED50_8745eb3faa2564b7,33.33333333333333,66.66666666666667,1,25.925925925925924,74.07407407407408
base,2928_s44,2928,44,MERGED50_883b24135493ecd4,42.63157894736842,57.36842105263158,1,15.18987341772152,84.81012658227849
base,2954_s44,2954,44,MERGED50_89eef421b7a393fa,16.23931623931624,83.76068376068376,1,16.23931623931624,83.76068376068376
base,2978_s44,2978,44,MERGED50_8b386db343c4677e,46.35568513119534,53.64431486880466,1,17.073170731707318,82.92682926829268
base,2987_s44,2987,44,MERGED50_8bedf43df42ac4c0,51.275510204081634,48.724489795918366,1,25.352112676056336,74.64788732394366
base,2993_s44,2993,44,MERGED50_8c190d7c98c4f693,41.06463878326996,58.93536121673004,1,16.901408450704224,83.09859154929578
base,2996_s44,2996,44,MERGED50_8c3d2660267e473d,42.91497975708502,57.08502024291498,1,14.814814814814813,85.18518518518519
base,3027_s44,3027,44,MERGED50_8dee8af9f39cd7fd,20.155038759689923,79.84496124031008,0,20.155038759689923,79.84496124031008
base,3032_s44,3032,44,MERGED50_8e20bc65561a86aa,17.82178217821782,82.17821782178218,1,17.82178217821782,82.17821782178218
base,3033_s44,3033,44,MERGED50_8e22f7d3d4198db8,41.7910447761194,58.2089552238806,1,27.611940298507463,72.38805970149254
base,3045_s44,3045,44,MERGED50_8ee742e81fc5700b,22.52747252747253,77.47252747252747,1,18.681318681318682,81.31868131868131
base,3049_s44,3049,44,MERGED50_8f21052c420280e1,33.55263157894737,66.44736842105263,1,14.285714285714285,85.71428571428572
base,3080_s44,3080,44,MERGED50_9098dca75b1a5014,52.27272727272727,47.72727272727273,1,16.43835616438356,83.56164383561644
base,3081_s44,3081,44,MERGED50_909e06366de0655f,40.063091482649845,59.936908517350155,1,13.664596273291925,86.33540372670808
base,3095_s44,3095,44,MERGED50_916c635910a1d9e7,37.17948717948718,62.82051282051282,1,17.94871794871795,82.05128205128204
base,3097_s44,3097,44,MERGED50_917a86209294b86f,45.436105476673426,54.563894523326574,1,16.666666666666664,83.33333333333334
base,3104_s44,3104,44,MERGED50_922ef138ede4a09e,46.666666666666664,53.333333333333336,1,17.105263157894736,82.89473684210526
base,3155_s44,3155,44,MERGED50_952fb4144de0c137,47.16312056737589,52.83687943262411,1,38.46153846153847,61.53846153846153
base,3175_s44,3175,44,MERGED50_967da48d929c47b7,42.944785276073624,57.055214723926376,1,42.944785276073624,57.055214723926376
base,3182_s44,3182,44,MERGED50_96b5b3822e77b0d1,58.82352941176471,41.17647058823529,1,58.82352941176471,41.17647058823529
base,3183_s44,3183,44,MERGED50_96b6b14d746a301d,36.144578313253014,63.855421686746986,1,15.841584158415841,84.15841584158416
base,3188_s44,3188,44,MERGED50_973156e9c6e6a362,30.11049723756906,69.88950276243094,1,17.17171717171717,82.82828282828282
base,3197_s44,3197,44,MERGED50_97cb7b15febeb2a5,35.8974358974359,64.1025641025641,1,17.857142857142858,82.14285714285714
base,3199_s44,3199,44,MERGED50_97dc8721613c2b73,49.074074074074076,50.925925925925924,1,14.814814814814813,85.18518518518519
base,3217_s44,3217,44,MERGED50_991d320f2a013e40,46.330275229357795,53.669724770642205,1,15.053763440860216,84.94623655913978
base,3225_s44,3225,44,MERGED50_998bb445f3f832c5,42.04081632653061,57.95918367346939,1,21.176470588235293,78.82352941176471
base,3236_s44,3236,44,MERGED50_99e8793681c95da7,29.577464788732392,70.42253521126761,1,29.577464788732392,70.42253521126761
base,3241_s44,3241,44,MERGED50_9a6d86d4a6b18c65,44.67680608365019,55.32319391634981,1,17.24137931034483,82.75862068965517
base,3248_s44,3248,44,MERGED50_9a8b8d185d4bd22e,45.09090909090909,54.90909090909091,1,20.0,80.0
base,3252_s44,3252,44,MERGED50_9aa2b233a097c88b,37.6425855513308,62.3574144486692,1,14.893617021276595,85.1063829787234
base,3256_s44,3256,44,MERGED50_9ab99c917ac7df76,42.66304347826087,57.33695652173913,1,15.384615384615385,84.61538461538461
base,3257_s44,3257,44,MERGED50_9abd9e349a65eaa1,42.600896860986545,57.399103139013455,1,15.714285714285714,84.28571428571429
base,3268_s44,3268,44,MERGED50_9b5fcc70f997c7eb,51.30597014925373,48.69402985074627,1,17.94871794871795,82.05128205128204
base,3269_s44,3269,44,MERGED50_9b7b4d6e047a5ec0,37.37864077669903,62.62135922330097,1,25.766871165644172,74.23312883435582
base,3272_s44,3272,44,MERGED50_9b8f00624edaac0d,51.89393939393939,48.10606060606061,1,14.035087719298245,85.96491228070175
base,3274_s44,3274,44,MERGED50_9b98dddab58fa657,18.03921568627451,81.9607843137255,0,18.03921568627451,81.9607843137255
base,3275_s44,3275,44,MERGED50_9bb2b32cfe362dbd,31.321839080459768,68.67816091954023,1,17.391304347826086,82.6086956521739
base,3305_s44,3305,44,MERGED50_9d334cd69d11cc08,46.92307692307692,53.07692307692308,1,14.960629921259844,85.03937007874015
base,3306_s44,3306,44,MERGED50_9d4cad0bf4f4eabb,14.084507042253522,85.91549295774648,0,14.084507042253522,85.91549295774648
base,3321_s44,3321,44,MERGED50_9df10ef1bbe6e50a,38.59649122807017,61.40350877192983,1,18.421052631578945,81.57894736842105
base,3354_s44,3354,44,MERGED50_a0217cea3a619c31,37.18411552346571,62.81588447653429,1,20.33898305084746,79.66101694915254
base,3361_s44,3361,44,MERGED50_a09fa1c40dba6a05,41.235059760956176,58.764940239043824,1,17.80821917808219,82.1917808219178
base,3410_s44,3410,44,MERGED50_a2d5559200c22c7a,14.85148514851485,85.14851485148515,0,14.85148514851485,85.14851485148515
base,3423_s44,3423,44,MERGED50_a36ed354195d99f9,34.77406679764244,65.22593320235757,1,18.055555555555554,81.94444444444444
base,3427_s44,3427,44,MERGED50_a38dcaacea403954,46.62576687116564,53.37423312883436,1,46.62576687116564,53.37423312883436
base,3429_s44,3429,44,MERGED50_a39b3ac9186d9697,42.53393665158371,57.46606334841629,1,17.307692307692307,82.6923076923077
base,3436_s44,3436,44,MERGED50_a42681c8ab1c5abd,42.02127659574468,57.97872340425532,1,18.27956989247312,81.72043010752688
base,3509_s44,3509,44,MERGED50_a84d6eb4536c54e4,38.88888888888889,61.11111111111111,1,18.253968253968253,81.74603174603175
base,3510_s44,3510,44,MERGED50_a84f97de017ca7ec,54.56204379562044,45.43795620437956,1,20.858895705521473,79.14110429447852
base,3532_s44,3532,44,MERGED50_a9ed355f00ad370a,72.8395061728395,27.160493827160494,1,72.8395061728395,27.160493827160494
base,3542_s44,3542,44,MERGED50_aa3463f5ddc1b812,32.05128205128205,67.94871794871796,1,20.51282051282051,79.48717948717949
base,3564_s44,3564,44,MERGED50_ab2b415c51b1e502,48.10126582278481,51.89873417721519,1,16.666666666666664,83.33333333333334
base,3567_s44,3567,44,MERGED50_ab425ac822b5007b,46.52777777777778,53.47222222222222,1,16.363636363636363,83.63636363636364
base,3581_s44,3581,44,MERGED50_ac0e0751641ba8c5,17.006802721088434,82.99319727891157,1,16.216216216216218,83.78378378378378
base,3585_s44,3585,44,MERGED50_ac619d734e1fed35,48.07692307692308,51.92307692307692,1,48.07692307692308,51.92307692307692
base,3586_s44,3586,44,MERGED50_ac69c745c89ad948,41.99475065616798,58.00524934383202,1,16.129032258064516,83.87096774193549
base,3629_s44,3629,44,MERGED50_ae7a8231780df578,37.43589743589744,62.56410256410256,1,23.333333333333332,76.66666666666667
base,3649_s44,3649,44,MERGED50_afa7cfce20caf18e,45.0,55.0,1,18.39080459770115,81.60919540229885
base,3669_s44,3669,44,MERGED50_b0921b39d04065fe,16.037735849056602,83.9622641509434,0,16.037735849056602,83.9622641509434
base,3672_s44,3672,44,MERGED50_b0acaec12cf54da1,30.833333333333336,69.16666666666666,1,16.43835616438356,83.56164383561644
base,3677_s44,3677,44,MERGED50_b11026cfc39511b7,48.3974358974359,51.6025641025641,1,18.64406779661017,81.35593220338983
base,3680_s44,3680,44,MERGED50_b158ae789a92cb66,48.113207547169814,51.886792452830186,1,48.113207547169814,51.886792452830186
base,3683_s44,3683,44,MERGED50_b17f8de8e8177506,15.789473684210526,84.21052631578948,0,15.789473684210526,84.21052631578948
base,3684_s44,3684,44,MERGED50_b19bfa8594c86411,36.55913978494624,63.44086021505376,1,36.55913978494624,63.44086021505376
base,3694_s44,3694,44,MERGED50_b25490b4a76d74a5,48.34254143646409,51.65745856353591,1,16.43835616438356,83.56164383561644
base,3702_s44,3702,44,MERGED50_b2b8613a7d28b25a,48.23848238482385,51.76151761517615,1,17.24137931034483,82.75862068965517
base,3718_s44,3718,44,MERGED50_b40efb3f02a47298,25.423728813559322,74.57627118644068,1,25.423728813559322,74.57627118644068
base,3722_s44,3722,44,MERGED50_b42142937144f0e9,43.558282208588956,56.441717791411044,1,20.73170731707317,79.26829268292683
base,3728_s44,3728,44,MERGED50_b45c254a83e9819b,38.78116343490305,61.21883656509695,1,19.270833333333336,80.72916666666666
base,3748_s44,3748,44,MERGED50_b58172d9edd3ab32,49.03846153846153,50.96153846153847,1,17.142857142857142,82.85714285714286
base,3752_s44,3752,44,MERGED50_b59c30f551ed6b1f,47.07520891364902,52.92479108635098,1,17.80821917808219,82.1917808219178
base,3762_s44,3762,44,MERGED50_b6320c1cb01534e4,63.23529411764706,36.76470588235294,1,63.23529411764706,36.76470588235294
base,3771_s44,3771,44,MERGED50_b69c514bad0a6438,46.46017699115044,53.53982300884956,1,16.091954022988507,83.9080459770115
base,3774_s44,3774,44,MERGED50_b6d00e21099ae542,43.75,56.25,1,17.5,82.5
base,3776_s44,3776,44,MERGED50_b6faaa8e81b33b62,18.27956989247312,81.72043010752688,0,18.27956989247312,81.72043010752688
base,3783_s44,3783,44,MERGED50_b7a6b6c91b9cd7ea,34.98349834983499,65.01650165016501,1,19.11764705882353,80.88235294117646
base,3816_s44,3816,44,MERGED50_b957d14dcf1bbe9a,57.668711656441715,42.331288343558285,1,57.668711656441715,42.331288343558285
base,3818_s44,3818,44,MERGED50_b967112def0d9512,33.633633633633636,66.36636636636636,1,25.423728813559322,74.57627118644068
base,3831_s44,3831,44,MERGED50_b9d681926a4b600e,19.11764705882353,80.88235294117646,0,19.11764705882353,80.88235294117646
base,3838_s44,3838,44,MERGED50_ba291c9173c50b04,39.80582524271845,60.19417475728155,1,16.071428571428573,83.92857142857143
base,3840_s44,3840,44,MERGED50_ba443842d54492a7,40.64516129032258,59.35483870967742,1,16.666666666666664,83.33333333333334
base,3852_s44,3852,44,MERGED50_bb10fbaaf2dc3390,15.942028985507244,84.05797101449275,0,15.942028985507244,84.05797101449275
base,3853_s44,3853,44,MERGED50_bb204324245ac57d,48.23529411764706,51.76470588235294,1,16.470588235294116,83.52941176470588
base,3855_s44,3855,44,MERGED50_bb3455cbaad33f86,38.349514563106794,61.650485436893206,1,18.461538461538463,81.53846153846153
base,3859_s44,3859,44,MERGED50_bb5eda403322a160,28.125,71.875,1,28.125,71.875
base,3872_s44,3872,44,MERGED50_bc17887e887e8809,27.607361963190186,72.39263803680981,1,27.607361963190186,72.39263803680981
base,3879_s44,3879,44,MERGED50_bc5d8b8a3e7fc15d,37.719298245614034,62.280701754385966,1,17.28395061728395,82.71604938271605
base,3895_s44,3895,44,MERGED50_bd037da1c83d4495,56.43564356435643,43.56435643564357,1,15.0,85.0
base,3904_s44,3904,44,MERGED50_bd5d3346b3f492d1,45.94594594594595,54.05405405405405,1,17.56756756756757,82.43243243243244
base,3913_s44,3913,44,MERGED50_bdfb0561a2f0e94d,62.35294117647059,37.64705882352941,0,62.35294117647059,37.64705882352941
base,3923_s44,3923,44,MERGED50_be9dd7740e7d701e,46.31578947368421,53.68421052631579,1,22.105263157894736,77.89473684210526
base,3926_s44,3926,44,MERGED50_beb97b9d7100d060,25.882352941176475,74.11764705882352,0,25.882352941176475,74.11764705882352
base,3937_s44,3937,44,MERGED50_bf4d181218869bd3,40.52287581699346,59.47712418300654,1,20.0,80.0
base,3948_s44,3948,44,MERGED50_c004f25ea592d5dc,39.89071038251366,60.10928961748634,1,17.692307692307693,82.3076923076923
base,3950_s44,3950,44,MERGED50_c023f2020521997b,34.07960199004975,65.92039800995025,1,17.391304347826086,82.6086956521739
base,3974_s44,3974,44,MERGED50_c14b578a40b8c8b1,40.298507462686565,59.701492537313435,1,40.298507462686565,59.701492537313435
base,3980_s44,3980,44,MERGED50_c1bf1e334817e0f2,14.906832298136646,85.09316770186335,0,14.906832298136646,85.09316770186335
base,3981_s44,3981,44,MERGED50_c1c730c120397711,49.61832061068702,50.38167938931298,1,34.61538461538461,65.38461538461539
base,3983_s44,3983,44,MERGED50_c1d88cac251c841c,45.76271186440678,54.23728813559322,1,15.517241379310345,84.48275862068965
base,4001_s44,4001,44,MERGED50_c3715085cbdba5f4,46.51685393258427,53.48314606741573,1,19.327731092436977,80.67226890756302
base,4016_s44,4016,44,MERGED50_c4074a4ba6f23c3b,39.02439024390244,60.97560975609756,0,39.02439024390244,60.97560975609756
base,4019_s44,4019,44,MERGED50_c430d42301ff2bd9,18.627450980392158,81.37254901960785,1,18.627450980392158,81.37254901960785
base,4024_s44,4024,44,MERGED50_c47a49ed1eedac36,40.42553191489361,59.57446808510639,1,17.02127659574468,82.97872340425532
base,4032_s44,4032,44,MERGED50_c4bda75420b8a03b,36.637931034482754,63.362068965517246,1,15.909090909090908,84.0909090909091
base,4039_s44,4039,44,MERGED50_c51ac5431905f7ee,39.94252873563218,60.05747126436782,1,15.492957746478872,84.50704225352112
base,4061_s44,4061,44,MERGED50_c6a44b119bef1302,26.05042016806723,73.94957983193277,0,26.05042016806723,73.94957983193277
base,4071_s44,4071,44,MERGED50_c74a4126117a32ad,42.508710801393725,57.491289198606275,1,15.384615384615385,84.61538461538461
base,4073_s44,4073,44,MERGED50_c75525dbde37c28c,38.73626373626374,61.26373626373626,1,14.64968152866242,85.35031847133757
base,4074_s44,4074,44,MERGED50_c75ab1a5c9ad6c6f,20.52401746724891,79.47598253275109,1,19.65065502183406,80.34934497816595
base,4078_s44,4078,44,MERGED50_c79ff93d590f9bda,38.655462184873954,61.344537815126046,1,38.655462184873954,61.344537815126046
base,4081_s44,4081,44,MERGED50_c7c021d8ab4041ec,17.5,82.5,1,17.5,82.5
base,4084_s44,4084,44,MERGED50_c7f03ab966fff9af,26.244343891402718,73.75565610859728,1,17.24137931034483,82.75862068965517
base,4096_s44,4096,44,MERGED50_c84242fb3de977b7,28.05755395683453,71.94244604316548,1,28.05755395683453,71.94244604316548
base,4121_s44,4121,44,MERGED50_c9f6c384862b1fe4,40.35874439461883,59.64125560538117,1,19.672131147540984,80.32786885245902
base,4167_s44,4167,44,MERGED50_cce784180d050396,17.05426356589147,82.94573643410853,1,17.05426356589147,82.94573643410853
base,4174_s44,4174,44,MERGED50_cd0a1fdd85de8ab1,43.51851851851852,56.48148148148148,1,19.51219512195122,80.48780487804878
base,4188_s44,4188,44,MERGED50_cddc29167df62ef9,17.1875,82.8125,1,17.1875,82.8125
base,4189_s44,4189,44,MERGED50_cdeb5e55f9b42a2d,44.1747572815534,55.8252427184466,1,21.153846153846153,78.84615384615384
base,4191_s44,4191,44,MERGED50_cdfbd57f3bb21d20,47.05882352941176,52.94117647058824,1,47.05882352941176,52.94117647058824
base,4198_s44,4198,44,MERGED50_ce9430b3548fb97f,18.333333333333332,81.66666666666667,0,18.333333333333332,81.66666666666667
base,4208_s44,4208,44,MERGED50_ceee00040657071c,33.9572192513369,66.04278074866309,1,17.333333333333336,82.66666666666666
base,4231_s44,4231,44,MERGED50_d05dd345e17ccbad,53.535353535353536,46.464646464646464,1,19.54022988505747,80.45977011494253
base,4248_s44,4248,44,MERGED50_d1669aedc2240498,33.79790940766551,66.20209059233449,1,19.696969696969695,80.30303030303031
base,4277_s44,4277,44,MERGED50_d33811d5beca09c4,25.663716814159294,74.3362831858407,1,25.663716814159294,74.3362831858407
base,4307_s44,4307,44,MERGED50_d46d768da670065d,26.923076923076923,73.07692307692308,1,26.923076923076923,73.07692307692308
base,4338_s44,4338,44,MERGED50_d63aedec8517f781,54.23728813559322,45.76271186440678,1,18.75,81.25
base,4339_s44,4339,44,MERGED50_d646f7b19527e834,37.333333333333336,62.666666666666664,1,19.11764705882353,80.88235294117646
base,4366_s44,4366,44,MERGED50_d79dcc8b60502ff1,38.17787418655097,61.82212581344903,1,35.526315789473685,64.47368421052632
base,4430_s44,4430,44,MERGED50_dbd87a83d6fc84aa,18.494623655913976,81.50537634408602,1,14.925373134328357,85.07462686567165
base,4444_s44,4444,44,MERGED50_dcf2317213ccfe3c,51.92307692307693,48.07692307692307,1,51.92307692307693,48.07692307692307
base,4450_s44,4450,44,MERGED50_dd2e6125e1a265fe,31.32530120481928,68.67469879518072,1,19.230769230769234,80.76923076923077
base,4460_s44,4460,44,MERGED50_dd88294982766a63,52.42290748898678,47.57709251101322,1,17.77777777777778,82.22222222222223
base,4473_s44,4473,44,MERGED50_de3037fc7a3630e5,21.73913043478261,78.26086956521739,1,17.391304347826086,82.6086956521739
base,4477_s44,4477,44,MERGED50_de83bc5e0f478a3f,27.027027027027028,72.97297297297297,1,27.027027027027028,72.97297297297297
base,4482_s44,4482,44,MERGED50_debafa50f2edd0c3,52.083333333333336,47.916666666666664,1,15.841584158415841,84.15841584158416
base,4494_s44,4494,44,MERGED50_df902d078f750801,68.36734693877551,31.632653061224488,1,68.36734693877551,31.632653061224488
base,4504_s44,4504,44,MERGED50_e0b9c4be3893b47f,42.69662921348314,57.30337078651686,1,21.666666666666668,78.33333333333333
base,4519_s44,4519,44,MERGED50_e212773ad22e28b2,49.633699633699635,50.366300366300365,1,22.82608695652174,77.17391304347827
base,4520_s44,4520,44,MERGED50_e231cb7424a6a4cc,30.687830687830687,69.31216931216932,1,21.153846153846153,78.84615384615384
base,4529_s44,4529,44,MERGED50_e2efec855aee89e2,37.857142857142854,62.142857142857146,1,15.0,85.0
base,4550_s44,4550,44,MERGED50_e42151b516d32088,31.57894736842105,68.42105263157895,1,23.52941176470588,76.47058823529412
base,4555_s44,4555,44,MERGED50_e475439234c7647e,50.98039215686274,49.01960784313726,1,21.666666666666668,78.33333333333333
base,4576_s44,4576,44,MERGED50_e5ff27e33cc22509,23.076923076923077,76.92307692307692,1,18.96551724137931,81.0344827586207
base,4599_s44,4599,44,MERGED50_e77ba9164be0680a,42.0353982300885,57.9646017699115,1,18.75,81.25
base,4641_s44,4641,44,MERGED50_e9c1dfc7c71e4fbc,40.73033707865169,59.26966292134831,1,39.705882352941174,60.294117647058826
base,4650_s44,4650,44,MERGED50_ea9029ad82f47cd2,17.24137931034483,82.75862068965517,0,17.24137931034483,82.75862068965517
base,4685_s44,4685,44,MERGED50_ec88cbd03a7591af,48.007590132827325,51.992409867172675,1,18.478260869565215,81.52173913043478
base,4703_s44,4703,44,MERGED50_ed73874f8aff14ec,41.57782515991471,58.42217484008529,1,21.568627450980394,78.43137254901961
base,4705_s44,4705,44,MERGED50_ed83b9c72b29bec9,42.22737819025522,57.77262180974478,1,17.5531914893617,82.4468085106383
base,4706_s44,4706,44,MERGED50_ed883dba8938761b,39.543726235741445,60.456273764258555,1,32.87671232876712,67.12328767123287
base,4714_s44,4714,44,MERGED50_eddd8b84fbb094df,30.49645390070922,69.50354609929079,1,30.49645390070922,69.50354609929079
base,4722_s44,4722,44,MERGED50_ee9ac1679f924fe0,38.23529411764706,61.76470588235294,0,38.23529411764706,61.76470588235294
base,4727_s44,4727,44,MERGED50_eeab14de56108434,44.04145077720207,55.95854922279793,1,20.73170731707317,79.26829268292683
base,4728_s44,4728,44,MERGED50_eebe608c1dc4845c,45.182724252491695,54.817275747508305,1,22.058823529411764,77.94117647058823
base,4751_s44,4751,44,MERGED50_f038619a0231ba7e,35.526315789473685,64.47368421052632,1,18.421052631578945,81.57894736842105
base,4763_s44,4763,44,MERGED50_f13c72cd8d45ebe7,33.730158730158735,66.26984126984127,1,27.027027027027028,72.97297297297297
base,4795_s44,4795,44,MERGED50_f2cc0874cbb65938,21.568627450980394,78.43137254901961,1,21.568627450980394,78.43137254901961
base,4812_s44,4812,44,MERGED50_f43a6e20b5945044,39.74895397489539,60.25104602510461,1,16.346153846153847,83.65384615384616
base,4824_s44,4824,44,MERGED50_f4ee08c1c2850382,18.404907975460123,81.59509202453988,0,18.404907975460123,81.59509202453988
base,4826_s44,4826,44,MERGED50_f4fc13f6a35cece9,45.54973821989529,54.45026178010471,1,16.071428571428573,83.92857142857143
base,4828_s44,4828,44,MERGED50_f50b9fbf99080303,27.33812949640288,72.66187050359713,1,27.33812949640288,72.66187050359713
base,4844_s44,4844,44,MERGED50_f5fc15383ffa145c,30.8411214953271,69.1588785046729,1,22.429906542056074,77.57009345794393
base,4852_s44,4852,44,MERGED50_f66fbf9aead0a729,43.6144578313253,56.3855421686747,1,16.091954022988507,83.9080459770115
base,4868_s44,4868,44,MERGED50_f77547d110548b22,47.4025974025974,52.5974025974026,1,14.754098360655737,85.24590163934427
base,4878_s44,4878,44,MERGED50_f80b1bfa68a5055b,36.40350877192983,63.59649122807017,1,18.64406779661017,81.35593220338983
base,4882_s44,4882,44,MERGED50_f85af1cfd77fe329,24.137931034482758,75.86206896551724,0,24.137931034482758,75.86206896551724
base,4890_s44,4890,44,MERGED50_f8f2c16d148835db,19.41747572815534,80.58252427184466,1,15.909090909090908,84.0909090909091
base,4894_s44,4894,44,MERGED50_f9b2afb323193f2d,21.678321678321677,78.32167832167832,0,21.678321678321677,78.32167832167832
base,4906_s44,4906,44,MERGED50_faa39422296b7aca,52.112676056338024,47.887323943661976,1,16.923076923076923,83.07692307692308
base,4928_s44,4928,44,MERGED50_fc3b933e66dbd079,30.649350649350648,69.35064935064935,1,30.434782608695656,69.56521739130434
base,4935_s44,4935,44,MERGED50_fc6832bf8f311645,42.368421052631575,57.631578947368425,1,21.176470588235293,78.82352941176471
base,4974_s44,4974,44,MERGED50_fec23b05266c6445,40.119760479041915,59.880239520958085,1,25.352112676056336,74.64788732394366
base,4997_s44,4997,44,MERGED50_ffe58f76fbf1c3d1,41.891891891891895,58.108108108108105,0,41.891891891891895,58.108108108108105
base,4999_s44,4999,44,MERGED50_fff98652c2cd13ef,41.54929577464789,58.45070422535211,1,16.43835616438356,83.56164383561644
base,5003_s44,5003,44,MERGED50_00120ac4459afbdb,20.0,80.0,0,20.0,80.0
base,5008_s44,5008,44,MERGED50_0032c81cd7cab7ac,19.26605504587156,80.73394495412845,0,19.26605504587156,80.73394495412845
base,5025_s44,5025,44,MERGED50_00dde5a176ea8d7f,36.84210526315789,63.15789473684211,0,36.84210526315789,63.15789473684211
base,5037_s44,5037,44,MERGED50_017b6f29c6d8b633,16.071428571428573,83.92857142857143,0,16.071428571428573,83.92857142857143
base,5040_s44,5040,44,MERGED50_01942ab7f57ed721,23.728813559322035,76.27118644067797,0,23.728813559322035,76.27118644067797
base,5051_s44,5051,44,MERGED50_0230fd9b3fc7499a,19.27710843373494,80.72289156626506,0,19.27710843373494,80.72289156626506
base,5055_s44,5055,44,MERGED50_026479af6aa24b0c,15.584415584415584,84.41558441558442,0,15.584415584415584,84.41558441558442
base,5065_s44,5065,44,MERGED50_02feb0913a030592,14.64968152866242,85.35031847133757,0,14.64968152866242,85.35031847133757
base,5070_s44,5070,44,MERGED50_032dbc2eb5018b1c,23.728813559322035,76.27118644067797,0,23.728813559322035,76.27118644067797
base,5076_s44,5076,44,MERGED50_036399fc2c0cccb7,17.24137931034483,82.75862068965517,0,17.24137931034483,82.75862068965517
base,5080_s44,5080,44,MERGED50_03796420107aef19,51.61290322580645,48.38709677419355,0,51.61290322580645,48.38709677419355
base,5088_s44,5088,44,MERGED50_03c0a40f99dc781c,14.0625,85.9375,0,14.0625,85.9375
base,5089_s44,5089,44,MERGED50_03c2e6c187473265,25.0,75.0,0,25.0,75.0
base,5095_s44,5095,44,MERGED50_03db67f5ccc79c0e,16.39344262295082,83.60655737704919,0,16.39344262295082,83.60655737704919
base,5123_s44,5123,44,MERGED50_05a26bba040196ba,15.671641791044777,84.32835820895522,0,15.671641791044777,84.32835820895522
base,5131_s44,5131,44,MERGED50_05e88b6f0885c311,41.37931034482759,58.62068965517241,0,41.37931034482759,58.62068965517241
base,5138_s44,5138,44,MERGED50_0617e4c0228d6fb6,17.72151898734177,82.27848101265823,0,17.72151898734177,82.27848101265823
base,5150_s44,5150,44,MERGED50_0658641ef48a2727,16.483516483516482,83.51648351648352,0,16.483516483516482,83.51648351648352
base,5165_s44,5165,44,MERGED50_07072a9a4444b12d,16.666666666666664,83.33333333333334,0,16.666666666666664,83.33333333333334
base,5173_s44,5173,44,MERGED50_0766020e50efe4ea,22.807017543859647,77.19298245614036,0,22.807017543859647,77.19298245614036
base,5177_s44,5177,44,MERGED50_07a1d9c0df06e230,15.584415584415584,84.41558441558442,0,15.584415584415584,84.41558441558442
base,5181_s44,5181,44,MERGED50_07aec71e4d97a4d0,28.846153846153843,71.15384615384616,0,28.846153846153843,71.15384615384616
base,5187_s44,5187,44,MERGED50_07e99b5bc195d497,19.718309859154928,80.28169014084507,0,19.718309859154928,80.28169014084507
base,5197_s44,5197,44,MERGED50_08e0ff1a206018df,17.80821917808219,82.1917808219178,0,17.80821917808219,82.1917808219178
base,5206_s44,5206,44,MERGED50_094c5a9d4692919d,18.81188118811881,81.1881188118812,0,18.81188118811881,81.1881188118812
base,5214_s44,5214,44,MERGED50_09b58931be2e6dd7,63.46153846153846,36.53846153846154,0,63.46153846153846,36.53846153846154
base,5234_s44,5234,44,MERGED50_0a59d788503e05b0,15.942028985507244,84.05797101449275,0,15.942028985507244,84.05797101449275
base,5242_s44,5242,44,MERGED50_0aa1d3066901a600,15.306122448979592,84.6938775510204,0,15.306122448979592,84.6938775510204
base,5243_s44,5243,44,MERGED50_0aa29fbf0959eb32,15.068493150684931,84.93150684931507,0,15.068493150684931,84.93150684931507
base,5255_s44,5255,44,MERGED50_0b1882a8e996db17,52.760736196319016,47.239263803680984,0,52.760736196319016,47.239263803680984
base,5264_s44,5264,44,MERGED50_0b6344ff33e8afaf,28.846153846153843,71.15384615384616,0,28.846153846153843,71.15384615384616
base,5279_s44,5279,44,MERGED50_0bef9f9d0a8f8775,69.23076923076923,30.769230769230774,0,69.23076923076923,30.769230769230774
base,5298_s44,5298,44,MERGED50_0cf62e1ccb94abd0,21.153846153846153,78.84615384615384,0,21.153846153846153,78.84615384615384
base,5317_s44,5317,44,MERGED50_0de5d82f449aae02,15.942028985507244,84.05797101449275,0,15.942028985507244,84.05797101449275
base,5338_s44,5338,44,MERGED50_0e8e0624ad32891d,13.793103448275861,86.20689655172414,0,13.793103448275861,86.20689655172414
base,5339_s44,5339,44,MERGED50_0ea09acdf6f8b5d3,16.666666666666664,83.33333333333334,0,16.666666666666664,83.33333333333334
base,5340_s44,5340,44,MERGED50_0eaff4ebc03b683a,16.666666666666664,83.33333333333334,0,16.666666666666664,83.33333333333334
base,5354_s44,5354,44,MERGED50_0f8092eecccca48e,26.47058823529412,73.52941176470588,0,26.47058823529412,73.52941176470588
base,5373_s44,5373,44,MERGED50_1052cd8ef9c7243a,18.181818181818183,81.81818181818181,0,18.181818181818183,81.81818181818181
base,5380_s44,5380,44,MERGED50_10841adedd45e76e,20.3125,79.6875,0,20.3125,79.6875
base,5394_s44,5394,44,MERGED50_11499e85c66a4092,23.958333333333336,76.04166666666666,0,23.958333333333336,76.04166666666666
base,5423_s44,5423,44,MERGED50_12dd5cd19acc7e20,20.967741935483872,79.03225806451613,0,20.967741935483872,79.03225806451613
base,5428_s44,5428,44,MERGED50_12e93fded623c2e1,14.385964912280702,85.6140350877193,0,14.385964912280702,85.6140350877193
base,5438_s44,5438,44,MERGED50_135575845b910841,42.64705882352941,57.35294117647059,0,42.64705882352941,57.35294117647059
base,5447_s44,5447,44,MERGED50_13b18f1252e84741,20.689655172413794,79.3103448275862,0,20.689655172413794,79.3103448275862
base,5449_s44,5449,44,MERGED50_13bea424a5f6e1a5,25.0,75.0,0,25.0,75.0
base,5455_s44,5455,44,MERGED50_143fd4b2ee48536b,17.24137931034483,82.75862068965517,0,17.24137931034483,82.75862068965517
base,5460_s44,5460,44,MERGED50_147c853898014120,57.971014492753625,42.028985507246375,0,57.971014492753625,42.028985507246375
base,5461_s44,5461,44,MERGED50_147d2013d65fc512,15.178571428571427,84.82142857142857,0,15.178571428571427,84.82142857142857
base,5463_s44,5463,44,MERGED50_147fd6b01d85a456,15.384615384615385,84.61538461538461,0,15.384615384615385,84.61538461538461
base,5464_s44,5464,44,MERGED50_14801d20b7ddca47,16.129032258064516,83.87096774193549,0,16.129032258064516,83.87096774193549
base,5496_s44,5496,44,MERGED50_15f124865ab1bdde,19.230769230769234,80.76923076923077,0,19.230769230769234,80.76923076923077
base,5543_s44,5543,44,MERGED50_17b9fadb9ce7a553,17.75700934579439,82.24299065420561,0,17.75700934579439,82.24299065420561
base,5545_s44,5545,44,MERGED50_17cc67d2a7cdcd32,17.647058823529413,82.35294117647058,0,17.647058823529413,82.35294117647058
base,5550_s44,5550,44,MERGED50_17f7da5b4fd6edbd,44.70588235294118,55.29411764705882,0,44.70588235294118,55.29411764705882
base,5594_s44,5594,44,MERGED50_19d1d1e7a0e2637f,19.07514450867052,80.92485549132948,0,19.07514450867052,80.92485549132948
base,5604_s44,5604,44,MERGED50_1a871ed70368ae12,18.39080459770115,81.60919540229885,0,18.39080459770115,81.60919540229885
base,5605_s44,5605,44,MERGED50_1a876c5efeac5087,18.6046511627907,81.3953488372093,0,18.6046511627907,81.3953488372093
base,5633_s44,5633,44,MERGED50_1c30005406d38112,16.831683168316832,83.16831683168317,0,16.831683168316832,83.16831683168317
base,5641_s44,5641,44,MERGED50_1c74737af57a3b41,17.105263157894736,82.89473684210526,0,17.105263157894736,82.89473684210526
base,5653_s44,5653,44,MERGED50_1d0a2e0cfd4a49ed,20.930232558139537,79.06976744186046,0,20.930232558139537,79.06976744186046
base,5669_s44,5669,44,MERGED50_1d8b828b93987a54,27.941176470588236,72.05882352941177,0,27.941176470588236,72.05882352941177
base,5674_s44,5674,44,MERGED50_1dca57cac228f5ba,15.384615384615385,84.61538461538461,0,15.384615384615385,84.61538461538461
base,5697_s44,5697,44,MERGED50_1e8cd1176472ec23,17.543859649122805,82.45614035087719,0,17.543859649122805,82.45614035087719
base,5705_s44,5705,44,MERGED50_1f0319b34770bb4e,17.699115044247787,82.30088495575221,0,17.699115044247787,82.30088495575221
base,5711_s44,5711,44,MERGED50_1f5b82705668d318,28.05755395683453,71.94244604316548,0,28.05755395683453,71.94244604316548
base,5713_s44,5713,44,MERGED50_1f69c38cc82badcf,83.01886792452831,16.98113207547169,0,83.01886792452831,16.98113207547169
base,5714_s44,5714,44,MERGED50_1f72254b20f2bfd1,25.0,75.0,0,25.0,75.0
base,5717_s44,5717,44,MERGED50_1f774c939473b487,16.091954022988507,83.9080459770115,0,16.091954022988507,83.9080459770115
base,5720_s44,5720,44,MERGED50_1f91ad6122624770,17.307692307692307,82.6923076923077,0,17.307692307692307,82.6923076923077
base,5750_s44,5750,44,MERGED50_20eadc13a183a77b,17.80821917808219,82.1917808219178,0,17.80821917808219,82.1917808219178
base,5755_s44,5755,44,MERGED50_21522a91acb8d5b4,15.517241379310345,84.48275862068965,0,15.517241379310345,84.48275862068965
base,5821_s44,5821,44,MERGED50_23bacdc8fa9679cf,15.714285714285714,84.28571428571429,0,15.714285714285714,84.28571428571429
base,5826_s44,5826,44,MERGED50_2406f5f5cee4d0e3,38.46153846153847,61.53846153846153,0,38.46153846153847,61.53846153846153
base,5827_s44,5827,44,MERGED50_241513ee4f2a5141,18.181818181818183,81.81818181818181,0,18.181818181818183,81.81818181818181
base,5842_s44,5842,44,MERGED50_24bd4658575e2d5f,23.684210526315788,76.31578947368422,0,23.684210526315788,76.31578947368422
base,5843_s44,5843,44,MERGED50_24c7a53a67519e41,48.07692307692308,51.92307692307692,0,48.07692307692308,51.92307692307692
base,5844_s44,5844,44,MERGED50_24cfd77c882e4386,15.328467153284672,84.67153284671532,0,15.328467153284672,84.67153284671532
base,5865_s44,5865,44,MERGED50_2585ac52fd7648cb,17.741935483870968,82.25806451612902,0,17.741935483870968,82.25806451612902
base,5873_s44,5873,44,MERGED50_25ec6356e1075dd9,20.454545454545457,79.54545454545455,0,20.454545454545457,79.54545454545455
base,5874_s44,5874,44,MERGED50_25fb5ac1b1f5982d,17.91044776119403,82.08955223880596,0,17.91044776119403,82.08955223880596
base,5876_s44,5876,44,MERGED50_261269a44bdb5e4e,17.543859649122805,82.45614035087719,0,17.543859649122805,82.45614035087719
base,5877_s44,5877,44,MERGED50_26245ee18911017f,16.666666666666664,83.33333333333334,0,16.666666666666664,83.33333333333334
base,5904_s44,5904,44,MERGED50_275d875a20c2086e,37.721518987341774,62.278481012658226,0,37.721518987341774,62.278481012658226
base,5937_s44,5937,44,MERGED50_28cc2c2954f1f9af,14.864864864864865,85.13513513513513,0,14.864864864864865,85.13513513513513
base,5963_s44,5963,44,MERGED50_29b73def492c9f44,38.67924528301887,61.32075471698113,0,38.67924528301887,61.32075471698113
base,5965_s44,5965,44,MERGED50_29dec82371754969,17.21311475409836,82.78688524590164,0,17.21311475409836,82.78688524590164
base,5966_s44,5966,44,MERGED50_29e894be39de3ccc,17.24137931034483,82.75862068965517,0,17.24137931034483,82.75862068965517
base,5967_s44,5967,44,MERGED50_29f3849fa5c83b6b,27.450980392156865,72.54901960784314,0,27.450980392156865,72.54901960784314
base,5988_s44,5988,44,MERGED50_2ac5902fdbf7595a,16.0,84.0,0,16.0,84.0
base,5991_s44,5991,44,MERGED50_2af00ba0a63b54c7,21.73913043478261,78.26086956521739,0,21.73913043478261,78.26086956521739
base,6013_s44,6013,44,MERGED50_2bf87492134fc0dc,23.52941176470588,76.47058823529412,0,23.52941176470588,76.47058823529412
base,6030_s44,6030,44,MERGED50_2ca9303b4c59fbe3,20.0,80.0,0,20.0,80.0
base,6037_s44,6037,44,MERGED50_2d02571f78bd5b1f,17.647058823529413,82.35294117647058,0,17.647058823529413,82.35294117647058
base,6038_s44,6038,44,MERGED50_2d082ed9eda7ac7c,16.666666666666664,83.33333333333334,0,16.666666666666664,83.33333333333334
base,6075_s44,6075,44,MERGED50_2edca9e118ffb9d8,22.058823529411764,77.94117647058823,0,22.058823529411764,77.94117647058823
base,6080_s44,6080,44,MERGED50_2f3e2ccaa26b49c8,16.853932584269664,83.14606741573033,0,16.853932584269664,83.14606741573033
base,6086_s44,6086,44,MERGED50_2f886770df068b4e,25.757575757575758,74.24242424242425,0,25.757575757575758,74.24242424242425
base,6087_s44,6087,44,MERGED50_2f9586f2a5b11d8a,54.41176470588235,45.58823529411765,0,54.41176470588235,45.58823529411765
base,6103_s44,6103,44,MERGED50_30bfcb889780830f,22.033898305084744,77.96610169491525,0,22.033898305084744,77.96610169491525
base,6104_s44,6104,44,MERGED50_30c34d730d4ccf94,36.61971830985916,63.38028169014084,0,36.61971830985916,63.38028169014084
base,6116_s44,6116,44,MERGED50_313ca9ab59e17c8f,55.828220858895705,44.171779141104295,0,55.828220858895705,44.171779141104295
base,6181_s44,6181,44,MERGED50_33e35be905d9378c,16.428571428571427,83.57142857142857,0,16.428571428571427,83.57142857142857
base,6182_s44,6182,44,MERGED50_33e51a073473041f,18.823529411764707,81.17647058823529,0,18.823529411764707,81.17647058823529
base,6193_s44,6193,44,MERGED50_3474136b0bf6193e,21.176470588235293,78.82352941176471,0,21.176470588235293,78.82352941176471
base,6194_s44,6194,44,MERGED50_347cd78b861b17af,23.214285714285715,76.78571428571428,0,23.214285714285715,76.78571428571428
base,6204_s44,6204,44,MERGED50_3503dae89ca3dfce,15.032679738562091,84.9673202614379,0,15.032679738562091,84.9673202614379
base,6207_s44,6207,44,MERGED50_35122db13fdb8b07,17.045454545454543,82.95454545454545,0,17.045454545454543,82.95454545454545
base,6209_s44,6209,44,MERGED50_3520584afc8a33ad,14.814814814814813,85.18518518518519,0,14.814814814814813,85.18518518518519
base,6212_s44,6212,44,MERGED50_353562fb552e0292,22.413793103448278,77.58620689655172,0,22.413793103448278,77.58620689655172
base,6214_s44,6214,44,MERGED50_35410a764aa25a8b,32.94117647058823,67.05882352941177,0,32.94117647058823,67.05882352941177
base,6231_s44,6231,44,MERGED50_362608d0e96165c5,15.384615384615385,84.61538461538461,0,15.384615384615385,84.61538461538461
base,6264_s44,6264,44,MERGED50_37e7309400ab7fbf,22.22222222222222,77.77777777777777,0,22.22222222222222,77.77777777777777
base,6273_s44,6273,44,MERGED50_38192c92ace9c2b2,59.67741935483871,40.32258064516129,0,59.67741935483871,40.32258064516129
base,6310_s44,6310,44,MERGED50_3a48efc48adf6791,16.049382716049383,83.95061728395062,0,16.049382716049383,83.95061728395062
base,6322_s44,6322,44,MERGED50_3aee623fb946d49c,14.772727272727273,85.22727272727272,0,14.772727272727273,85.22727272727272
base,6324_s44,6324,44,MERGED50_3af9c2daf4a97a07,15.625,84.375,0,15.625,84.375
base,6335_s44,6335,44,MERGED50_3b8bb8db14e2c466,16.666666666666664,83.33333333333334,0,16.666666666666664,83.33333333333334
base,6355_s44,6355,44,MERGED50_3c864b0b094bc09e,14.117647058823529,85.88235294117646,0,14.117647058823529,85.88235294117646
base,6380_s44,6380,44,MERGED50_3db50175a26d1f53,16.666666666666664,83.33333333333334,0,16.666666666666664,83.33333333333334
base,6388_s44,6388,44,MERGED50_3e0f29729006fdc8,17.307692307692307,82.6923076923077,0,17.307692307692307,82.6923076923077
base,6394_s44,6394,44,MERGED50_3e31db176008bf4f,15.942028985507244,84.05797101449275,0,15.942028985507244,84.05797101449275
base,6413_s44,6413,44,MERGED50_3f23cbc1acbf3202,15.887850467289718,84.11214953271028,0,15.887850467289718,84.11214953271028
base,6422_s44,6422,44,MERGED50_3fc4275573c5146c,15.384615384615385,84.61538461538461,0,15.384615384615385,84.61538461538461
base,6431_s44,6431,44,MERGED50_406189f9b8104f91,55.294117647058826,44.705882352941174,0,55.294117647058826,44.705882352941174
base,6442_s44,6442,44,MERGED50_40fdd5d893e97c5a,16.363636363636363,83.63636363636364,0,16.363636363636363,83.63636363636364
base,6468_s44,6468,44,MERGED50_424da7730788ae77,34.45378151260504,65.54621848739495,0,34.45378151260504,65.54621848739495
base,6473_s44,6473,44,MERGED50_42a2fac0542f7e06,15.068493150684931,84.93150684931507,0,15.068493150684931,84.93150684931507
base,6474_s44,6474,44,MERGED50_42a55d455ae1cf3c,15.873015873015872,84.12698412698413,0,15.873015873015872,84.12698412698413
base,6482_s44,6482,44,MERGED50_42e695e93eac8e17,46.15384615384615,53.84615384615385,0,46.15384615384615,53.84615384615385
base,6488_s44,6488,44,MERGED50_42fccac0c21ef9ac,14.754098360655737,85.24590163934427,0,14.754098360655737,85.24590163934427
base,6506_s44,6506,44,MERGED50_43ccc70d8f307649,17.59259259259259,82.4074074074074,0,17.59259259259259,82.4074074074074
base,6514_s44,6514,44,MERGED50_4418dd3863583116,18.64406779661017,81.35593220338983,0,18.64406779661017,81.35593220338983
base,6520_s44,6520,44,MERGED50_445790f1b653abfb,18.51851851851852,81.48148148148148,0,18.51851851851852,81.48148148148148
base,6525_s44,6525,44,MERGED50_449a20f91c933e1f,33.69565217391305,66.30434782608695,0,33.69565217391305,66.30434782608695
base,6539_s44,6539,44,MERGED50_45027739af12f05f,16.129032258064516,83.87096774193549,0,16.129032258064516,83.87096774193549
base,6553_s44,6553,44,MERGED50_45a6672b71c24464,16.867469879518072,83.13253012048193,0,16.867469879518072,83.13253012048193
base,6562_s44,6562,44,MERGED50_4630aadbf92ba041,22.857142857142858,77.14285714285714,0,22.857142857142858,77.14285714285714
base,6591_s44,6591,44,MERGED50_47d6ad19027377fc,25.423728813559322,74.57627118644068,0,25.423728813559322,74.57627118644068
base,6612_s44,6612,44,MERGED50_48d5cb95348a563c,21.73913043478261,78.26086956521739,0,21.73913043478261,78.26086956521739
base,6620_s44,6620,44,MERGED50_48f847157815479d,18.51851851851852,81.48148148148148,0,18.51851851851852,81.48148148148148
base,6629_s44,6629,44,MERGED50_4945f493e4a8fba9,26.82926829268293,73.17073170731707,0,26.82926829268293,73.17073170731707
base,6642_s44,6642,44,MERGED50_49c30e1f114f8f32,57.647058823529406,42.352941176470594,0,57.647058823529406,42.352941176470594
base,6649_s44,6649,44,MERGED50_4a15fafd501860ab,25.925925925925924,74.07407407407408,0,25.925925925925924,74.07407407407408
base,6652_s44,6652,44,MERGED50_4a6d34cdbd9b0264,31.76470588235294,68.23529411764706,0,31.76470588235294,68.23529411764706
base,6665_s44,6665,44,MERGED50_4b22e024e8c209ad,18.29268292682927,81.70731707317073,0,18.29268292682927,81.70731707317073
base,6666_s44,6666,44,MERGED50_4b2375a288029e4f,16.901408450704224,83.09859154929578,0,16.901408450704224,83.09859154929578
base,6673_s44,6673,44,MERGED50_4b623b2300f207ed,25.153374233128833,74.84662576687117,0,25.153374233128833,74.84662576687117
base,6676_s44,6676,44,MERGED50_4b84e2abf6d565e2,17.197452229299362,82.80254777070064,0,17.197452229299362,82.80254777070064
base,6689_s44,6689,44,MERGED50_4c0e7b28838a602e,18.248175182481752,81.75182481751824,0,18.248175182481752,81.75182481751824
base,6723_s44,6723,44,MERGED50_4d7d24b19f3a3629,17.46031746031746,82.53968253968254,0,17.46031746031746,82.53968253968254
base,6743_s44,6743,44,MERGED50_4ea6a62082f36318,16.19047619047619,83.80952380952381,0,16.19047619047619,83.80952380952381
base,6745_s44,6745,44,MERGED50_4eb1f8533467fad1,54.11764705882353,45.88235294117647,0,54.11764705882353,45.88235294117647
base,6766_s44,6766,44,MERGED50_4fb0d99db340f941,30.88235294117647,69.11764705882354,0,30.88235294117647,69.11764705882354
base,6770_s44,6770,44,MERGED50_502f987829931ca6,62.35294117647059,37.64705882352941,0,62.35294117647059,37.64705882352941
base,6803_s44,6803,44,MERGED50_51f742b8a67d12cd,15.517241379310345,84.48275862068965,0,15.517241379310345,84.48275862068965
base,6819_s44,6819,44,MERGED50_52b7b17881927c93,31.666666666666664,68.33333333333334,0,31.666666666666664,68.33333333333334
base,6837_s44,6837,44,MERGED50_53b7bd02baf2cc90,17.796610169491526,82.20338983050847,0,17.796610169491526,82.20338983050847
base,6849_s44,6849,44,MERGED50_540cd867937420f9,33.33333333333333,66.66666666666667,0,33.33333333333333,66.66666666666667
base,6855_s44,6855,44,MERGED50_547c588dfc5a3a81,42.35294117647059,57.64705882352941,0,42.35294117647059,57.64705882352941
base,6880_s44,6880,44,MERGED50_5570b1208b43496e,13.698630136986301,86.3013698630137,0,13.698630136986301,86.3013698630137
base,6895_s44,6895,44,MERGED50_56378e4b0fd3b846,18.64406779661017,81.35593220338983,0,18.64406779661017,81.35593220338983
base,6898_s44,6898,44,MERGED50_565ea2dd8f94565e,16.666666666666664,83.33333333333334,0,16.666666666666664,83.33333333333334
base,6903_s44,6903,44,MERGED50_56852301d26697d3,24.404761904761905,75.5952380952381,0,24.404761904761905,75.5952380952381
base,6908_s44,6908,44,MERGED50_56bfd61144d2abb2,18.666666666666668,81.33333333333333,0,18.666666666666668,81.33333333333333
base,6951_s44,6951,44,MERGED50_59114f30f3d097ae,20.33898305084746,79.66101694915254,0,20.33898305084746,79.66101694915254
base,6953_s44,6953,44,MERGED50_5924e83f975f76be,20.0,80.0,0,20.0,80.0
base,6954_s44,6954,44,MERGED50_5929ffb9c60a4412,13.978494623655912,86.0215053763441,0,13.978494623655912,86.0215053763441
base,6963_s44,6963,44,MERGED50_599e6e55f940e1ce,16.666666666666664,83.33333333333334,0,16.666666666666664,83.33333333333334
base,6975_s44,6975,44,MERGED50_5a380ea2c0115c7d,22.22222222222222,77.77777777777777,0,22.22222222222222,77.77777777777777
base,6978_s44,6978,44,MERGED50_5a48ae31dc66492a,19.696969696969695,80.30303030303031,0,19.696969696969695,80.30303030303031
base,7001_s44,7001,44,MERGED50_5b49db4343a21100,23.28767123287671,76.7123287671233,0,23.28767123287671,76.7123287671233
base,7003_s44,7003,44,MERGED50_5b5708e1f2afd667,19.11764705882353,80.88235294117646,0,19.11764705882353,80.88235294117646
base,7027_s44,7027,44,MERGED50_5c933189d3e164a0,16.216216216216218,83.78378378378378,0,16.216216216216218,83.78378378378378
base,7040_s44,7040,44,MERGED50_5d3d09336641f19d,21.153846153846153,78.84615384615384,0,21.153846153846153,78.84615384615384
base,7044_s44,7044,44,MERGED50_5d5f19f626fc706e,21.153846153846153,78.84615384615384,0,21.153846153846153,78.84615384615384
base,7048_s44,7048,44,MERGED50_5daa2035440006a5,21.153846153846153,78.84615384615384,0,21.153846153846153,78.84615384615384
base,7050_s44,7050,44,MERGED50_5dc5453d8984c5c4,23.076923076923077,76.92307692307692,0,23.076923076923077,76.92307692307692
base,7065_s44,7065,44,MERGED50_5ed18bdf49919fa5,16.071428571428573,83.92857142857143,0,16.071428571428573,83.92857142857143
base,7070_s44,7070,44,MERGED50_5ed9ed1beea0f58f,14.516129032258066,85.48387096774194,0,14.516129032258066,85.48387096774194
base,7071_s44,7071,44,MERGED50_5eee18b240a0f0a7,18.421052631578945,81.57894736842105,0,18.421052631578945,81.57894736842105
base,7095_s44,7095,44,MERGED50_602d43cdb00455f8,18.30985915492958,81.69014084507042,0,18.30985915492958,81.69014084507042
base,7097_s44,7097,44,MERGED50_6045ba847e8f846b,17.543859649122805,82.45614035087719,0,17.543859649122805,82.45614035087719
base,7122_s44,7122,44,MERGED50_617bb484c96256b2,40.38461538461539,59.61538461538461,0,40.38461538461539,59.61538461538461
base,7133_s44,7133,44,MERGED50_6217b8cd30fde9df,17.647058823529413,82.35294117647058,0,17.647058823529413,82.35294117647058
base,7135_s44,7135,44,MERGED50_6233950c887b15a7,20.588235294117645,79.41176470588235,0,20.588235294117645,79.41176470588235
base,7150_s44,7150,44,MERGED50_62987481b2dadf06,17.391304347826086,82.6086956521739,0,17.391304347826086,82.6086956521739
base,7152_s44,7152,44,MERGED50_62a357caa46df845,23.333333333333332,76.66666666666667,0,23.333333333333332,76.66666666666667
base,7160_s44,7160,44,MERGED50_6327114bd07f720f,16.94915254237288,83.05084745762713,0,16.94915254237288,83.05084745762713
base,7168_s44,7168,44,MERGED50_6395254a5bd5dd2c,23.170731707317074,76.82926829268293,0,23.170731707317074,76.82926829268293
base,7183_s44,7183,44,MERGED50_64705ba38e0b51dc,34.61538461538461,65.38461538461539,0,34.61538461538461,65.38461538461539
base,7195_s44,7195,44,MERGED50_650351c2cd5cf77e,44.680851063829785,55.319148936170215,0,44.680851063829785,55.319148936170215
base,7197_s44,7197,44,MERGED50_653ec4763eb412a1,19.51219512195122,80.48780487804878,0,19.51219512195122,80.48780487804878
base,7217_s44,7217,44,MERGED50_667588968c252136,20.0,80.0,0,20.0,80.0
base,7231_s44,7231,44,MERGED50_670837b20e477e02,17.985611510791365,82.01438848920864,0,17.985611510791365,82.01438848920864
base,7245_s44,7245,44,MERGED50_67e3868529881018,16.923076923076923,83.07692307692308,0,16.923076923076923,83.07692307692308
base,7251_s44,7251,44,MERGED50_68107caeadec6b78,15.18987341772152,84.81012658227849,0,15.18987341772152,84.81012658227849
base,7264_s44,7264,44,MERGED50_687d778af8239675,25.210084033613445,74.78991596638656,0,25.210084033613445,74.78991596638656
base,7266_s44,7266,44,MERGED50_688a4dcbcc054990,17.708333333333336,82.29166666666666,0,17.708333333333336,82.29166666666666
base,7271_s44,7271,44,MERGED50_68adbd18b7bdddc3,20.689655172413794,79.3103448275862,0,20.689655172413794,79.3103448275862
base,7278_s44,7278,44,MERGED50_68e4391f76a4dbba,16.43835616438356,83.56164383561644,0,16.43835616438356,83.56164383561644
base,7281_s44,7281,44,MERGED50_691bacb9ea513afd,15.625,84.375,0,15.625,84.375
base,7285_s44,7285,44,MERGED50_693c7383e2ed59d2,18.421052631578945,81.57894736842105,0,18.421052631578945,81.57894736842105
base,7290_s44,7290,44,MERGED50_69bc4be0ac8090b0,36.666666666666664,63.333333333333336,0,36.666666666666664,63.333333333333336
base,7362_s44,7362,44,MERGED50_6ceed98535a68f5a,19.718309859154928,80.28169014084507,0,19.718309859154928,80.28169014084507
base,7373_s44,7373,44,MERGED50_6dc87f44a6391753,16.037735849056602,83.9622641509434,0,16.037735849056602,83.9622641509434
base,7420_s44,7420,44,MERGED50_6fddf71bc6160f79,32.69230769230769,67.3076923076923,0,32.69230769230769,67.3076923076923
base,7444_s44,7444,44,MERGED50_70c22da27e20837f,15.068493150684931,84.93150684931507,0,15.068493150684931,84.93150684931507
base,7463_s44,7463,44,MERGED50_71a1363a3456661b,14.285714285714285,85.71428571428572,0,14.285714285714285,85.71428571428572
base,7467_s44,7467,44,MERGED50_71e3a68e00110edb,16.176470588235293,83.82352941176471,0,16.176470588235293,83.82352941176471
base,7468_s44,7468,44,MERGED50_71ed034ebd45def7,13.924050632911392,86.07594936708861,0,13.924050632911392,86.07594936708861
base,7484_s44,7484,44,MERGED50_72fb0801591bf5f6,15.555555555555555,84.44444444444444,0,15.555555555555555,84.44444444444444
base,7492_s44,7492,44,MERGED50_738592fe12ebcde7,31.818181818181817,68.18181818181819,0,31.818181818181817,68.18181818181819
base,7524_s44,7524,44,MERGED50_757bc35b61884136,15.11627906976744,84.88372093023256,0,15.11627906976744,84.88372093023256
base,7533_s44,7533,44,MERGED50_76101e0935b3e9dc,16.666666666666664,83.33333333333334,0,16.666666666666664,83.33333333333334
base,7535_s44,7535,44,MERGED50_7631dcb152249a13,17.391304347826086,82.6086956521739,0,17.391304347826086,82.6086956521739
base,7537_s44,7537,44,MERGED50_76450eb06c0e04de,17.56756756756757,82.43243243243244,0,17.56756756756757,82.43243243243244
base,7601_s44,7601,44,MERGED50_792761051a6a7016,34.61538461538461,65.38461538461539,0,34.61538461538461,65.38461538461539
base,7604_s44,7604,44,MERGED50_796058c50cdd798b,16.9811320754717,83.01886792452831,0,16.9811320754717,83.01886792452831
base,7617_s44,7617,44,MERGED50_7a27fb29c8fc28f4,29.411764705882355,70.58823529411765,0,29.411764705882355,70.58823529411765
base,7636_s44,7636,44,MERGED50_7ae8117e5c09f5d5,23.076923076923077,76.92307692307692,0,23.076923076923077,76.92307692307692
base,7642_s44,7642,44,MERGED50_7b215ecb59372f4f,17.647058823529413,82.35294117647058,0,17.647058823529413,82.35294117647058
base,7663_s44,7663,44,MERGED50_7c264343daf69541,19.230769230769234,80.76923076923077,0,19.230769230769234,80.76923076923077
base,7675_s44,7675,44,MERGED50_7cd35cd8469747a8,18.96551724137931,81.0344827586207,0,18.96551724137931,81.0344827586207
base,7697_s44,7697,44,MERGED50_7e1088e5dd6400c0,23.076923076923077,76.92307692307692,0,23.076923076923077,76.92307692307692
base,7699_s44,7699,44,MERGED50_7e1e8b4f51632d8a,16.666666666666664,83.33333333333334,0,16.666666666666664,83.33333333333334
base,7703_s44,7703,44,MERGED50_7e64d80f4c1965e8,14.893617021276595,85.1063829787234,0,14.893617021276595,85.1063829787234
base,7718_s44,7718,44,MERGED50_7f0b1833a7c62c70,21.153846153846153,78.84615384615384,0,21.153846153846153,78.84615384615384
base,7744_s44,7744,44,MERGED50_807af3a929116495,15.625,84.375,0,15.625,84.375
base,7756_s44,7756,44,MERGED50_81660d5bbb003085,20.0,80.0,0,20.0,80.0
base,7762_s44,7762,44,MERGED50_81b111db32052843,19.157088122605366,80.84291187739464,0,19.157088122605366,80.84291187739464
base,7764_s44,7764,44,MERGED50_81d552e81785d800,53.84615384615385,46.15384615384615,0,53.84615384615385,46.15384615384615
base,7770_s44,7770,44,MERGED50_820af6778d4c0366,19.148936170212767,80.85106382978724,0,19.148936170212767,80.85106382978724
base,7778_s44,7778,44,MERGED50_8282e6286e5c3eed,21.875,78.125,0,21.875,78.125
base,7809_s44,7809,44,MERGED50_83e23b10dbd3a1f3,27.058823529411764,72.94117647058823,0,27.058823529411764,72.94117647058823
base,7820_s44,7820,44,MERGED50_8463230c021d95d3,20.588235294117645,79.41176470588235,0,20.588235294117645,79.41176470588235
base,7826_s44,7826,44,MERGED50_84b277248a067373,60.0,40.0,0,60.0,40.0
base,7836_s44,7836,44,MERGED50_853adea422a44ba5,44.230769230769226,55.769230769230774,0,44.230769230769226,55.769230769230774
base,7869_s44,7869,44,MERGED50_86ae169b7b52fcd1,21.951219512195124,78.04878048780488,0,21.951219512195124,78.04878048780488
base,7881_s44,7881,44,MERGED50_87094864b44257cd,21.50537634408602,78.49462365591398,0,21.50537634408602,78.49462365591398
base,7889_s44,7889,44,MERGED50_8768884a0bfc7e30,17.307692307692307,82.6923076923077,0,17.307692307692307,82.6923076923077
base,7919_s44,7919,44,MERGED50_89383972ddbd216a,15.862068965517242,84.13793103448276,0,15.862068965517242,84.13793103448276
base,7921_s44,7921,44,MERGED50_894a7d82b06c2831,17.741935483870968,82.25806451612902,0,17.741935483870968,82.25806451612902
base,7963_s44,7963,44,MERGED50_8afe67123d8d710b,16.417910447761194,83.58208955223881,0,16.417910447761194,83.58208955223881
base,7970_s44,7970,44,MERGED50_8b2b0addede766ea,16.666666666666664,83.33333333333334,0,16.666666666666664,83.33333333333334
base,7978_s44,7978,44,MERGED50_8b9ead7c98bfbcdc,16.470588235294116,83.52941176470588,0,16.470588235294116,83.52941176470588
base,8004_s44,8004,44,MERGED50_8d0cde9700bb9d80,15.625,84.375,0,15.625,84.375
base,8013_s44,8013,44,MERGED50_8db6ec1218a81b50,25.0,75.0,0,25.0,75.0
base,8031_s44,8031,44,MERGED50_8e8250e4f4eac3cf,16.216216216216218,83.78378378378378,0,16.216216216216218,83.78378378378378
base,8052_s44,8052,44,MERGED50_8fe3812776a8f0c2,45.76271186440678,54.23728813559322,0,45.76271186440678,54.23728813559322
base,8074_s44,8074,44,MERGED50_913f3e7d0e904399,15.0,85.0,0,15.0,85.0
base,8080_s44,8080,44,MERGED50_91a52be43566572f,41.66666666666667,58.33333333333333,0,41.66666666666667,58.33333333333333
base,8098_s44,8098,44,MERGED50_92bca6b9cbd3178f,21.052631578947366,78.94736842105263,0,21.052631578947366,78.94736842105263
base,8101_s44,8101,44,MERGED50_92dbf8199154c75c,17.647058823529413,82.35294117647058,0,17.647058823529413,82.35294117647058
base,8135_s44,8135,44,MERGED50_95109eb655c7b38d,14.492753623188406,85.5072463768116,0,14.492753623188406,85.5072463768116
base,8142_s44,8142,44,MERGED50_955b91b268c974aa,36.97478991596639,63.02521008403361,0,36.97478991596639,63.02521008403361
base,8183_s44,8183,44,MERGED50_97eea6d24965e0f3,18.478260869565215,81.52173913043478,0,18.478260869565215,81.52173913043478
base,8221_s44,8221,44,MERGED50_9a1bf0d71b788b9b,21.91780821917808,78.08219178082192,0,21.91780821917808,78.08219178082192
base,8223_s44,8223,44,MERGED50_9a448a7728042d21,24.390243902439025,75.60975609756098,0,24.390243902439025,75.60975609756098
base,8254_s44,8254,44,MERGED50_9bfed2b441cce599,16.923076923076923,83.07692307692308,0,16.923076923076923,83.07692307692308
base,8264_s44,8264,44,MERGED50_9ca8e6b4eeb622c6,21.153846153846153,78.84615384615384,0,21.153846153846153,78.84615384615384
base,8331_s44,8331,44,MERGED50_a051dcf0f9fab1c9,16.666666666666664,83.33333333333334,0,16.666666666666664,83.33333333333334
base,8352_s44,8352,44,MERGED50_a18cfcc082ea880e,38.46153846153847,61.53846153846153,0,38.46153846153847,61.53846153846153
base,8362_s44,8362,44,MERGED50_a1efcdd0378689ba,16.94915254237288,83.05084745762713,0,16.94915254237288,83.05084745762713
base,8392_s44,8392,44,MERGED50_a3497c1ad265182a,42.42424242424242,57.57575757575758,0,42.42424242424242,57.57575757575758
base,8394_s44,8394,44,MERGED50_a355c8c9a89a7d47,17.441860465116278,82.55813953488372,0,17.441860465116278,82.55813953488372
base,8419_s44,8419,44,MERGED50_a4ae209f73527935,17.441860465116278,82.55813953488372,0,17.441860465116278,82.55813953488372
base,8426_s44,8426,44,MERGED50_a4fdcf76b2258dda,14.814814814814813,85.18518518518519,0,14.814814814814813,85.18518518518519
base,8438_s44,8438,44,MERGED50_a5d1f4859fe708c9,15.384615384615385,84.61538461538461,0,15.384615384615385,84.61538461538461
base,8440_s44,8440,44,MERGED50_a5f91fce1b37a666,22.608695652173914,77.3913043478261,0,22.608695652173914,77.3913043478261
base,8478_s44,8478,44,MERGED50_a7feed9247259c87,51.92307692307693,48.07692307692307,0,51.92307692307693,48.07692307692307
base,8508_s44,8508,44,MERGED50_a9b948fe856ca247,15.69767441860465,84.30232558139535,0,15.69767441860465,84.30232558139535
base,8511_s44,8511,44,MERGED50_a9f80a7379d0f7da,15.11627906976744,84.88372093023256,0,15.11627906976744,84.88372093023256
base,8516_s44,8516,44,MERGED50_aa344f33ace3be05,21.98581560283688,78.01418439716312,0,21.98581560283688,78.01418439716312
base,8546_s44,8546,44,MERGED50_abd0a692e32fbdf1,14.634146341463413,85.3658536585366,0,14.634146341463413,85.3658536585366
base,8564_s44,8564,44,MERGED50_acdefa8bd992b916,26.666666666666668,73.33333333333333,0,26.666666666666668,73.33333333333333
base,8588_s44,8588,44,MERGED50_adc671cb4ae7d186,20.0,80.0,0,20.0,80.0
base,8597_s44,8597,44,MERGED50_ae165094ff8651d8,15.09433962264151,84.90566037735849,0,15.09433962264151,84.90566037735849
base,8632_s44,8632,44,MERGED50_b00b701c8f32ad16,14.634146341463413,85.3658536585366,0,14.634146341463413,85.3658536585366
base,8659_s44,8659,44,MERGED50_b18dab0af958cfaf,30.88235294117647,69.11764705882354,0,30.88235294117647,69.11764705882354
base,8664_s44,8664,44,MERGED50_b2040b146ebdabc6,15.492957746478872,84.50704225352112,0,15.492957746478872,84.50704225352112
base,8665_s44,8665,44,MERGED50_b212850ac5de770b,30.76923076923077,69.23076923076923,0,30.76923076923077,69.23076923076923
base,8669_s44,8669,44,MERGED50_b229d1eacbfd10b6,17.647058823529413,82.35294117647058,0,17.647058823529413,82.35294117647058
base,8694_s44,8694,44,MERGED50_b3a497d1d26020d6,19.672131147540984,80.32786885245902,0,19.672131147540984,80.32786885245902
base,8695_s44,8695,44,MERGED50_b3a4cfe045fd9989,36.61971830985916,63.38028169014084,0,36.61971830985916,63.38028169014084
base,8698_s44,8698,44,MERGED50_b3bb65adfff9daf2,17.708333333333336,82.29166666666666,0,17.708333333333336,82.29166666666666
base,8700_s44,8700,44,MERGED50_b3f321e22f11cc82,17.80821917808219,82.1917808219178,0,17.80821917808219,82.1917808219178
base,8736_s44,8736,44,MERGED50_b65df610d68c155a,16.483516483516482,83.51648351648352,0,16.483516483516482,83.51648351648352
base,8741_s44,8741,44,MERGED50_b68c819689991a27,19.631901840490798,80.3680981595092,0,19.631901840490798,80.3680981595092
base,8744_s44,8744,44,MERGED50_b6c816da2427cc90,23.863636363636363,76.13636363636364,0,23.863636363636363,76.13636363636364
base,8766_s44,8766,44,MERGED50_b7f531bb4562b6f2,16.455696202531644,83.54430379746836,0,16.455696202531644,83.54430379746836
base,8779_s44,8779,44,MERGED50_b88dc71c6f194efe,22.093023255813954,77.90697674418604,0,22.093023255813954,77.90697674418604
base,8789_s44,8789,44,MERGED50_b8f528c570ea3221,20.37037037037037,79.62962962962963,0,20.37037037037037,79.62962962962963
base,8797_s44,8797,44,MERGED50_b982b3f10d07a74c,34.24657534246575,65.75342465753425,0,34.24657534246575,65.75342465753425
base,8798_s44,8798,44,MERGED50_b997d79f0089e50e,17.142857142857142,82.85714285714286,0,17.142857142857142,82.85714285714286
base,8801_s44,8801,44,MERGED50_b9d3d77689ac3e1d,16.666666666666664,83.33333333333334,0,16.666666666666664,83.33333333333334
base,8814_s44,8814,44,MERGED50_baba6c2d80cf30c9,22.413793103448278,77.58620689655172,0,22.413793103448278,77.58620689655172
base,8834_s44,8834,44,MERGED50_bba3f551db7bd43f,15.789473684210526,84.21052631578948,0,15.789473684210526,84.21052631578948
base,8835_s44,8835,44,MERGED50_bba8cc2d5bd0c168,27.11864406779661,72.88135593220339,0,27.11864406779661,72.88135593220339
base,8871_s44,8871,44,MERGED50_be49b65299ff58dd,18.30985915492958,81.69014084507042,0,18.30985915492958,81.69014084507042
base,8873_s44,8873,44,MERGED50_be5633b63643cb1f,23.076923076923077,76.92307692307692,0,23.076923076923077,76.92307692307692
base,8905_s44,8905,44,MERGED50_bfd95b10d1db27b9,25.882352941176475,74.11764705882352,0,25.882352941176475,74.11764705882352
base,8910_s44,8910,44,MERGED50_c02074ae8af28040,14.492753623188406,85.5072463768116,0,14.492753623188406,85.5072463768116
base,8930_s44,8930,44,MERGED50_c16cf7f3af0975de,22.36842105263158,77.63157894736842,0,22.36842105263158,77.63157894736842
base,8942_s44,8942,44,MERGED50_c23d0fea52a85c1b,53.84615384615385,46.15384615384615,0,53.84615384615385,46.15384615384615
base,8944_s44,8944,44,MERGED50_c2586afb51a5a52c,55.769230769230774,44.230769230769226,0,55.769230769230774,44.230769230769226
base,8956_s44,8956,44,MERGED50_c2bf06b38a154f21,17.647058823529413,82.35294117647058,0,17.647058823529413,82.35294117647058
base,8961_s44,8961,44,MERGED50_c329bce2d0e4b295,17.94871794871795,82.05128205128204,0,17.94871794871795,82.05128205128204
base,8964_s44,8964,44,MERGED50_c34b1cbe86174be5,16.16766467065868,83.83233532934132,0,16.16766467065868,83.83233532934132
base,8984_s44,8984,44,MERGED50_c4360c3fddd8468a,16.666666666666664,83.33333333333334,0,16.666666666666664,83.33333333333334
base,8988_s44,8988,44,MERGED50_c48ad83485088d38,15.625,84.375,0,15.625,84.375
base,9041_s44,9041,44,MERGED50_c7d55b69a0a6233e,17.92452830188679,82.0754716981132,0,17.92452830188679,82.0754716981132
base,9063_s44,9063,44,MERGED50_c914ed0a355ee89e,24.615384615384617,75.38461538461539,0,24.615384615384617,75.38461538461539
base,9070_s44,9070,44,MERGED50_c9903774eb03e603,40.95238095238095,59.04761904761905,0,40.95238095238095,59.04761904761905
base,9092_s44,9092,44,MERGED50_ca9de43133350a10,17.708333333333336,82.29166666666666,0,17.708333333333336,82.29166666666666
base,9106_s44,9106,44,MERGED50_cb78e2968f48f3d2,15.0,85.0,0,15.0,85.0
base,9130_s44,9130,44,MERGED50_cd1bb57d9ab91a4a,16.923076923076923,83.07692307692308,0,16.923076923076923,83.07692307692308
base,9139_s44,9139,44,MERGED50_cd75cd08c87c1549,16.176470588235293,83.82352941176471,0,16.176470588235293,83.82352941176471
base,9141_s44,9141,44,MERGED50_cd85ddd13cf2ddce,19.148936170212767,80.85106382978724,0,19.148936170212767,80.85106382978724
base,9155_s44,9155,44,MERGED50_ce48365316b03709,19.35483870967742,80.64516129032258,0,19.35483870967742,80.64516129032258
base,9163_s44,9163,44,MERGED50_cecad5268192bee1,31.28834355828221,68.71165644171779,0,31.28834355828221,68.71165644171779
base,9188_s44,9188,44,MERGED50_cffed6b75a3390a0,20.858895705521473,79.14110429447852,0,20.858895705521473,79.14110429447852
base,9189_s44,9189,44,MERGED50_d02649ec3735c6a8,30.88235294117647,69.11764705882354,0,30.88235294117647,69.11764705882354
base,9195_s44,9195,44,MERGED50_d042ba98350f0223,18.96551724137931,81.0344827586207,0,18.96551724137931,81.0344827586207
base,9196_s44,9196,44,MERGED50_d0451f292fdd4825,26.36363636363636,73.63636363636364,0,26.36363636363636,73.63636363636364
base,9200_s44,9200,44,MERGED50_d07148d7cc46d728,19.230769230769234,80.76923076923077,0,19.230769230769234,80.76923076923077
base,9201_s44,9201,44,MERGED50_d07723c3c82fb0ab,19.424460431654676,80.57553956834532,0,19.424460431654676,80.57553956834532
base,9205_s44,9205,44,MERGED50_d09d80c405f7b5a1,17.197452229299362,82.80254777070064,0,17.197452229299362,82.80254777070064
base,9209_s44,9209,44,MERGED50_d0af3226ca1b63b2,17.80821917808219,82.1917808219178,0,17.80821917808219,82.1917808219178
base,9211_s44,9211,44,MERGED50_d0bf268fee63a84a,13.698630136986301,86.3013698630137,0,13.698630136986301,86.3013698630137
base,9217_s44,9217,44,MERGED50_d0ffc938c6ae9c9b,21.951219512195124,78.04878048780488,0,21.951219512195124,78.04878048780488
base,9232_s44,9232,44,MERGED50_d1fd18fe9f8bf430,60.526315789473685,39.473684210526315,0,60.526315789473685,39.473684210526315
base,9240_s44,9240,44,MERGED50_d26fa704847d6ebb,19.230769230769234,80.76923076923077,0,19.230769230769234,80.76923076923077
base,9246_s44,9246,44,MERGED50_d2989afb5590ff4a,15.0,85.0,0,15.0,85.0
base,9247_s44,9247,44,MERGED50_d2b2c0c110168d2c,20.0,80.0,0,20.0,80.0
base,9253_s44,9253,44,MERGED50_d30e98b82319cad6,15.517241379310345,84.48275862068965,0,15.517241379310345,84.48275862068965
base,9258_s44,9258,44,MERGED50_d3578adf8ebce73c,19.230769230769234,80.76923076923077,0,19.230769230769234,80.76923076923077
base,9277_s44,9277,44,MERGED50_d43898cd564c36c3,68.51851851851852,31.48148148148148,0,68.51851851851852,31.48148148148148
base,9282_s44,9282,44,MERGED50_d4965f1d9df617bd,14.583333333333334,85.41666666666667,0,14.583333333333334,85.41666666666667
base,9295_s44,9295,44,MERGED50_d53ef329ff96171d,29.411764705882355,70.58823529411765,0,29.411764705882355,70.58823529411765
base,9311_s44,9311,44,MERGED50_d6280cfb71d3a4c1,16.94915254237288,83.05084745762713,0,16.94915254237288,83.05084745762713
base,9321_s44,9321,44,MERGED50_d6e09313bf06978d,19.444444444444446,80.55555555555556,0,19.444444444444446,80.55555555555556
base,9330_s44,9330,44,MERGED50_d778bd05e75ae364,17.46031746031746,82.53968253968254,0,17.46031746031746,82.53968253968254
base,9334_s44,9334,44,MERGED50_d79469deffa12d80,14.074074074074074,85.92592592592592,0,14.074074074074074,85.92592592592592
base,9335_s44,9335,44,MERGED50_d79940d36e9902fe,38.46153846153847,61.53846153846153,0,38.46153846153847,61.53846153846153
base,9338_s44,9338,44,MERGED50_d7dcd5acb4952cf0,17.543859649122805,82.45614035087719,0,17.543859649122805,82.45614035087719
base,9348_s44,9348,44,MERGED50_d85d83bcb87f733a,21.21212121212121,78.78787878787878,0,21.21212121212121,78.78787878787878
base,9374_s44,9374,44,MERGED50_d99cf832b8b84bef,14.814814814814813,85.18518518518519,0,14.814814814814813,85.18518518518519
base,9380_s44,9380,44,MERGED50_d9fd57141ebc3d22,16.0,84.0,0,16.0,84.0
base,9416_s44,9416,44,MERGED50_dc45cdc80018a1bf,16.546762589928058,83.45323741007195,0,16.546762589928058,83.45323741007195
base,9474_s44,9474,44,MERGED50_dff46de051b6efb5,16.216216216216218,83.78378378378378,0,16.216216216216218,83.78378378378378
base,9484_s44,9484,44,MERGED50_e09f9c3dbf4ea0e9,27.941176470588236,72.05882352941177,0,27.941176470588236,72.05882352941177
base,9503_s44,9503,44,MERGED50_e164584bfe2b2e74,19.69111969111969,80.3088803088803,0,19.69111969111969,80.3088803088803
base,9512_s44,9512,44,MERGED50_e1a40139804a88d9,21.951219512195124,78.04878048780488,0,21.951219512195124,78.04878048780488
base,9517_s44,9517,44,MERGED50_e2000caed39247ca,38.333333333333336,61.666666666666664,0,38.333333333333336,61.666666666666664
base,9531_s44,9531,44,MERGED50_e2e439832f22278a,15.841584158415841,84.15841584158416,0,15.841584158415841,84.15841584158416
base,9565_s44,9565,44,MERGED50_e54f8296e356537b,14.912280701754385,85.08771929824562,0,14.912280701754385,85.08771929824562
base,9566_s44,9566,44,MERGED50_e55d9307a343c249,15.0,85.0,0,15.0,85.0
base,9568_s44,9568,44,MERGED50_e582a30dfdf74fe6,20.27027027027027,79.72972972972973,0,20.27027027027027,79.72972972972973
base,9574_s44,9574,44,MERGED50_e6247ba6c6b695eb,17.094017094017094,82.90598290598291,0,17.094017094017094,82.90598290598291
base,9586_s44,9586,44,MERGED50_e6cdd453a12b4091,14.516129032258066,85.48387096774194,0,14.516129032258066,85.48387096774194
base,9587_s44,9587,44,MERGED50_e6d8c4bdd1200d10,23.52941176470588,76.47058823529412,0,23.52941176470588,76.47058823529412
base,9588_s44,9588,44,MERGED50_e6dcd99f918cf93d,15.384615384615385,84.61538461538461,0,15.384615384615385,84.61538461538461
base,9606_s44,9606,44,MERGED50_e7b4d8064e199895,22.981366459627328,77.01863354037268,0,22.981366459627328,77.01863354037268
base,9607_s44,9607,44,MERGED50_e7da7981ba4f2f16,21.153846153846153,78.84615384615384,0,21.153846153846153,78.84615384615384
base,9627_s44,9627,44,MERGED50_e91a1fd49f3101bc,22.727272727272727,77.27272727272728,0,22.727272727272727,77.27272727272728
base,9631_s44,9631,44,MERGED50_e99c45b9a94f085f,26.76056338028169,73.2394366197183,0,26.76056338028169,73.2394366197183
base,9641_s44,9641,44,MERGED50_e9d99cc5e6292894,21.91780821917808,78.08219178082192,0,21.91780821917808,78.08219178082192
base,9649_s44,9649,44,MERGED50_ea33d0de8a436a13,15.789473684210526,84.21052631578948,0,15.789473684210526,84.21052631578948
base,9671_s44,9671,44,MERGED50_eb7e23382856eb83,16.831683168316832,83.16831683168317,0,16.831683168316832,83.16831683168317
base,9676_s44,9676,44,MERGED50_ebb0627ef86d8289,25.0,75.0,0,25.0,75.0
base,9695_s44,9695,44,MERGED50_ed84737f8ef88d22,43.529411764705884,56.470588235294116,0,43.529411764705884,56.470588235294116
base,9715_s44,9715,44,MERGED50_ee6d1e4201af690e,17.82178217821782,82.17821782178218,0,17.82178217821782,82.17821782178218
base,9757_s44,9757,44,MERGED50_f039e10e8b8bc553,25.0,75.0,0,25.0,75.0
base,9758_s44,9758,44,MERGED50_f03adcc1dcaf01e8,21.53846153846154,78.46153846153845,0,21.53846153846154,78.46153846153845
base,9763_s44,9763,44,MERGED50_f0ad730bcc677300,17.647058823529413,82.35294117647058,0,17.647058823529413,82.35294117647058
base,9765_s44,9765,44,MERGED50_f0e32798b84a33a1,18.627450980392158,81.37254901960785,0,18.627450980392158,81.37254901960785
base,9767_s44,9767,44,MERGED50_f0f827b4fec41d82,13.684210526315791,86.3157894736842,0,13.684210526315791,86.3157894736842
base,9775_s44,9775,44,MERGED50_f17ef6b64544ffdf,18.421052631578945,81.57894736842105,0,18.421052631578945,81.57894736842105
base,9792_s44,9792,44,MERGED50_f265575e5187e015,40.0,60.0,0,40.0,60.0
base,9802_s44,9802,44,MERGED50_f3180dcf80d90f58,17.46031746031746,82.53968253968254,0,17.46031746031746,82.53968253968254
base,9807_s44,9807,44,MERGED50_f344a95ef85731a2,15.942028985507244,84.05797101449275,0,15.942028985507244,84.05797101449275
base,9810_s44,9810,44,MERGED50_f35bc6da16a111c0,15.942028985507244,84.05797101449275,0,15.942028985507244,84.05797101449275
base,9868_s44,9868,44,MERGED50_f7617127b808e426,23.826714801444044,76.17328519855596,0,23.826714801444044,76.17328519855596
base,9873_s44,9873,44,MERGED50_f79bae3cc3e416b4,15.841584158415841,84.15841584158416,0,15.841584158415841,84.15841584158416
base,9877_s44,9877,44,MERGED50_f7d74b719dc9b240,17.97752808988764,82.02247191011236,0,17.97752808988764,82.02247191011236
base,9886_s44,9886,44,MERGED50_f8c8db392295aa86,15.730337078651685,84.26966292134831,0,15.730337078651685,84.26966292134831
base,9895_s44,9895,44,MERGED50_f93a972acffe2ad8,19.298245614035086,80.70175438596492,0,19.298245614035086,80.70175438596492
base,9900_s44,9900,44,MERGED50_f9b5a78517a52380,17.791411042944784,82.20858895705521,0,17.791411042944784,82.20858895705521
base,9902_s44,9902,44,MERGED50_f9c7630fa4182477,24.539877300613497,75.4601226993865,0,24.539877300613497,75.4601226993865
base,9922_s44,9922,44,MERGED50_fb72f76a29855db7,18.181818181818183,81.81818181818181,0,18.181818181818183,81.81818181818181
base,9936_s44,9936,44,MERGED50_fc0a4279a4517faf,20.588235294117645,79.41176470588235,0,20.588235294117645,79.41176470588235
base,9949_s44,9949,44,MERGED50_fd010872f0a3865e,21.929824561403507,78.0701754385965,0,21.929824561403507,78.0701754385965
base,9966_s44,9966,44,MERGED50_fe15e399020f5618,13.924050632911392,86.07594936708861,0,13.924050632911392,86.07594936708861
base,9974_s44,9974,44,MERGED50_fe837b08b2a979bb,26.851851851851855,73.14814814814815,0,26.851851851851855,73.14814814814815
marslike,0007_s42,0007,42,MERGED50_00538e3d3aaa3d6f,49.18918918918919,50.81081081081081,1,17.94871794871795,82.05128205128204
marslike,0014_s42,0014,42,MERGED50_00960edc244d6936,38.70967741935484,61.29032258064516,1,38.70967741935484,61.29032258064516
marslike,0026_s42,0026,42,MERGED50_01555fa6eafb7d2c,49.65986394557823,50.34013605442177,1,25.882352941176475,74.11764705882352
marslike,0049_s42,0049,42,MERGED50_01f6191909c12582,34.40860215053764,65.59139784946237,1,21.176470588235293,78.82352941176471
marslike,0060_s42,0060,42,MERGED50_02789cf56cfe470e,43.64406779661017,56.35593220338983,1,15.748031496062993,84.25196850393701
marslike,0062_s42,0062,42,MERGED50_027d6e4c848d477f,46.26865671641791,53.73134328358209,1,31.343283582089555,68.65671641791045
marslike,0076_s42,0076,42,MERGED50_031227644f417472,45.23809523809524,54.76190476190476,1,45.23809523809524,54.76190476190476
marslike,0095_s42,0095,42,MERGED50_039f7f97d6a3c675,50.76923076923077,49.23076923076923,1,17.92452830188679,82.0754716981132
marslike,0115_s42,0115,42,MERGED50_0483a84717ba7c09,51.33079847908745,48.66920152091255,1,15.384615384615385,84.61538461538461
marslike,0128_s42,0128,42,MERGED50_0526a532f220d305,37.857142857142854,62.142857142857146,1,20.33898305084746,79.66101694915254
marslike,0146_s42,0146,42,MERGED50_058ff628f55c60bd,41.32231404958678,58.67768595041322,1,16.528925619834713,83.47107438016529
marslike,0153_s42,0153,42,MERGED50_05e7ce7c21138c84,41.9753086419753,58.0246913580247,1,19.753086419753085,80.24691358024691
marslike,0154_s42,0154,42,MERGED50_05ee505c0890be93,48.792270531400966,51.207729468599034,1,20.27027027027027,79.72972972972973
marslike,0161_s42,0161,42,MERGED50_065c19bc89459e45,50.8557457212714,49.1442542787286,1,18.367346938775512,81.63265306122449
marslike,0168_s42,0168,42,MERGED50_06a12fd13da4b18f,47.74774774774775,52.25225225225225,1,26.76056338028169,73.2394366197183
marslike,0173_s42,0173,42,MERGED50_06e0ce45faa2300e,16.455696202531644,83.54430379746836,0,16.455696202531644,83.54430379746836
marslike,0193_s42,0193,42,MERGED50_07caf313bb701744,47.80701754385965,52.19298245614035,1,23.728813559322035,76.27118644067797
marslike,0219_s42,0219,42,MERGED50_08e1702b30b0f09c,40.87591240875913,59.12408759124087,1,18.64406779661017,81.35593220338983
marslike,0226_s42,0226,42,MERGED50_094b778065c65c35,51.93798449612403,48.06201550387597,1,16.80672268907563,83.19327731092437
marslike,0233_s42,0233,42,MERGED50_09a520585822845f,37.423312883435585,62.576687116564415,0,37.423312883435585,62.576687116564415
marslike,0238_s42,0238,42,MERGED50_09d9b86c8b350f2a,45.40229885057471,54.59770114942529,1,17.24137931034483,82.75862068965517
marslike,0240_s42,0240,42,MERGED50_09e114f801018c6c,21.428571428571427,78.57142857142857,0,21.428571428571427,78.57142857142857
marslike,0250_s42,0250,42,MERGED50_0a49468648918912,45.151515151515156,54.848484848484844,1,15.584415584415584,84.41558441558442
marslike,0264_s42,0264,42,MERGED50_0b1c7324369420a6,46.32768361581921,53.67231638418079,1,15.0,85.0
marslike,0265_s42,0265,42,MERGED50_0b1c8aab99a595dc,22.61904761904762,77.38095238095238,1,22.61904761904762,77.38095238095238
marslike,0268_s42,0268,42,MERGED50_0b3505f5c7eaceb1,15.625,84.375,0,15.625,84.375
marslike,0269_s42,0269,42,MERGED50_0b461283e22ec4f1,55.71955719557196,44.28044280442804,1,18.461538461538463,81.53846153846153
marslike,0291_s42,0291,42,MERGED50_0c238de54c93eab9,37.93103448275862,62.06896551724138,1,26.47058823529412,73.52941176470588
marslike,0298_s42,0298,42,MERGED50_0c8a799f6fad03c5,44.75806451612903,55.24193548387097,1,15.517241379310345,84.48275862068965
marslike,0312_s42,0312,42,MERGED50_0d623c3b17aa9567,43.06930693069307,56.93069306930693,1,17.543859649122805,82.45614035087719
marslike,0321_s42,0321,42,MERGED50_0d91deb0064e476e,41.27906976744186,58.72093023255814,1,21.511627906976745,78.48837209302326
marslike,0356_s42,0356,42,MERGED50_0eb140e1138dc275,37.142857142857146,62.857142857142854,1,26.923076923076923,73.07692307692308
marslike,0358_s42,0358,42,MERGED50_0edbf16d015abee1,52.317880794701985,47.682119205298015,1,16.071428571428573,83.92857142857143
marslike,0369_s42,0369,42,MERGED50_0f37f8ab707a10f3,43.15789473684211,56.84210526315789,1,16.417910447761194,83.58208955223881
marslike,0370_s42,0370,42,MERGED50_0f486e8365e01e63,44.14414414414414,55.85585585585586,1,17.142857142857142,82.85714285714286
marslike,0376_s42,0376,42,MERGED50_0f74b2e17c74782f,19.696969696969695,80.30303030303031,0,19.696969696969695,80.30303030303031
marslike,0384_s42,0384,42,MERGED50_0fb6d2e63819c3ec,35.43307086614173,64.56692913385827,1,21.052631578947366,78.94736842105263
marslike,0391_s42,0391,42,MERGED50_0ffe5db354153f99,46.788990825688074,53.211009174311926,1,16.666666666666664,83.33333333333334
marslike,0398_s42,0398,42,MERGED50_103b52af36a2c9b9,44.07894736842105,55.92105263157895,1,18.84057971014493,81.15942028985506
marslike,0410_s42,0410,42,MERGED50_10b0ceb83529d707,48.50574712643678,51.49425287356322,1,17.6056338028169,82.3943661971831
marslike,0413_s42,0413,42,MERGED50_10c3dab533638a3e,17.5,82.5,0,17.5,82.5
marslike,0415_s42,0415,42,MERGED50_10d156496c62f5b7,48.95833333333333,51.04166666666667,1,15.957446808510639,84.04255319148936
marslike,0424_s42,0424,42,MERGED50_112f33da4a9441cd,17.894736842105264,82.10526315789474,0,17.894736842105264,82.10526315789474
marslike,0428_s42,0428,42,MERGED50_116a6e92ad46a67e,43.88185654008439,56.11814345991561,1,19.26605504587156,80.73394495412845
marslike,0450_s42,0450,42,MERGED50_1207fe9db2ff05dd,49.48453608247423,50.51546391752577,1,16.176470588235293,83.82352941176471
marslike,0455_s42,0455,42,MERGED50_123d19fb6b0f8511,40.0,60.0,1,33.82352941176471,66.17647058823529
marslike,0457_s42,0457,42,MERGED50_125b6c9c16a37158,18.181818181818183,81.81818181818181,0,18.181818181818183,81.81818181818181
marslike,0462_s42,0462,42,MERGED50_1277b3ff4ceed3c2,44.14225941422594,55.85774058577406,1,20.454545454545457,79.54545454545455
marslike,0471_s42,0471,42,MERGED50_12ccbd3063f28e6e,32.69230769230769,67.3076923076923,1,32.69230769230769,67.3076923076923
marslike,0475_s42,0475,42,MERGED50_130b06c514919680,38.18181818181819,61.81818181818181,1,18.181818181818183,81.81818181818181
marslike,0497_s42,0497,42,MERGED50_13b84272d67b1514,41.44144144144144,58.55855855855856,1,20.0,80.0
marslike,0512_s42,0512,42,MERGED50_146a1a8686468cbd,16.129032258064516,83.87096774193549,0,16.129032258064516,83.87096774193549
marslike,0513_s42,0513,42,MERGED50_146dbb258cf98925,19.11764705882353,80.88235294117646,0,19.11764705882353,80.88235294117646
marslike,0556_s42,0556,42,MERGED50_163960ea0e6f5fd4,36.97916666666667,63.02083333333333,1,18.333333333333332,81.66666666666667
marslike,0563_s42,0563,42,MERGED50_16acf8ec266adf74,21.25,78.75,0,21.25,78.75
marslike,0615_s42,0615,42,MERGED50_186f822792ae4164,48.07017543859649,51.92982456140351,1,17.105263157894736,82.89473684210526
marslike,0626_s42,0626,42,MERGED50_19093fc8cb9f527c,49.57805907172996,50.42194092827004,1,20.588235294117645,79.41176470588235
marslike,0641_s42,0641,42,MERGED50_199f655336a8f40d,26.33587786259542,73.66412213740458,1,19.19191919191919,80.8080808080808
marslike,0646_s42,0646,42,MERGED50_1a1eb6369e668511,28.846153846153843,71.15384615384616,1,28.846153846153843,71.15384615384616
marslike,0668_s42,0668,42,MERGED50_1b519848d11082a5,36.03603603603604,63.96396396396396,1,24.705882352941178,75.29411764705883
marslike,0690_s42,0690,42,MERGED50_1c373c0a5f5334e2,57.25806451612904,42.74193548387096,1,18.181818181818183,81.81818181818181
marslike,0701_s42,0701,42,MERGED50_1c6babe5a1033670,47.926267281105986,52.073732718894014,1,17.105263157894736,82.89473684210526
marslike,0711_s42,0711,42,MERGED50_1ccf2c572b7a552c,40.0,60.0,1,18.51851851851852,81.48148148148148
marslike,0713_s42,0713,42,MERGED50_1ceb7b19942ee372,21.73913043478261,78.26086956521739,1,18.96551724137931,81.0344827586207
marslike,0744_s42,0744,42,MERGED50_1e1cc94b7718a364,39.02439024390244,60.97560975609756,1,17.741935483870968,82.25806451612902
marslike,0747_s42,0747,42,MERGED50_1e39512d32d11c93,28.719723183391004,71.28027681660899,1,19.54022988505747,80.45977011494253
marslike,0757_s42,0757,42,MERGED50_1ee0a5d09df22a27,27.358490566037734,72.64150943396227,1,22.058823529411764,77.94117647058823
marslike,0763_s42,0763,42,MERGED50_1f0e942a3982a536,46.63951120162933,53.36048879837067,1,18.181818181818183,81.81818181818181
marslike,0773_s42,0773,42,MERGED50_1f6495285cbf2ae2,43.684210526315795,56.315789473684205,1,16.091954022988507,83.9080459770115
marslike,0799_s42,0799,42,MERGED50_20915c05f22a00ca,15.306122448979592,84.6938775510204,0,15.306122448979592,84.6938775510204
marslike,0816_s42,0816,42,MERGED50_217e7b4ef0c9b70c,14.705882352941178,85.29411764705883,0,14.705882352941178,85.29411764705883
marslike,0824_s42,0824,42,MERGED50_21cbb0870929a3b5,50.829875518672196,49.170124481327804,1,35.294117647058826,64.70588235294117
marslike,0865_s42,0865,42,MERGED50_236b102271d9167c,43.55555555555555,56.44444444444445,1,19.718309859154928,80.28169014084507
marslike,0918_s42,0918,42,MERGED50_260a9381f6fc6868,39.55223880597015,60.44776119402985,1,37.3134328358209,62.6865671641791
marslike,0970_s42,0970,42,MERGED50_2887e20f7b8f5aa6,32.97872340425532,67.02127659574468,1,32.97872340425532,67.02127659574468
marslike,1031_s42,1031,42,MERGED50_2af9b232e035b4f4,33.85826771653544,66.14173228346456,1,18.421052631578945,81.57894736842105
marslike,1041_s42,1041,42,MERGED50_2b50a9bdb76401c5,17.525773195876287,82.47422680412372,0,17.525773195876287,82.47422680412372
marslike,1061_s42,1061,42,MERGED50_2c2485a3327f3dc7,48.379629629629626,51.620370370370374,1,17.741935483870968,82.25806451612902
marslike,1072_s42,1072,42,MERGED50_2c83ae3bb7c7fe06,49.57983193277311,50.42016806722689,1,15.151515151515152,84.84848484848484
marslike,1136_s42,1136,42,MERGED50_2fdd28baebcfbc93,17.741935483870968,82.25806451612902,0,17.741935483870968,82.25806451612902
marslike,1198_s42,1198,42,MERGED50_3246b16cd858d1e3,38.2716049382716,61.7283950617284,1,28.333333333333332,71.66666666666667
marslike,1209_s42,1209,42,MERGED50_32e80b756ac067ad,36.53846153846153,63.46153846153847,0,36.53846153846153,63.46153846153847
marslike,1216_s42,1216,42,MERGED50_336ed4a801c2f3c4,51.66666666666667,48.33333333333333,1,17.5,82.5
marslike,1240_s42,1240,42,MERGED50_34af8465ef7ba627,51.61987041036718,48.38012958963282,1,24.137931034482758,75.86206896551724
marslike,1241_s42,1241,42,MERGED50_34b30d3575948777,44.01913875598086,55.98086124401914,1,16.363636363636363,83.63636363636364
marslike,1267_s42,1267,42,MERGED50_3641c96940766477,19.35483870967742,80.64516129032258,0,19.35483870967742,80.64516129032258
marslike,1269_s42,1269,42,MERGED50_36518b02b313049d,45.55555555555556,54.44444444444444,1,18.333333333333332,81.66666666666667
marslike,1275_s42,1275,42,MERGED50_3697ac4ef8777013,27.66798418972332,72.33201581027669,1,27.173913043478258,72.82608695652175
marslike,1298_s42,1298,42,MERGED50_37e6a513a05f9bf8,35.35620052770449,64.64379947229551,1,17.24137931034483,82.75862068965517
marslike,1316_s42,1316,42,MERGED50_38b2a50c2837bfca,46.666666666666664,53.333333333333336,1,46.666666666666664,53.333333333333336
marslike,1329_s42,1329,42,MERGED50_394a8dd322307204,24.074074074074073,75.92592592592592,1,24.074074074074073,75.92592592592592
marslike,1337_s42,1337,42,MERGED50_3989b04dd8556623,61.12852664576802,38.87147335423198,1,17.105263157894736,82.89473684210526
marslike,1342_s42,1342,42,MERGED50_39ccc509a418ffae,28.169014084507044,71.83098591549296,0,28.169014084507044,71.83098591549296
marslike,1345_s42,1345,42,MERGED50_39fc272bcb93b15d,42.95774647887324,57.04225352112676,1,20.967741935483872,79.03225806451613
marslike,1349_s42,1349,42,MERGED50_3a165aef5a116bf5,50.0,50.0,1,18.181818181818183,81.81818181818181
marslike,1368_s42,1368,42,MERGED50_3b1c07dc8fea4603,45.97156398104265,54.02843601895735,1,18.666666666666668,81.33333333333333
marslike,1379_s42,1379,42,MERGED50_3bdd93e92a96ad19,31.372549019607842,68.62745098039215,1,29.230769230769234,70.76923076923077
marslike,1380_s42,1380,42,MERGED50_3be81df7305d49c4,17.647058823529413,82.35294117647058,0,17.647058823529413,82.35294117647058
marslike,1384_s42,1384,42,MERGED50_3c13576bcbf85ca2,47.02842377260982,52.97157622739018,1,18.181818181818183,81.81818181818181
marslike,1389_s42,1389,42,MERGED50_3c5a68f62a928053,41.509433962264154,58.490566037735846,1,16.666666666666664,83.33333333333334
marslike,1421_s42,1421,42,MERGED50_3decad90426070a4,51.24999999999999,48.75000000000001,1,16.94915254237288,83.05084745762713
marslike,1427_s42,1427,42,MERGED50_3e33f1800dbd9c34,39.83402489626556,60.16597510373444,1,17.97752808988764,82.02247191011236
marslike,1428_s42,1428,42,MERGED50_3e3b31d471ffc94a,52.94117647058824,47.05882352941176,1,20.0,80.0
marslike,1429_s42,1429,42,MERGED50_3e3d11b925b45fbe,37.995824634655534,62.004175365344466,1,19.35483870967742,80.64516129032258
marslike,1432_s42,1432,42,MERGED50_3e5aa9a1b7b8d653,42.24598930481284,57.75401069518716,1,15.730337078651685,84.26966292134831
marslike,1433_s42,1433,42,MERGED50_3e63fbb981856684,15.646258503401361,84.35374149659864,0,15.646258503401361,84.35374149659864
marslike,1457_s42,1457,42,MERGED50_3f62a4babbe83c19,21.91780821917808,78.08219178082192,0,21.91780821917808,78.08219178082192
marslike,1471_s42,1471,42,MERGED50_402d407b6093674a,17.80821917808219,82.1917808219178,0,17.80821917808219,82.1917808219178
marslike,1474_s42,1474,42,MERGED50_405a4d8c0deae552,53.74149659863946,46.25850340136054,1,17.687074829931973,82.31292517006803
marslike,1494_s42,1494,42,MERGED50_411f2a32c65abd49,33.84615384615385,66.15384615384616,1,18.461538461538463,81.53846153846153
marslike,1510_s42,1510,42,MERGED50_41d81da132848701,39.84375,60.15625,1,20.833333333333336,79.16666666666666
marslike,1515_s42,1515,42,MERGED50_42260d841f1377eb,57.91666666666667,42.08333333333333,1,20.689655172413794,79.3103448275862
marslike,1517_s42,1517,42,MERGED50_42484ba59f188106,47.54601226993865,52.45398773006135,1,16.842105263157894,83.15789473684211
marslike,1521_s42,1521,42,MERGED50_4285669b0493888e,17.94871794871795,82.05128205128204,0,17.94871794871795,82.05128205128204
marslike,1545_s42,1545,42,MERGED50_4362509a76da146e,53.80710659898477,46.19289340101523,1,15.517241379310345,84.48275862068965
marslike,1569_s42,1569,42,MERGED50_452470f6eea49e9e,57.02247191011236,42.97752808988764,1,15.517241379310345,84.48275862068965
marslike,1587_s42,1587,42,MERGED50_461d7f839caac77e,46.733668341708544,53.266331658291456,1,15.966386554621847,84.03361344537815
marslike,1589_s42,1589,42,MERGED50_46372a0fbd4d49b2,46.79802955665024,53.20197044334976,1,18.84057971014493,81.15942028985506
marslike,1598_s42,1598,42,MERGED50_47145fb95598e500,47.88418708240535,52.11581291759465,1,14.814814814814813,85.18518518518519
marslike,1599_s42,1599,42,MERGED50_471c6ea226937f87,64.44444444444444,35.55555555555556,1,27.27272727272727,72.72727272727273
marslike,1609_s42,1609,42,MERGED50_47b02c4685094ba9,35.42600896860987,64.57399103139014,1,16.666666666666664,83.33333333333334
marslike,1623_s42,1623,42,MERGED50_48462d9ed104d7ee,21.428571428571427,78.57142857142857,0,21.428571428571427,78.57142857142857
marslike,1628_s42,1628,42,MERGED50_4889e6e6faf64af1,14.285714285714285,85.71428571428572,0,14.285714285714285,85.71428571428572
marslike,1634_s42,1634,42,MERGED50_48b4acbaba3bf0ce,48.484848484848484,51.515151515151516,1,48.484848484848484,51.515151515151516
marslike,1643_s42,1643,42,MERGED50_48f4fb1a585f756b,21.951219512195124,78.04878048780488,1,21.951219512195124,78.04878048780488
marslike,1644_s42,1644,42,MERGED50_4900eb77492b3539,25.0,75.0,1,23.943661971830984,76.05633802816902
marslike,1646_s42,1646,42,MERGED50_491f277c7354ac88,15.0,85.0,0,15.0,85.0
marslike,1663_s42,1663,42,MERGED50_49f4df1d2f820e94,45.23809523809524,54.76190476190476,1,20.0,80.0
marslike,1689_s42,1689,42,MERGED50_4ac1d527b0c84960,49.48096885813148,50.51903114186852,1,15.53398058252427,84.46601941747574
marslike,1692_s42,1692,42,MERGED50_4ad594a12d0332d1,50.542299349240785,49.457700650759215,1,41.17647058823529,58.82352941176471
marslike,1717_s42,1717,42,MERGED50_4be104e418d33631,48.68421052631579,51.31578947368421,1,16.161616161616163,83.83838383838383
marslike,1722_s42,1722,42,MERGED50_4c11e53ac7d8df90,28.98936170212766,71.01063829787233,1,18.75,81.25
marslike,1735_s42,1735,42,MERGED50_4cb1fcc9e80a697f,43.35664335664335,56.64335664335665,1,18.64406779661017,81.35593220338983
marslike,1741_s42,1741,42,MERGED50_4cfc7389cb1e066b,56.353591160220994,43.646408839779006,1,23.52941176470588,76.47058823529412
marslike,1742_s42,1742,42,MERGED50_4d0e44d4065dc9cd,50.595238095238095,49.404761904761905,1,16.93548387096774,83.06451612903226
marslike,1748_s42,1748,42,MERGED50_4d4efeff38ed788c,35.45816733067729,64.5418326693227,1,25.0,75.0
marslike,1752_s42,1752,42,MERGED50_4daec5a39d5600f2,18.75,81.25,0,18.75,81.25
marslike,1792_s42,1792,42,MERGED50_4ff928ed0b2c5ed9,45.25,54.75,1,28.333333333333332,71.66666666666667
marslike,1799_s42,1799,42,MERGED50_503944df164841e9,38.095238095238095,61.904761904761905,1,17.741935483870968,82.25806451612902
marslike,1813_s42,1813,42,MERGED50_50f3d8e28a277412,43.0406852248394,56.9593147751606,1,17.647058823529413,82.35294117647058
marslike,1830_s42,1830,42,MERGED50_51aecf5a82dbce78,15.789473684210526,84.21052631578948,0,15.789473684210526,84.21052631578948
marslike,1844_s42,1844,42,MERGED50_526ae4cee2125bfb,47.69230769230769,52.30769230769231,1,20.0,80.0
marslike,1882_s42,1882,42,MERGED50_545e6e68331f2156,31.007751937984494,68.9922480620155,1,19.51219512195122,80.48780487804878
marslike,1905_s42,1905,42,MERGED50_553f8a66af2a3e91,46.71814671814672,53.28185328185328,1,18.333333333333332,81.66666666666667
marslike,1908_s42,1908,42,MERGED50_554d40bab7143e00,37.4468085106383,62.5531914893617,1,17.647058823529413,82.35294117647058
marslike,1909_s42,1909,42,MERGED50_554ee24ba2da53aa,34.626865671641795,65.3731343283582,1,22.82608695652174,77.17391304347827
marslike,1911_s42,1911,42,MERGED50_55a02953e1a869bc,37.423312883435585,62.576687116564415,1,37.423312883435585,62.576687116564415
marslike,1942_s42,1942,42,MERGED50_575c6ee0003d1c16,45.051194539249146,54.948805460750854,1,22.22222222222222,77.77777777777777
marslike,1949_s42,1949,42,MERGED50_57b0e310432a22eb,50.54347826086957,49.45652173913043,1,22.058823529411764,77.94117647058823
marslike,1951_s42,1951,42,MERGED50_57be905f2a47364b,32.967032967032964,67.03296703296704,1,24.615384615384617,75.38461538461539
marslike,1957_s42,1957,42,MERGED50_57f3a98bf6445bd5,36.29032258064516,63.70967741935484,1,18.055555555555554,81.94444444444444
marslike,1968_s42,1968,42,MERGED50_586bb952a8fc0b3d,34.67741935483871,65.32258064516128,1,20.0,80.0
marslike,1994_s42,1994,42,MERGED50_5a1bbcc14a461599,41.340782122905026,58.659217877094974,1,18.51851851851852,81.48148148148148
marslike,2004_s42,2004,42,MERGED50_5a83ec96df4a0c1d,43.684210526315795,56.315789473684205,1,17.741935483870968,82.25806451612902
marslike,2008_s42,2008,42,MERGED50_5ab7a71def90885f,15.555555555555555,84.44444444444444,0,15.555555555555555,84.44444444444444
marslike,2012_s42,2012,42,MERGED50_5b071d4cc559965a,28.915662650602407,71.0843373493976,1,28.915662650602407,71.0843373493976
marslike,2019_s42,2019,42,MERGED50_5b718b4cfb08bb58,40.50991501416431,59.49008498583569,1,18.085106382978726,81.91489361702128
marslike,2054_s42,2054,42,MERGED50_5d19e38d4d70b54a,22.972972972972975,77.02702702702703,0,22.972972972972975,77.02702702702703
marslike,2056_s42,2056,42,MERGED50_5d3b236e3dd6d06c,25.878594249201274,74.12140575079873,1,21.153846153846153,78.84615384615384
marslike,2075_s42,2075,42,MERGED50_5e0244dd6c87c85d,34.77218225419664,65.22781774580335,1,20.967741935483872,79.03225806451613
marslike,2086_s42,2086,42,MERGED50_5e95fa19a872e3b4,44.171779141104295,55.828220858895705,1,44.171779141104295,55.828220858895705
marslike,2087_s42,2087,42,MERGED50_5e9e6eb6decf88dc,40.44943820224719,59.55056179775281,1,40.44943820224719,59.55056179775281
marslike,2112_s42,2112,42,MERGED50_600eac600405229a,17.543859649122805,82.45614035087719,0,17.543859649122805,82.45614035087719
marslike,2123_s42,2123,42,MERGED50_609a3e30cddedce6,19.767441860465116,80.23255813953489,1,19.767441860465116,80.23255813953489
marslike,2133_s42,2133,42,MERGED50_612acfb649609662,42.9042904290429,57.0957095709571,1,18.96551724137931,81.0344827586207
marslike,2146_s42,2146,42,MERGED50_6244b32ce12316f9,15.853658536585366,84.14634146341463,0,15.853658536585366,84.14634146341463
marslike,2153_s42,2153,42,MERGED50_62a38fd2a6fdbc2d,40.0,60.0,1,17.142857142857142,82.85714285714286
marslike,2162_s42,2162,42,MERGED50_63215d6ba2194894,48.92307692307693,51.07692307692307,1,17.741935483870968,82.25806451612902
marslike,2189_s42,2189,42,MERGED50_645a92888dc6dedb,25.862068965517242,74.13793103448276,0,25.862068965517242,74.13793103448276
marslike,2243_s42,2243,42,MERGED50_66ec4df0e0a2fd55,39.83050847457627,60.16949152542373,1,16.101694915254235,83.89830508474577
marslike,2250_s42,2250,42,MERGED50_671edda99c550c18,24.615384615384617,75.38461538461539,0,24.615384615384617,75.38461538461539
marslike,2261_s42,2261,42,MERGED50_67a4f58548213093,22.22222222222222,77.77777777777777,0,22.22222222222222,77.77777777777777
marslike,2263_s42,2263,42,MERGED50_67d5e2e10d7007fe,45.12987012987013,54.87012987012987,1,32.69230769230769,67.3076923076923
marslike,2273_s42,2273,42,MERGED50_683bce063171bf86,60.73619631901841,39.26380368098159,1,60.73619631901841,39.26380368098159
marslike,2279_s42,2279,42,MERGED50_68c65d876ac620ab,42.857142857142854,57.142857142857146,1,23.563218390804597,76.4367816091954
marslike,2286_s42,2286,42,MERGED50_69393026e61930ed,28.333333333333332,71.66666666666667,0,28.333333333333332,71.66666666666667
marslike,2295_s42,2295,42,MERGED50_69b44115b6dcd0e2,29.411764705882355,70.58823529411765,0,29.411764705882355,70.58823529411765
marslike,2308_s42,2308,42,MERGED50_6a2a6be04d79ee41,21.25,78.75,0,21.25,78.75
marslike,2323_s42,2323,42,MERGED50_6af9723776606a41,50.231481481481474,49.768518518518526,1,15.151515151515152,84.84848484848484
marslike,2329_s42,2329,42,MERGED50_6b224a8f99da0d29,26.24113475177305,73.75886524822695,1,23.18840579710145,76.81159420289855
marslike,2330_s42,2330,42,MERGED50_6b227dac34d8f18a,22.608695652173914,77.3913043478261,1,22.608695652173914,77.3913043478261
marslike,2332_s42,2332,42,MERGED50_6b38087a6588fd0b,25.806451612903224,74.19354838709677,0,25.806451612903224,74.19354838709677
marslike,2358_s42,2358,42,MERGED50_6c30c584dc58bebe,65.38461538461539,34.61538461538461,1,65.38461538461539,34.61538461538461
marslike,2362_s42,2362,42,MERGED50_6c4a85fe1429fd52,22.058823529411764,77.94117647058823,1,22.058823529411764,77.94117647058823
marslike,2378_s42,2378,42,MERGED50_6d121cb9b2ad8f83,40.0593471810089,59.9406528189911,1,18.461538461538463,81.53846153846153
marslike,2379_s42,2379,42,MERGED50_6d3279c7f8765afe,40.963855421686745,59.036144578313255,1,20.588235294117645,79.41176470588235
marslike,2400_s42,2400,42,MERGED50_6e8a7b5e0ea2e20a,55.35714285714286,44.64285714285714,1,17.72151898734177,82.27848101265823
marslike,2404_s42,2404,42,MERGED50_6ebf80626779618f,54.85961123110151,45.14038876889849,1,18.181818181818183,81.81818181818181
marslike,2405_s42,2405,42,MERGED50_6ec27256153612e8,47.80793319415449,52.19206680584551,1,15.151515151515152,84.84848484848484
marslike,2413_s42,2413,42,MERGED50_6f1c632d7cb5897c,20.0,80.0,0,20.0,80.0
marslike,2425_s42,2425,42,MERGED50_6fa1c9aaca811b7c,33.75796178343949,66.2420382165605,1,17.72151898734177,82.27848101265823
marslike,2440_s42,2440,42,MERGED50_7077b5705fff8a36,30.76923076923077,69.23076923076923,1,21.978021978021978,78.02197802197801
marslike,2450_s42,2450,42,MERGED50_7127c555a30ef29d,54.21245421245421,45.78754578754579,1,20.192307692307693,79.8076923076923
marslike,2488_s42,2488,42,MERGED50_73619aea8b71f9f2,40.42553191489361,59.57446808510639,1,18.085106382978726,81.91489361702128
marslike,2500_s42,2500,42,MERGED50_7411d1af87ef4f3d,34.48275862068966,65.51724137931035,1,24.137931034482758,75.86206896551724
marslike,2513_s42,2513,42,MERGED50_74a893e225ddf810,19.35483870967742,80.64516129032258,0,19.35483870967742,80.64516129032258
marslike,2522_s42,2522,42,MERGED50_753596b5977878ba,68.23529411764706,31.764705882352942,1,68.23529411764706,31.764705882352942
marslike,2528_s42,2528,42,MERGED50_7587d233b7f5a4dd,39.41908713692946,60.58091286307054,1,17.24137931034483,82.75862068965517
marslike,2534_s42,2534,42,MERGED50_75d083f90f752722,47.04370179948586,52.95629820051414,1,32.3943661971831,67.6056338028169
marslike,2546_s42,2546,42,MERGED50_7668b102cce97a67,22.727272727272727,77.27272727272728,0,22.727272727272727,77.27272727272728
marslike,2554_s42,2554,42,MERGED50_76abcfb94bfee017,29.218106995884774,70.78189300411523,1,15.217391304347828,84.78260869565217
marslike,2556_s42,2556,42,MERGED50_76d3ea294441f3bf,52.51798561151079,47.48201438848921,1,20.253164556962027,79.74683544303798
marslike,2563_s42,2563,42,MERGED50_77449cdf69801264,14.754098360655737,85.24590163934427,0,14.754098360655737,85.24590163934427
marslike,2572_s42,2572,42,MERGED50_77a0592117bec23a,49.184782608695656,50.815217391304344,1,17.94871794871795,82.05128205128204
marslike,2574_s42,2574,42,MERGED50_77ba8c2b63fadcf5,23.52941176470588,76.47058823529412,1,23.52941176470588,76.47058823529412
marslike,2599_s42,2599,42,MERGED50_78e463e2ec428af7,40.0,60.0,1,40.0,60.0
marslike,2601_s42,2601,42,MERGED50_78f1e00fd53a3274,35.684647302904565,64.31535269709543,1,17.647058823529413,82.35294117647058
marslike,2616_s42,2616,42,MERGED50_79a47969caa2ae63,32.84313725490196,67.15686274509804,1,25.0,75.0
marslike,2622_s42,2622,42,MERGED50_79dabdca37fc4102,39.310344827586206,60.689655172413794,1,20.3125,79.6875
marslike,2627_s42,2627,42,MERGED50_7a01bc666a0eca16,43.92156862745098,56.07843137254902,1,15.853658536585366,84.14634146341463
marslike,2636_s42,2636,42,MERGED50_7a80fe2dea4829f2,41.361256544502616,58.638743455497384,1,22.058823529411764,77.94117647058823
marslike,2652_s42,2652,42,MERGED50_7b300d5704038dbf,24.236983842010773,75.76301615798923,1,21.21212121212121,78.78787878787878
marslike,2661_s42,2661,42,MERGED50_7be9bc1e78d4269b,51.5625,48.4375,1,24.242424242424242,75.75757575757575
marslike,2672_s42,2672,42,MERGED50_7c5d8dd9dd48f517,47.12643678160919,52.87356321839081,1,47.12643678160919,52.87356321839081
marslike,2692_s42,2692,42,MERGED50_7d0b0614229175f8,33.62068965517241,66.37931034482759,1,33.62068965517241,66.37931034482759
marslike,2705_s42,2705,42,MERGED50_7dbdcf7782af193c,39.88095238095239,60.11904761904761,1,36.53846153846153,63.46153846153847
marslike,2727_s42,2727,42,MERGED50_7ed2f6a56937016a,43.51851851851852,56.48148148148148,1,20.0,80.0
marslike,2728_s42,2728,42,MERGED50_7ede81269d8631a4,30.666666666666664,69.33333333333334,1,30.666666666666664,69.33333333333334
marslike,2741_s42,2741,42,MERGED50_7f640839a3f8e11a,48.63731656184486,51.36268343815514,1,19.565217391304348,80.43478260869566
marslike,2743_s42,2743,42,MERGED50_7f66caa8892be92f,37.71186440677966,62.28813559322034,1,21.052631578947366,78.94736842105263
marslike,2802_s42,2802,42,MERGED50_8250c39e60fe2cf2,47.524752475247524,52.475247524752476,1,19.230769230769234,80.76923076923077
marslike,2818_s42,2818,42,MERGED50_83412bf11620bd23,48.76847290640394,51.23152709359606,1,23.076923076923077,76.92307692307692
marslike,2833_s42,2833,42,MERGED50_841cf6c2b9f6631e,29.411764705882355,70.58823529411765,1,20.0,80.0
marslike,2853_s42,2853,42,MERGED50_853f79d92858401e,17.741935483870968,82.25806451612902,0,17.741935483870968,82.25806451612902
marslike,2859_s42,2859,42,MERGED50_85bd37c154ebca0f,32.11678832116788,67.88321167883211,1,25.547445255474454,74.45255474452554
marslike,2874_s42,2874,42,MERGED50_8639fd34028091ab,31.97278911564626,68.02721088435374,1,23.52941176470588,76.47058823529412
marslike,2884_s42,2884,42,MERGED50_867689993d36eb87,31.76470588235294,68.23529411764706,0,31.76470588235294,68.23529411764706
marslike,2894_s42,2894,42,MERGED50_86db53a5c57f5ff0,25.874125874125873,74.12587412587413,0,25.874125874125873,74.12587412587413
marslike,2903_s42,2903,42,MERGED50_873694b44f3b2ea8,49.050632911392405,50.949367088607595,1,15.0,85.0
marslike,2906_s42,2906,42,MERGED50_8745eb3faa2564b7,43.20987654320987,56.79012345679013,1,23.684210526315788,76.31578947368422
marslike,2928_s42,2928,42,MERGED50_883b24135493ecd4,39.473684210526315,60.526315789473685,1,28.846153846153843,71.15384615384616
marslike,2954_s42,2954,42,MERGED50_89eef421b7a393fa,20.51282051282051,79.48717948717949,1,20.51282051282051,79.48717948717949
marslike,2978_s42,2978,42,MERGED50_8b386db343c4677e,46.06413994169096,53.93586005830904,1,19.35483870967742,80.64516129032258
marslike,2987_s42,2987,42,MERGED50_8bedf43df42ac4c0,52.55102040816326,47.44897959183674,1,25.352112676056336,74.64788732394366
marslike,2993_s42,2993,42,MERGED50_8c190d7c98c4f693,44.48669201520912,55.51330798479088,1,18.51851851851852,81.48148148148148
marslike,2996_s42,2996,42,MERGED50_8c3d2660267e473d,44.12955465587044,55.87044534412956,1,15.625,84.375
marslike,3027_s42,3027,42,MERGED50_8dee8af9f39cd7fd,22.093023255813954,77.90697674418604,0,22.093023255813954,77.90697674418604
marslike,3032_s42,3032,42,MERGED50_8e20bc65561a86aa,16.831683168316832,83.16831683168317,1,16.831683168316832,83.16831683168317
marslike,3033_s42,3033,42,MERGED50_8e22f7d3d4198db8,44.02985074626866,55.97014925373134,1,19.402985074626866,80.59701492537313
marslike,3045_s42,3045,42,MERGED50_8ee742e81fc5700b,32.967032967032964,67.03296703296704,1,23.684210526315788,76.31578947368422
marslike,3049_s42,3049,42,MERGED50_8f21052c420280e1,37.5,62.5,1,15.131578947368421,84.86842105263158
marslike,3080_s42,3080,42,MERGED50_9098dca75b1a5014,51.42045454545454,48.57954545454546,1,18.095238095238095,81.9047619047619
marslike,3081_s42,3081,42,MERGED50_909e06366de0655f,42.27129337539432,57.72870662460568,1,20.0,80.0
marslike,3095_s42,3095,42,MERGED50_916c635910a1d9e7,46.15384615384615,53.84615384615385,1,15.942028985507244,84.05797101449275
marslike,3097_s42,3097,42,MERGED50_917a86209294b86f,46.65314401622718,53.34685598377282,1,17.24137931034483,82.75862068965517
marslike,3104_s42,3104,42,MERGED50_922ef138ede4a09e,48.888888888888886,51.111111111111114,1,19.736842105263158,80.26315789473685
marslike,3155_s42,3155,42,MERGED50_952fb4144de0c137,47.5177304964539,52.4822695035461,1,26.923076923076923,73.07692307692308
marslike,3175_s42,3175,42,MERGED50_967da48d929c47b7,32.94663573085847,67.05336426914153,1,29.29936305732484,70.70063694267516
marslike,3182_s42,3182,42,MERGED50_96b5b3822e77b0d1,67.05882352941175,32.941176470588246,1,67.05882352941175,32.941176470588246
marslike,3183_s42,3183,42,MERGED50_96b6b14d746a301d,40.963855421686745,59.036144578313255,1,18.29268292682927,81.70731707317073
marslike,3188_s42,3188,42,MERGED50_973156e9c6e6a362,29.55801104972376,70.44198895027624,1,18.0327868852459,81.9672131147541
marslike,3197_s42,3197,42,MERGED50_97cb7b15febeb2a5,38.46153846153847,61.53846153846153,1,21.62162162162162,78.37837837837839
marslike,3199_s42,3199,42,MERGED50_97dc8721613c2b73,50.0,50.0,1,17.59259259259259,82.4074074074074
marslike,3217_s42,3217,42,MERGED50_991d320f2a013e40,48.1651376146789,51.8348623853211,1,16.528925619834713,83.47107438016529
marslike,3225_s42,3225,42,MERGED50_998bb445f3f832c5,48.36734693877551,51.63265306122449,1,28.333333333333332,71.66666666666667
marslike,3236_s42,3236,42,MERGED50_99e8793681c95da7,39.705882352941174,60.294117647058826,1,39.705882352941174,60.294117647058826
marslike,3241_s42,3241,42,MERGED50_9a6d86d4a6b18c65,45.627376425855516,54.372623574144484,1,15.789473684210526,84.21052631578948
marslike,3248_s42,3248,42,MERGED50_9a8b8d185d4bd22e,44.36363636363637,55.63636363636363,1,20.43010752688172,79.56989247311827
marslike,3252_s42,3252,42,MERGED50_9aa2b233a097c88b,38.40304182509506,61.59695817490494,1,16.666666666666664,83.33333333333334
marslike,3256_s42,3256,42,MERGED50_9ab99c917ac7df76,48.91304347826087,51.08695652173913,1,22.033898305084744,77.96610169491525
marslike,3257_s42,3257,42,MERGED50_9abd9e349a65eaa1,44.39461883408072,55.60538116591928,1,23.170731707317074,76.82926829268293
marslike,3268_s42,3268,42,MERGED50_9b5fcc70f997c7eb,50.559701492537314,49.440298507462686,1,16.923076923076923,83.07692307692308
marslike,3269_s42,3269,42,MERGED50_9b7b4d6e047a5ec0,39.56310679611651,60.43689320388349,1,33.82352941176471,66.17647058823529
marslike,3272_s42,3272,42,MERGED50_9b8f00624edaac0d,54.54545454545454,45.45454545454546,1,13.750000000000002,86.25
marslike,3274_s42,3274,42,MERGED50_9b98dddab58fa657,26.76056338028169,73.2394366197183,0,26.76056338028169,73.2394366197183
marslike,3275_s42,3275,42,MERGED50_9bb2b32cfe362dbd,37.35632183908046,62.64367816091954,1,20.833333333333336,79.16666666666666
marslike,3305_s42,3305,42,MERGED50_9d334cd69d11cc08,48.717948717948715,51.282051282051285,1,39.705882352941174,60.294117647058826
marslike,3306_s42,3306,42,MERGED50_9d4cad0bf4f4eabb,14.399999999999999,85.6,0,14.399999999999999,85.6
marslike,3321_s42,3321,42,MERGED50_9df10ef1bbe6e50a,53.50877192982456,46.49122807017544,1,18.823529411764707,81.17647058823529
marslike,3354_s42,3354,42,MERGED50_a0217cea3a619c31,42.59927797833935,57.40072202166065,1,18.51851851851852,81.48148148148148
marslike,3361_s42,3361,42,MERGED50_a09fa1c40dba6a05,44.42231075697211,55.57768924302789,1,21.21212121212121,78.78787878787878
marslike,3410_s42,3410,42,MERGED50_a2d5559200c22c7a,13.793103448275861,86.20689655172414,0,13.793103448275861,86.20689655172414
marslike,3423_s42,3423,42,MERGED50_a36ed354195d99f9,38.50687622789784,61.49312377210216,1,18.055555555555554,81.94444444444444
marslike,3427_s42,3427,42,MERGED50_a38dcaacea403954,49.411764705882355,50.588235294117645,1,49.411764705882355,50.588235294117645
marslike,3429_s42,3429,42,MERGED50_a39b3ac9186d9697,38.91402714932127,61.08597285067873,1,15.625,84.375
marslike,3436_s42,3436,42,MERGED50_a42681c8ab1c5abd,46.808510638297875,53.191489361702125,1,16.666666666666664,83.33333333333334
marslike,3509_s42,3509,42,MERGED50_a84d6eb4536c54e4,38.095238095238095,61.904761904761905,1,17.391304347826086,82.6086956521739
marslike,3510_s42,3510,42,MERGED50_a84f97de017ca7ec,55.29197080291971,44.70802919708029,1,17.81609195402299,82.183908045977
marslike,3532_s42,3532,42,MERGED50_a9ed355f00ad370a,64.19753086419753,35.80246913580247,1,64.19753086419753,35.80246913580247
marslike,3542_s42,3542,42,MERGED50_aa3463f5ddc1b812,37.17948717948718,62.82051282051282,1,22.033898305084744,77.96610169491525
marslike,3564_s42,3564,42,MERGED50_ab2b415c51b1e502,48.10126582278481,51.89873417721519,1,16.470588235294116,83.52941176470588
marslike,3567_s42,3567,42,MERGED50_ab425ac822b5007b,51.388888888888886,48.611111111111114,1,16.363636363636363,83.63636363636364
marslike,3581_s42,3581,42,MERGED50_ac0e0751641ba8c5,23.12925170068027,76.87074829931973,1,18.75,81.25
marslike,3585_s42,3585,42,MERGED50_ac619d734e1fed35,50.57471264367817,49.42528735632183,1,31.03448275862069,68.9655172413793
marslike,3586_s42,3586,42,MERGED50_ac69c745c89ad948,46.45669291338583,53.54330708661417,1,20.0,80.0
marslike,3629_s42,3629,42,MERGED50_ae7a8231780df578,40.256410256410255,59.743589743589745,1,15.789473684210526,84.21052631578948
marslike,3649_s42,3649,42,MERGED50_afa7cfce20caf18e,45.294117647058826,54.705882352941174,1,19.565217391304348,80.43478260869566
marslike,3669_s42,3669,42,MERGED50_b0921b39d04065fe,21.53846153846154,78.46153846153845,0,21.53846153846154,78.46153846153845
marslike,3672_s42,3672,42,MERGED50_b0acaec12cf54da1,35.833333333333336,64.16666666666666,1,16.43835616438356,83.56164383561644
marslike,3677_s42,3677,42,MERGED50_b11026cfc39511b7,51.60256410256411,48.39743589743589,1,21.666666666666668,78.33333333333333
marslike,3680_s42,3680,42,MERGED50_b158ae789a92cb66,51.886792452830186,48.113207547169814,1,51.886792452830186,48.113207547169814
marslike,3683_s42,3683,42,MERGED50_b17f8de8e8177506,16.346153846153847,83.65384615384616,0,16.346153846153847,83.65384615384616
marslike,3684_s42,3684,42,MERGED50_b19bfa8594c86411,36.76470588235294,63.23529411764706,1,36.76470588235294,63.23529411764706
marslike,3694_s42,3694,42,MERGED50_b25490b4a76d74a5,53.86740331491713,46.13259668508287,1,18.461538461538463,81.53846153846153
marslike,3702_s42,3702,42,MERGED50_b2b8613a7d28b25a,47.425474254742554,52.574525745257446,1,18.84057971014493,81.15942028985506
marslike,3718_s42,3718,42,MERGED50_b40efb3f02a47298,29.411764705882355,70.58823529411765,1,23.52941176470588,76.47058823529412
marslike,3722_s42,3722,42,MERGED50_b42142937144f0e9,52.14723926380368,47.85276073619632,1,17.857142857142858,82.14285714285714
marslike,3728_s42,3728,42,MERGED50_b45c254a83e9819b,42.38227146814405,57.61772853185595,1,16.736401673640167,83.26359832635984
marslike,3748_s42,3748,42,MERGED50_b58172d9edd3ab32,50.32051282051282,49.67948717948718,1,17.142857142857142,82.85714285714286
marslike,3752_s42,3752,42,MERGED50_b59c30f551ed6b1f,50.41782729805014,49.58217270194986,1,16.129032258064516,83.87096774193549
marslike,3762_s42,3762,42,MERGED50_b6320c1cb01534e4,28.24427480916031,71.75572519083968,1,28.24427480916031,71.75572519083968
marslike,3771_s42,3771,42,MERGED50_b69c514bad0a6438,49.557522123893804,50.442477876106196,1,16.352201257861633,83.64779874213836
marslike,3774_s42,3774,42,MERGED50_b6d00e21099ae542,49.21875,50.78125,1,17.28395061728395,82.71604938271605
marslike,3776_s42,3776,42,MERGED50_b6faaa8e81b33b62,16.216216216216218,83.78378378378378,0,16.216216216216218,83.78378378378378
marslike,3783_s42,3783,42,MERGED50_b7a6b6c91b9cd7ea,38.28382838283829,61.71617161716171,1,16.216216216216218,83.78378378378378
marslike,3816_s42,3816,42,MERGED50_b957d14dcf1bbe9a,33.6405529953917,66.3594470046083,1,25.0,75.0
marslike,3818_s42,3818,42,MERGED50_b967112def0d9512,41.17647058823529,58.82352941176471,1,41.17647058823529,58.82352941176471
marslike,3831_s42,3831,42,MERGED50_b9d681926a4b600e,29.78723404255319,70.2127659574468,0,29.78723404255319,70.2127659574468
marslike,3838_s42,3838,42,MERGED50_ba291c9173c50b04,39.80582524271845,60.19417475728155,1,19.298245614035086,80.70175438596492
marslike,3840_s42,3840,42,MERGED50_ba443842d54492a7,40.64516129032258,59.35483870967742,1,18.333333333333332,81.66666666666667
marslike,3852_s42,3852,42,MERGED50_bb10fbaaf2dc3390,16.43835616438356,83.56164383561644,0,16.43835616438356,83.56164383561644
marslike,3853_s42,3853,42,MERGED50_bb204324245ac57d,49.411764705882355,50.588235294117645,1,18.823529411764707,81.17647058823529
marslike,3855_s42,3855,42,MERGED50_bb3455cbaad33f86,43.203883495145625,56.796116504854375,1,18.64406779661017,81.35593220338983
marslike,3859_s42,3859,42,MERGED50_bb5eda403322a160,25.94142259414226,74.05857740585773,1,25.94142259414226,74.05857740585773
marslike,3872_s42,3872,42,MERGED50_bc17887e887e8809,17.142857142857142,82.85714285714286,1,17.142857142857142,82.85714285714286
marslike,3879_s42,3879,42,MERGED50_bc5d8b8a3e7fc15d,44.29824561403509,55.70175438596491,1,18.89763779527559,81.10236220472441
marslike,3895_s42,3895,42,MERGED50_bd037da1c83d4495,54.12541254125413,45.87458745874587,1,17.857142857142858,82.14285714285714
marslike,3904_s42,3904,42,MERGED50_bd5d3346b3f492d1,36.486486486486484,63.513513513513516,1,18.91891891891892,81.08108108108108
marslike,3913_s42,3913,42,MERGED50_bdfb0561a2f0e94d,33.82352941176471,66.17647058823529,0,33.82352941176471,66.17647058823529
marslike,3923_s42,3923,42,MERGED50_be9dd7740e7d701e,50.526315789473685,49.473684210526315,1,23.728813559322035,76.27118644067797
marslike,3926_s42,3926,42,MERGED50_beb97b9d7100d060,45.588235294117645,54.411764705882355,0,45.588235294117645,54.411764705882355
marslike,3937_s42,3937,42,MERGED50_bf4d181218869bd3,35.947712418300654,64.05228758169935,1,19.607843137254903,80.3921568627451
marslike,3948_s42,3948,42,MERGED50_c004f25ea592d5dc,39.34426229508197,60.65573770491803,1,23.232323232323232,76.76767676767676
marslike,3950_s42,3950,42,MERGED50_c023f2020521997b,43.53233830845771,56.46766169154229,1,25.882352941176475,74.11764705882352
marslike,3974_s42,3974,42,MERGED50_c14b578a40b8c8b1,22.388059701492537,77.61194029850746,1,22.388059701492537,77.61194029850746
marslike,3980_s42,3980,42,MERGED50_c1bf1e334817e0f2,30.88235294117647,69.11764705882354,0,30.88235294117647,69.11764705882354
marslike,3981_s42,3981,42,MERGED50_c1c730c120397711,51.908396946564885,48.091603053435115,1,21.53846153846154,78.46153846153845
marslike,3983_s42,3983,42,MERGED50_c1d88cac251c841c,49.152542372881356,50.847457627118644,1,17.1875,82.8125
marslike,4001_s42,4001,42,MERGED50_c3715085cbdba5f4,48.53932584269663,51.46067415730337,1,15.942028985507244,84.05797101449275
marslike,4016_s42,4016,42,MERGED50_c4074a4ba6f23c3b,33.33333333333333,66.66666666666667,0,33.33333333333333,66.66666666666667
marslike,4019_s42,4019,42,MERGED50_c430d42301ff2bd9,18.75,81.25,1,18.75,81.25
marslike,4024_s42,4024,42,MERGED50_c47a49ed1eedac36,41.48936170212766,58.51063829787234,1,18.181818181818183,81.81818181818181
marslike,4032_s42,4032,42,MERGED50_c4bda75420b8a03b,41.37931034482759,58.62068965517241,1,17.857142857142858,82.14285714285714
marslike,4039_s42,4039,42,MERGED50_c51ac5431905f7ee,42.30769230769231,57.69230769230769,1,42.30769230769231,57.69230769230769
marslike,4061_s42,4061,42,MERGED50_c6a44b119bef1302,36.55913978494624,63.44086021505376,0,36.55913978494624,63.44086021505376
marslike,4071_s42,4071,42,MERGED50_c74a4126117a32ad,45.64459930313589,54.35540069686411,1,15.476190476190476,84.52380952380952
marslike,4073_s42,4073,42,MERGED50_c75525dbde37c28c,45.32967032967033,54.67032967032967,1,17.5,82.5
marslike,4074_s42,4074,42,MERGED50_c75ab1a5c9ad6c6f,33.33333333333333,66.66666666666667,1,33.33333333333333,66.66666666666667
marslike,4078_s42,4078,42,MERGED50_c79ff93d590f9bda,59.78260869565217,40.21739130434783,1,59.78260869565217,40.21739130434783
marslike,4081_s42,4081,42,MERGED50_c7c021d8ab4041ec,34.45378151260504,65.54621848739495,1,24.369747899159663,75.63025210084034
marslike,4084_s42,4084,42,MERGED50_c7f03ab966fff9af,33.93665158371041,66.06334841628959,1,20.930232558139537,79.06976744186046
marslike,4096_s42,4096,42,MERGED50_c84242fb3de977b7,42.44604316546763,57.55395683453237,1,42.44604316546763,57.55395683453237
marslike,4121_s42,4121,42,MERGED50_c9f6c384862b1fe4,45.2914798206278,54.7085201793722,1,15.254237288135593,84.7457627118644
marslike,4167_s42,4167,42,MERGED50_cce784180d050396,22.48062015503876,77.51937984496124,1,22.48062015503876,77.51937984496124
marslike,4174_s42,4174,42,MERGED50_cd0a1fdd85de8ab1,47.68518518518518,52.31481481481482,1,28.8135593220339,71.1864406779661
marslike,4188_s42,4188,42,MERGED50_cddc29167df62ef9,25.757575757575758,74.24242424242425,1,25.757575757575758,74.24242424242425
marslike,4189_s42,4189,42,MERGED50_cdeb5e55f9b42a2d,48.786407766990294,51.213592233009706,1,18.51851851851852,81.48148148148148
marslike,4191_s42,4191,42,MERGED50_cdfbd57f3bb21d20,59.61538461538461,40.38461538461539,1,59.61538461538461,40.38461538461539
marslike,4198_s42,4198,42,MERGED50_ce9430b3548fb97f,17.741935483870968,82.25806451612902,0,17.741935483870968,82.25806451612902
marslike,4208_s42,4208,42,MERGED50_ceee00040657071c,40.909090909090914,59.090909090909086,1,17.333333333333336,82.66666666666666
marslike,4231_s42,4231,42,MERGED50_d05dd345e17ccbad,57.57575757575758,42.42424242424242,1,19.642857142857142,80.35714285714286
marslike,4248_s42,4248,42,MERGED50_d1669aedc2240498,39.02439024390244,60.97560975609756,1,16.037735849056602,83.9622641509434
marslike,4277_s42,4277,42,MERGED50_d33811d5beca09c4,68.14159292035397,31.858407079646028,1,68.14159292035397,31.858407079646028
marslike,4307_s42,4307,42,MERGED50_d46d768da670065d,35.526315789473685,64.47368421052632,1,35.526315789473685,64.47368421052632
marslike,4338_s42,4338,42,MERGED50_d63aedec8517f781,54.51977401129944,45.48022598870056,1,18.181818181818183,81.81818181818181
marslike,4339_s42,4339,42,MERGED50_d646f7b19527e834,42.0,58.0,1,24.0,76.0
marslike,4366_s42,4366,42,MERGED50_d79dcc8b60502ff1,40.130151843817785,59.869848156182215,1,28.846153846153843,71.15384615384616
marslike,4430_s42,4430,42,MERGED50_dbd87a83d6fc84aa,24.516129032258064,75.48387096774194,1,18.30065359477124,81.69934640522877
marslike,4444_s42,4444,42,MERGED50_dcf2317213ccfe3c,48.837209302325576,51.162790697674424,1,26.666666666666668,73.33333333333333
marslike,4450_s42,4450,42,MERGED50_dd2e6125e1a265fe,36.144578313253014,63.855421686746986,1,19.27710843373494,80.72289156626506
marslike,4460_s42,4460,42,MERGED50_dd88294982766a63,52.863436123348016,47.136563876651984,1,20.0,80.0
marslike,4473_s42,4473,42,MERGED50_de3037fc7a3630e5,25.0,75.0,1,21.73913043478261,78.26086956521739
marslike,4477_s42,4477,42,MERGED50_de83bc5e0f478a3f,26.47058823529412,73.52941176470588,1,26.47058823529412,73.52941176470588
marslike,4482_s42,4482,42,MERGED50_debafa50f2edd0c3,51.66666666666667,48.33333333333333,1,28.333333333333332,71.66666666666667
marslike,4494_s42,4494,42,MERGED50_df902d078f750801,25.510204081632654,74.48979591836735,1,25.510204081632654,74.48979591836735
marslike,4504_s42,4504,42,MERGED50_e0b9c4be3893b47f,45.39325842696629,54.60674157303371,1,16.417910447761194,83.58208955223881
marslike,4519_s42,4519,42,MERGED50_e212773ad22e28b2,51.64835164835166,48.35164835164834,1,19.148936170212767,80.85106382978724
marslike,4520_s42,4520,42,MERGED50_e231cb7424a6a4cc,34.92063492063492,65.07936507936509,1,20.0,80.0
marslike,4529_s42,4529,42,MERGED50_e2efec855aee89e2,35.714285714285715,64.28571428571428,1,16.666666666666664,83.33333333333334
marslike,4550_s42,4550,42,MERGED50_e42151b516d32088,28.947368421052634,71.05263157894737,1,21.052631578947366,78.94736842105263
marslike,4555_s42,4555,42,MERGED50_e475439234c7647e,58.82352941176471,41.17647058823529,1,18.64406779661017,81.35593220338983
marslike,4576_s42,4576,42,MERGED50_e5ff27e33cc22509,30.76923076923077,69.23076923076923,1,20.192307692307693,79.8076923076923
marslike,4599_s42,4599,42,MERGED50_e77ba9164be0680a,46.017699115044245,53.982300884955755,1,18.75,81.25
marslike,4641_s42,4641,42,MERGED50_e9c1dfc7c71e4fbc,43.82022471910113,56.17977528089887,1,35.36585365853659,64.6341463414634
marslike,4650_s42,4650,42,MERGED50_ea9029ad82f47cd2,23.684210526315788,76.31578947368422,0,23.684210526315788,76.31578947368422
marslike,4685_s42,4685,42,MERGED50_ec88cbd03a7591af,48.57685009487666,51.42314990512334,1,18.333333333333332,81.66666666666667
marslike,4703_s42,4703,42,MERGED50_ed73874f8aff14ec,47.12153518123667,52.87846481876333,1,18.055555555555554,81.94444444444444
marslike,4705_s42,4705,42,MERGED50_ed83b9c72b29bec9,44.5475638051044,55.4524361948956,1,15.827338129496402,84.1726618705036
marslike,4706_s42,4706,42,MERGED50_ed883dba8938761b,42.96577946768061,57.03422053231939,1,23.28767123287671,76.7123287671233
marslike,4714_s42,4714,42,MERGED50_eddd8b84fbb094df,54.54545454545454,45.45454545454546,1,54.54545454545454,45.45454545454546
marslike,4722_s42,4722,42,MERGED50_ee9ac1679f924fe0,32.69230769230769,67.3076923076923,0,32.69230769230769,67.3076923076923
marslike,4727_s42,4727,42,MERGED50_eeab14de56108434,45.07772020725388,54.92227979274612,1,23.456790123456788,76.54320987654322
marslike,4728_s42,4728,42,MERGED50_eebe608c1dc4845c,45.182724252491695,54.817275747508305,1,23.333333333333332,76.66666666666667
marslike,4751_s42,4751,42,MERGED50_f038619a0231ba7e,44.73684210526316,55.26315789473684,1,19.736842105263158,80.26315789473685
marslike,4763_s42,4763,42,MERGED50_f13c72cd8d45ebe7,36.904761904761905,63.095238095238095,1,31.08108108108108,68.91891891891892
marslike,4795_s42,4795,42,MERGED50_f2cc0874cbb65938,30.88235294117647,69.11764705882354,1,30.88235294117647,69.11764705882354
marslike,4812_s42,4812,42,MERGED50_f43a6e20b5945044,42.67782426778243,57.32217573221757,1,21.21212121212121,78.78787878787878
marslike,4824_s42,4824,42,MERGED50_f4ee08c1c2850382,22.727272727272727,77.27272727272728,0,22.727272727272727,77.27272727272728
marslike,4826_s42,4826,42,MERGED50_f4fc13f6a35cece9,50.26178010471204,49.73821989528796,1,17.105263157894736,82.89473684210526
marslike,4828_s42,4828,42,MERGED50_f50b9fbf99080303,27.11864406779661,72.88135593220339,1,27.11864406779661,72.88135593220339
marslike,4844_s42,4844,42,MERGED50_f5fc15383ffa145c,34.84848484848485,65.15151515151516,1,34.84848484848485,65.15151515151516
marslike,4852_s42,4852,42,MERGED50_f66fbf9aead0a729,48.674698795180724,51.325301204819276,1,25.0,75.0
marslike,4868_s42,4868,42,MERGED50_f77547d110548b22,50.649350649350644,49.350649350649356,1,16.19047619047619,83.80952380952381
marslike,4878_s42,4878,42,MERGED50_f80b1bfa68a5055b,40.78947368421053,59.21052631578947,1,17.72151898734177,82.27848101265823
marslike,4882_s42,4882,42,MERGED50_f85af1cfd77fe329,18.181818181818183,81.81818181818181,0,18.181818181818183,81.81818181818181
marslike,4890_s42,4890,42,MERGED50_f8f2c16d148835db,32.038834951456316,67.96116504854368,1,22.330097087378643,77.66990291262135
marslike,4894_s42,4894,42,MERGED50_f9b2afb323193f2d,35.61643835616438,64.38356164383562,0,35.61643835616438,64.38356164383562
marslike,4906_s42,4906,42,MERGED50_faa39422296b7aca,53.52112676056338,46.47887323943662,1,16.455696202531644,83.54430379746836
marslike,4928_s42,4928,42,MERGED50_fc3b933e66dbd079,28.05194805194805,71.94805194805195,1,22.058823529411764,77.94117647058823
marslike,4935_s42,4935,42,MERGED50_fc6832bf8f311645,41.8421052631579,58.1578947368421,1,17.02127659574468,82.97872340425532
marslike,4974_s42,4974,42,MERGED50_fec23b05266c6445,38.32335329341318,61.67664670658682,1,19.718309859154928,80.28169014084507
marslike,4997_s42,4997,42,MERGED50_ffe58f76fbf1c3d1,26.153846153846157,73.84615384615384,0,26.153846153846157,73.84615384615384
marslike,4999_s42,4999,42,MERGED50_fff98652c2cd13ef,42.95774647887324,57.04225352112676,1,19.17808219178082,80.82191780821918
marslike,5003_s42,5003,42,MERGED50_00120ac4459afbdb,17.333333333333336,82.66666666666666,0,17.333333333333336,82.66666666666666
marslike,5008_s42,5008,42,MERGED50_0032c81cd7cab7ac,19.402985074626866,80.59701492537313,0,19.402985074626866,80.59701492537313
marslike,5025_s42,5025,42,MERGED50_00dde5a176ea8d7f,20.3125,79.6875,0,20.3125,79.6875
marslike,5037_s42,5037,42,MERGED50_017b6f29c6d8b633,16.923076923076923,83.07692307692308,0,16.923076923076923,83.07692307692308
marslike,5040_s42,5040,42,MERGED50_01942ab7f57ed721,17.80821917808219,82.1917808219178,0,17.80821917808219,82.1917808219178
marslike,5051_s42,5051,42,MERGED50_0230fd9b3fc7499a,20.0,80.0,0,20.0,80.0
marslike,5055_s42,5055,42,MERGED50_026479af6aa24b0c,15.384615384615385,84.61538461538461,0,15.384615384615385,84.61538461538461
marslike,5065_s42,5065,42,MERGED50_02feb0913a030592,17.073170731707318,82.92682926829268,0,17.073170731707318,82.92682926829268
marslike,5070_s42,5070,42,MERGED50_032dbc2eb5018b1c,18.84057971014493,81.15942028985506,0,18.84057971014493,81.15942028985506
marslike,5076_s42,5076,42,MERGED50_036399fc2c0cccb7,20.0,80.0,0,20.0,80.0
marslike,5080_s42,5080,42,MERGED50_03796420107aef19,61.53846153846154,38.46153846153846,0,61.53846153846154,38.46153846153846
marslike,5088_s42,5088,42,MERGED50_03c0a40f99dc781c,15.517241379310345,84.48275862068965,0,15.517241379310345,84.48275862068965
marslike,5089_s42,5089,42,MERGED50_03c2e6c187473265,25.925925925925924,74.07407407407408,0,25.925925925925924,74.07407407407408
marslike,5095_s42,5095,42,MERGED50_03db67f5ccc79c0e,14.516129032258066,85.48387096774194,0,14.516129032258066,85.48387096774194
marslike,5123_s42,5123,42,MERGED50_05a26bba040196ba,26.47058823529412,73.52941176470588,0,26.47058823529412,73.52941176470588
marslike,5131_s42,5131,42,MERGED50_05e88b6f0885c311,21.839080459770116,78.16091954022988,0,21.839080459770116,78.16091954022988
marslike,5138_s42,5138,42,MERGED50_0617e4c0228d6fb6,20.833333333333336,79.16666666666666,0,20.833333333333336,79.16666666666666
marslike,5150_s42,5150,42,MERGED50_0658641ef48a2727,16.666666666666664,83.33333333333334,0,16.666666666666664,83.33333333333334
marslike,5165_s42,5165,42,MERGED50_07072a9a4444b12d,16.666666666666664,83.33333333333334,0,16.666666666666664,83.33333333333334
marslike,5173_s42,5173,42,MERGED50_0766020e50efe4ea,18.571428571428573,81.42857142857143,0,18.571428571428573,81.42857142857143
marslike,5177_s42,5177,42,MERGED50_07a1d9c0df06e230,19.480519480519483,80.51948051948051,0,19.480519480519483,80.51948051948051
marslike,5181_s42,5181,42,MERGED50_07aec71e4d97a4d0,18.487394957983195,81.5126050420168,0,18.487394957983195,81.5126050420168
marslike,5187_s42,5187,42,MERGED50_07e99b5bc195d497,17.307692307692307,82.6923076923077,0,17.307692307692307,82.6923076923077
marslike,5197_s42,5197,42,MERGED50_08e0ff1a206018df,21.12676056338028,78.87323943661971,0,21.12676056338028,78.87323943661971
marslike,5206_s42,5206,42,MERGED50_094c5a9d4692919d,27.058823529411764,72.94117647058823,0,27.058823529411764,72.94117647058823
marslike,5214_s42,5214,42,MERGED50_09b58931be2e6dd7,52.28758169934641,47.71241830065359,0,52.28758169934641,47.71241830065359
marslike,5234_s42,5234,42,MERGED50_0a59d788503e05b0,15.068493150684931,84.93150684931507,0,15.068493150684931,84.93150684931507
marslike,5242_s42,5242,42,MERGED50_0aa1d3066901a600,18.181818181818183,81.81818181818181,0,18.181818181818183,81.81818181818181
marslike,5243_s42,5243,42,MERGED50_0aa29fbf0959eb32,17.8343949044586,82.1656050955414,0,17.8343949044586,82.1656050955414
marslike,5255_s42,5255,42,MERGED50_0b1882a8e996db17,19.736842105263158,80.26315789473685,0,19.736842105263158,80.26315789473685
marslike,5264_s42,5264,42,MERGED50_0b6344ff33e8afaf,20.833333333333336,79.16666666666666,0,20.833333333333336,79.16666666666666
marslike,5279_s42,5279,42,MERGED50_0bef9f9d0a8f8775,40.38461538461539,59.61538461538461,0,40.38461538461539,59.61538461538461
marslike,5298_s42,5298,42,MERGED50_0cf62e1ccb94abd0,15.340909090909092,84.6590909090909,0,15.340909090909092,84.6590909090909
marslike,5317_s42,5317,42,MERGED50_0de5d82f449aae02,17.24137931034483,82.75862068965517,0,17.24137931034483,82.75862068965517
marslike,5338_s42,5338,42,MERGED50_0e8e0624ad32891d,16.666666666666664,83.33333333333334,0,16.666666666666664,83.33333333333334
marslike,5339_s42,5339,42,MERGED50_0ea09acdf6f8b5d3,17.142857142857142,82.85714285714286,0,17.142857142857142,82.85714285714286
marslike,5340_s42,5340,42,MERGED50_0eaff4ebc03b683a,18.96551724137931,81.0344827586207,0,18.96551724137931,81.0344827586207
marslike,5354_s42,5354,42,MERGED50_0f8092eecccca48e,23.62204724409449,76.37795275590551,0,23.62204724409449,76.37795275590551
marslike,5373_s42,5373,42,MERGED50_1052cd8ef9c7243a,17.5,82.5,0,17.5,82.5
marslike,5380_s42,5380,42,MERGED50_10841adedd45e76e,17.1875,82.8125,0,17.1875,82.8125
marslike,5394_s42,5394,42,MERGED50_11499e85c66a4092,51.92307692307693,48.07692307692307,0,51.92307692307693,48.07692307692307
marslike,5423_s42,5423,42,MERGED50_12dd5cd19acc7e20,36.17021276595745,63.82978723404255,0,36.17021276595745,63.82978723404255
marslike,5428_s42,5428,42,MERGED50_12e93fded623c2e1,15.789473684210526,84.21052631578948,0,15.789473684210526,84.21052631578948
marslike,5438_s42,5438,42,MERGED50_135575845b910841,22.535211267605636,77.46478873239437,0,22.535211267605636,77.46478873239437
marslike,5447_s42,5447,42,MERGED50_13b18f1252e84741,24.193548387096776,75.80645161290323,0,24.193548387096776,75.80645161290323
marslike,5449_s42,5449,42,MERGED50_13bea424a5f6e1a5,21.98581560283688,78.01418439716312,0,21.98581560283688,78.01418439716312
marslike,5455_s42,5455,42,MERGED50_143fd4b2ee48536b,17.24137931034483,82.75862068965517,0,17.24137931034483,82.75862068965517
marslike,5460_s42,5460,42,MERGED50_147c853898014120,33.33333333333333,66.66666666666667,0,33.33333333333333,66.66666666666667
marslike,5461_s42,5461,42,MERGED50_147d2013d65fc512,20.535714285714285,79.46428571428572,0,20.535714285714285,79.46428571428572
marslike,5463_s42,5463,42,MERGED50_147fd6b01d85a456,16.363636363636363,83.63636363636364,0,16.363636363636363,83.63636363636364
marslike,5464_s42,5464,42,MERGED50_14801d20b7ddca47,15.730337078651685,84.26966292134831,0,15.730337078651685,84.26966292134831
marslike,5496_s42,5496,42,MERGED50_15f124865ab1bdde,19.230769230769234,80.76923076923077,0,19.230769230769234,80.76923076923077
marslike,5543_s42,5543,42,MERGED50_17b9fadb9ce7a553,18.421052631578945,81.57894736842105,0,18.421052631578945,81.57894736842105
marslike,5545_s42,5545,42,MERGED50_17cc67d2a7cdcd32,22.058823529411764,77.94117647058823,0,22.058823529411764,77.94117647058823
marslike,5550_s42,5550,42,MERGED50_17f7da5b4fd6edbd,56.470588235294116,43.529411764705884,0,56.470588235294116,43.529411764705884
marslike,5594_s42,5594,42,MERGED50_19d1d1e7a0e2637f,19.653179190751445,80.34682080924856,0,19.653179190751445,80.34682080924856
marslike,5604_s42,5604,42,MERGED50_1a871ed70368ae12,16.94915254237288,83.05084745762713,0,16.94915254237288,83.05084745762713
marslike,5605_s42,5605,42,MERGED50_1a876c5efeac5087,20.0,80.0,0,20.0,80.0
marslike,5633_s42,5633,42,MERGED50_1c30005406d38112,27.941176470588236,72.05882352941177,0,27.941176470588236,72.05882352941177
marslike,5641_s42,5641,42,MERGED50_1c74737af57a3b41,18.333333333333332,81.66666666666667,0,18.333333333333332,81.66666666666667
marslike,5653_s42,5653,42,MERGED50_1d0a2e0cfd4a49ed,19.230769230769234,80.76923076923077,0,19.230769230769234,80.76923076923077
marslike,5669_s42,5669,42,MERGED50_1d8b828b93987a54,20.689655172413794,79.3103448275862,0,20.689655172413794,79.3103448275862
marslike,5674_s42,5674,42,MERGED50_1dca57cac228f5ba,17.105263157894736,82.89473684210526,0,17.105263157894736,82.89473684210526
marslike,5697_s42,5697,42,MERGED50_1e8cd1176472ec23,15.873015873015872,84.12698412698413,0,15.873015873015872,84.12698412698413
marslike,5705_s42,5705,42,MERGED50_1f0319b34770bb4e,18.75,81.25,0,18.75,81.25
marslike,5711_s42,5711,42,MERGED50_1f5b82705668d318,25.0,75.0,0,25.0,75.0
marslike,5713_s42,5713,42,MERGED50_1f69c38cc82badcf,75.47169811320755,24.52830188679245,0,75.47169811320755,24.52830188679245
marslike,5714_s42,5714,42,MERGED50_1f72254b20f2bfd1,17.647058823529413,82.35294117647058,0,17.647058823529413,82.35294117647058
marslike,5717_s42,5717,42,MERGED50_1f774c939473b487,35.294117647058826,64.70588235294117,0,35.294117647058826,64.70588235294117
marslike,5720_s42,5720,42,MERGED50_1f91ad6122624770,15.18987341772152,84.81012658227849,0,15.18987341772152,84.81012658227849
marslike,5750_s42,5750,42,MERGED50_20eadc13a183a77b,18.64406779661017,81.35593220338983,0,18.64406779661017,81.35593220338983
marslike,5755_s42,5755,42,MERGED50_21522a91acb8d5b4,17.307692307692307,82.6923076923077,0,17.307692307692307,82.6923076923077
marslike,5821_s42,5821,42,MERGED50_23bacdc8fa9679cf,16.43835616438356,83.56164383561644,0,16.43835616438356,83.56164383561644
marslike,5826_s42,5826,42,MERGED50_2406f5f5cee4d0e3,28.368794326241137,71.63120567375887,0,28.368794326241137,71.63120567375887
marslike,5827_s42,5827,42,MERGED50_241513ee4f2a5141,20.0,80.0,0,20.0,80.0
marslike,5842_s42,5842,42,MERGED50_24bd4658575e2d5f,34.61538461538461,65.38461538461539,0,34.61538461538461,65.38461538461539
marslike,5843_s42,5843,42,MERGED50_24c7a53a67519e41,27.631578947368425,72.36842105263158,0,27.631578947368425,72.36842105263158
marslike,5844_s42,5844,42,MERGED50_24cfd77c882e4386,14.782608695652174,85.21739130434783,0,14.782608695652174,85.21739130434783
marslike,5865_s42,5865,42,MERGED50_2585ac52fd7648cb,19.718309859154928,80.28169014084507,0,19.718309859154928,80.28169014084507
marslike,5873_s42,5873,42,MERGED50_25ec6356e1075dd9,16.129032258064516,83.87096774193549,0,16.129032258064516,83.87096774193549
marslike,5874_s42,5874,42,MERGED50_25fb5ac1b1f5982d,20.652173913043477,79.34782608695653,0,20.652173913043477,79.34782608695653
marslike,5876_s42,5876,42,MERGED50_261269a44bdb5e4e,21.052631578947366,78.94736842105263,0,21.052631578947366,78.94736842105263
marslike,5877_s42,5877,42,MERGED50_26245ee18911017f,18.96551724137931,81.0344827586207,0,18.96551724137931,81.0344827586207
marslike,5904_s42,5904,42,MERGED50_275d875a20c2086e,36.45569620253165,63.54430379746835,0,36.45569620253165,63.54430379746835
marslike,5937_s42,5937,42,MERGED50_28cc2c2954f1f9af,18.421052631578945,81.57894736842105,0,18.421052631578945,81.57894736842105
marslike,5963_s42,5963,42,MERGED50_29b73def492c9f44,20.754716981132077,79.24528301886792,0,20.754716981132077,79.24528301886792
marslike,5965_s42,5965,42,MERGED50_29dec82371754969,18.0327868852459,81.9672131147541,0,18.0327868852459,81.9672131147541
marslike,5966_s42,5966,42,MERGED50_29e894be39de3ccc,15.517241379310345,84.48275862068965,0,15.517241379310345,84.48275862068965
marslike,5967_s42,5967,42,MERGED50_29f3849fa5c83b6b,26.027397260273972,73.97260273972603,0,26.027397260273972,73.97260273972603
marslike,5988_s42,5988,42,MERGED50_2ac5902fdbf7595a,15.625,84.375,0,15.625,84.375
marslike,5991_s42,5991,42,MERGED50_2af00ba0a63b54c7,24.731182795698924,75.26881720430107,0,24.731182795698924,75.26881720430107
marslike,6013_s42,6013,42,MERGED50_2bf87492134fc0dc,23.728813559322035,76.27118644067797,0,23.728813559322035,76.27118644067797
marslike,6030_s42,6030,42,MERGED50_2ca9303b4c59fbe3,18.333333333333332,81.66666666666667,0,18.333333333333332,81.66666666666667
marslike,6037_s42,6037,42,MERGED50_2d02571f78bd5b1f,19.298245614035086,80.70175438596492,0,19.298245614035086,80.70175438596492
marslike,6038_s42,6038,42,MERGED50_2d082ed9eda7ac7c,14.685314685314685,85.31468531468532,0,14.685314685314685,85.31468531468532
marslike,6075_s42,6075,42,MERGED50_2edca9e118ffb9d8,27.160493827160494,72.8395061728395,0,27.160493827160494,72.8395061728395
marslike,6080_s42,6080,42,MERGED50_2f3e2ccaa26b49c8,26.666666666666668,73.33333333333333,0,26.666666666666668,73.33333333333333
marslike,6086_s42,6086,42,MERGED50_2f886770df068b4e,24.137931034482758,75.86206896551724,0,24.137931034482758,75.86206896551724
marslike,6087_s42,6087,42,MERGED50_2f9586f2a5b11d8a,34.61538461538461,65.38461538461539,0,34.61538461538461,65.38461538461539
marslike,6103_s42,6103,42,MERGED50_30bfcb889780830f,16.363636363636363,83.63636363636364,0,16.363636363636363,83.63636363636364
marslike,6104_s42,6104,42,MERGED50_30c34d730d4ccf94,25.352112676056336,74.64788732394366,0,25.352112676056336,74.64788732394366
marslike,6116_s42,6116,42,MERGED50_313ca9ab59e17c8f,51.533742331288344,48.466257668711656,0,51.533742331288344,48.466257668711656
marslike,6181_s42,6181,42,MERGED50_33e35be905d9378c,26.881720430107524,73.11827956989248,0,26.881720430107524,73.11827956989248
marslike,6182_s42,6182,42,MERGED50_33e51a073473041f,20.0,80.0,0,20.0,80.0
marslike,6193_s42,6193,42,MERGED50_3474136b0bf6193e,20.0,80.0,0,20.0,80.0
marslike,6194_s42,6194,42,MERGED50_347cd78b861b17af,23.214285714285715,76.78571428571428,0,23.214285714285715,76.78571428571428
marslike,6204_s42,6204,42,MERGED50_3503dae89ca3dfce,29.411764705882355,70.58823529411765,0,29.411764705882355,70.58823529411765
marslike,6207_s42,6207,42,MERGED50_35122db13fdb8b07,20.27027027027027,79.72972972972973,0,20.27027027027027,79.72972972972973
marslike,6209_s42,6209,42,MERGED50_3520584afc8a33ad,17.28395061728395,82.71604938271605,0,17.28395061728395,82.71604938271605
marslike,6212_s42,6212,42,MERGED50_353562fb552e0292,22.413793103448278,77.58620689655172,0,22.413793103448278,77.58620689655172
marslike,6214_s42,6214,42,MERGED50_35410a764aa25a8b,32.608695652173914,67.3913043478261,0,32.608695652173914,67.3913043478261
marslike,6231_s42,6231,42,MERGED50_362608d0e96165c5,19.230769230769234,80.76923076923077,0,19.230769230769234,80.76923076923077
marslike,6264_s42,6264,42,MERGED50_37e7309400ab7fbf,18.96551724137931,81.0344827586207,0,18.96551724137931,81.0344827586207
marslike,6273_s42,6273,42,MERGED50_38192c92ace9c2b2,22.58064516129032,77.41935483870968,0,22.58064516129032,77.41935483870968
marslike,6310_s42,6310,42,MERGED50_3a48efc48adf6791,16.071428571428573,83.92857142857143,0,16.071428571428573,83.92857142857143
marslike,6322_s42,6322,42,MERGED50_3aee623fb946d49c,17.05426356589147,82.94573643410853,0,17.05426356589147,82.94573643410853
marslike,6324_s42,6324,42,MERGED50_3af9c2daf4a97a07,16.25,83.75,0,16.25,83.75
marslike,6335_s42,6335,42,MERGED50_3b8bb8db14e2c466,21.875,78.125,0,21.875,78.125
marslike,6355_s42,6355,42,MERGED50_3c864b0b094bc09e,45.588235294117645,54.411764705882355,0,45.588235294117645,54.411764705882355
marslike,6380_s42,6380,42,MERGED50_3db50175a26d1f53,18.30985915492958,81.69014084507042,0,18.30985915492958,81.69014084507042
marslike,6388_s42,6388,42,MERGED50_3e0f29729006fdc8,18.478260869565215,81.52173913043478,0,18.478260869565215,81.52173913043478
marslike,6394_s42,6394,42,MERGED50_3e31db176008bf4f,32.35294117647059,67.64705882352942,0,32.35294117647059,67.64705882352942
marslike,6413_s42,6413,42,MERGED50_3f23cbc1acbf3202,15.0,85.0,0,15.0,85.0
marslike,6422_s42,6422,42,MERGED50_3fc4275573c5146c,17.5,82.5,0,17.5,82.5
marslike,6431_s42,6431,42,MERGED50_406189f9b8104f91,55.769230769230774,44.230769230769226,0,55.769230769230774,44.230769230769226
marslike,6442_s42,6442,42,MERGED50_40fdd5d893e97c5a,18.9873417721519,81.0126582278481,0,18.9873417721519,81.0126582278481
marslike,6468_s42,6468,42,MERGED50_424da7730788ae77,27.631578947368425,72.36842105263158,0,27.631578947368425,72.36842105263158
marslike,6473_s42,6473,42,MERGED50_42a2fac0542f7e06,15.909090909090908,84.0909090909091,0,15.909090909090908,84.0909090909091
marslike,6474_s42,6474,42,MERGED50_42a55d455ae1cf3c,16.129032258064516,83.87096774193549,0,16.129032258064516,83.87096774193549
marslike,6482_s42,6482,42,MERGED50_42e695e93eac8e17,28.000000000000004,72.0,0,28.000000000000004,72.0
marslike,6488_s42,6488,42,MERGED50_42fccac0c21ef9ac,18.333333333333332,81.66666666666667,0,18.333333333333332,81.66666666666667
marslike,6506_s42,6506,42,MERGED50_43ccc70d8f307649,20.33898305084746,79.66101694915254,0,20.33898305084746,79.66101694915254
marslike,6514_s42,6514,42,MERGED50_4418dd3863583116,15.384615384615385,84.61538461538461,0,15.384615384615385,84.61538461538461
marslike,6520_s42,6520,42,MERGED50_445790f1b653abfb,51.92307692307693,48.07692307692307,0,51.92307692307693,48.07692307692307
marslike,6525_s42,6525,42,MERGED50_449a20f91c933e1f,36.986301369863014,63.013698630136986,0,36.986301369863014,63.013698630136986
marslike,6539_s42,6539,42,MERGED50_45027739af12f05f,16.129032258064516,83.87096774193549,0,16.129032258064516,83.87096774193549
marslike,6553_s42,6553,42,MERGED50_45a6672b71c24464,16.129032258064516,83.87096774193549,0,16.129032258064516,83.87096774193549
marslike,6562_s42,6562,42,MERGED50_4630aadbf92ba041,50.326797385620914,49.673202614379086,0,50.326797385620914,49.673202614379086
marslike,6591_s42,6591,42,MERGED50_47d6ad19027377fc,18.181818181818183,81.81818181818181,0,18.181818181818183,81.81818181818181
marslike,6612_s42,6612,42,MERGED50_48d5cb95348a563c,23.333333333333332,76.66666666666667,0,23.333333333333332,76.66666666666667
marslike,6620_s42,6620,42,MERGED50_48f847157815479d,27.522935779816514,72.47706422018348,0,27.522935779816514,72.47706422018348
marslike,6629_s42,6629,42,MERGED50_4945f493e4a8fba9,26.666666666666668,73.33333333333333,0,26.666666666666668,73.33333333333333
marslike,6642_s42,6642,42,MERGED50_49c30e1f114f8f32,38.23529411764706,61.76470588235294,0,38.23529411764706,61.76470588235294
marslike,6649_s42,6649,42,MERGED50_4a15fafd501860ab,20.0,80.0,0,20.0,80.0
marslike,6652_s42,6652,42,MERGED50_4a6d34cdbd9b0264,23.563218390804597,76.4367816091954,0,23.563218390804597,76.4367816091954
marslike,6665_s42,6665,42,MERGED50_4b22e024e8c209ad,21.153846153846153,78.84615384615384,0,21.153846153846153,78.84615384615384
marslike,6666_s42,6666,42,MERGED50_4b2375a288029e4f,17.5,82.5,0,17.5,82.5
marslike,6673_s42,6673,42,MERGED50_4b623b2300f207ed,31.818181818181817,68.18181818181819,0,31.818181818181817,68.18181818181819
marslike,6676_s42,6676,42,MERGED50_4b84e2abf6d565e2,17.647058823529413,82.35294117647058,0,17.647058823529413,82.35294117647058
marslike,6689_s42,6689,42,MERGED50_4c0e7b28838a602e,17.142857142857142,82.85714285714286,0,17.142857142857142,82.85714285714286
marslike,6723_s42,6723,42,MERGED50_4d7d24b19f3a3629,15.873015873015872,84.12698412698413,0,15.873015873015872,84.12698412698413
marslike,6743_s42,6743,42,MERGED50_4ea6a62082f36318,38.23529411764706,61.76470588235294,0,38.23529411764706,61.76470588235294
marslike,6745_s42,6745,42,MERGED50_4eb1f8533467fad1,29.411764705882355,70.58823529411765,0,29.411764705882355,70.58823529411765
marslike,6766_s42,6766,42,MERGED50_4fb0d99db340f941,36.76470588235294,63.23529411764706,0,36.76470588235294,63.23529411764706
marslike,6770_s42,6770,42,MERGED50_502f987829931ca6,26.595744680851062,73.40425531914894,0,26.595744680851062,73.40425531914894
marslike,6803_s42,6803,42,MERGED50_51f742b8a67d12cd,16.94915254237288,83.05084745762713,0,16.94915254237288,83.05084745762713
marslike,6819_s42,6819,42,MERGED50_52b7b17881927c93,23.333333333333332,76.66666666666667,0,23.333333333333332,76.66666666666667
marslike,6837_s42,6837,42,MERGED50_53b7bd02baf2cc90,18.269230769230766,81.73076923076923,0,18.269230769230766,81.73076923076923
marslike,6849_s42,6849,42,MERGED50_540cd867937420f9,20.33898305084746,79.66101694915254,0,20.33898305084746,79.66101694915254
marslike,6855_s42,6855,42,MERGED50_547c588dfc5a3a81,23.762376237623762,76.23762376237624,0,23.762376237623762,76.23762376237624
marslike,6880_s42,6880,42,MERGED50_5570b1208b43496e,16.216216216216218,83.78378378378378,0,16.216216216216218,83.78378378378378
marslike,6895_s42,6895,42,MERGED50_56378e4b0fd3b846,18.75,81.25,0,18.75,81.25
marslike,6898_s42,6898,42,MERGED50_565ea2dd8f94565e,16.923076923076923,83.07692307692308,0,16.923076923076923,83.07692307692308
marslike,6903_s42,6903,42,MERGED50_56852301d26697d3,37.5,62.5,0,37.5,62.5
marslike,6908_s42,6908,42,MERGED50_56bfd61144d2abb2,20.0,80.0,0,20.0,80.0
marslike,6951_s42,6951,42,MERGED50_59114f30f3d097ae,43.93939393939394,56.06060606060606,0,43.93939393939394,56.06060606060606
marslike,6953_s42,6953,42,MERGED50_5924e83f975f76be,22.35294117647059,77.6470588235294,0,22.35294117647059,77.6470588235294
marslike,6954_s42,6954,42,MERGED50_5929ffb9c60a4412,18.64406779661017,81.35593220338983,0,18.64406779661017,81.35593220338983
marslike,6963_s42,6963,42,MERGED50_599e6e55f940e1ce,19.19191919191919,80.8080808080808,0,19.19191919191919,80.8080808080808
marslike,6975_s42,6975,42,MERGED50_5a380ea2c0115c7d,32.69230769230769,67.3076923076923,0,32.69230769230769,67.3076923076923
marslike,6978_s42,6978,42,MERGED50_5a48ae31dc66492a,19.696969696969695,80.30303030303031,0,19.696969696969695,80.30303030303031
marslike,7001_s42,7001,42,MERGED50_5b49db4343a21100,18.39080459770115,81.60919540229885,0,18.39080459770115,81.60919540229885
marslike,7003_s42,7003,42,MERGED50_5b5708e1f2afd667,21.176470588235293,78.82352941176471,0,21.176470588235293,78.82352941176471
marslike,7027_s42,7027,42,MERGED50_5c933189d3e164a0,16.455696202531644,83.54430379746836,0,16.455696202531644,83.54430379746836
marslike,7040_s42,7040,42,MERGED50_5d3d09336641f19d,18.439716312056735,81.56028368794327,0,18.439716312056735,81.56028368794327
marslike,7044_s42,7044,42,MERGED50_5d5f19f626fc706e,17.80821917808219,82.1917808219178,0,17.80821917808219,82.1917808219178
marslike,7048_s42,7048,42,MERGED50_5daa2035440006a5,23.076923076923077,76.92307692307692,0,23.076923076923077,76.92307692307692
marslike,7050_s42,7050,42,MERGED50_5dc5453d8984c5c4,23.91304347826087,76.08695652173913,0,23.91304347826087,76.08695652173913
marslike,7065_s42,7065,42,MERGED50_5ed18bdf49919fa5,15.625,84.375,0,15.625,84.375
marslike,7070_s42,7070,42,MERGED50_5ed9ed1beea0f58f,14.516129032258066,85.48387096774194,0,14.516129032258066,85.48387096774194
marslike,7071_s42,7071,42,MERGED50_5eee18b240a0f0a7,19.11764705882353,80.88235294117646,0,19.11764705882353,80.88235294117646
marslike,7095_s42,7095,42,MERGED50_602d43cdb00455f8,29.577464788732392,70.42253521126761,0,29.577464788732392,70.42253521126761
marslike,7097_s42,7097,42,MERGED50_6045ba847e8f846b,14.801444043321299,85.1985559566787,0,14.801444043321299,85.1985559566787
marslike,7122_s42,7122,42,MERGED50_617bb484c96256b2,27.941176470588236,72.05882352941177,0,27.941176470588236,72.05882352941177
marslike,7133_s42,7133,42,MERGED50_6217b8cd30fde9df,18.333333333333332,81.66666666666667,0,18.333333333333332,81.66666666666667
marslike,7135_s42,7135,42,MERGED50_6233950c887b15a7,19.753086419753085,80.24691358024691,0,19.753086419753085,80.24691358024691
marslike,7150_s42,7150,42,MERGED50_62987481b2dadf06,17.59259259259259,82.4074074074074,0,17.59259259259259,82.4074074074074
marslike,7152_s42,7152,42,MERGED50_62a357caa46df845,23.684210526315788,76.31578947368422,0,23.684210526315788,76.31578947368422
marslike,7160_s42,7160,42,MERGED50_6327114bd07f720f,16.52173913043478,83.47826086956522,0,16.52173913043478,83.47826086956522
marslike,7168_s42,7168,42,MERGED50_6395254a5bd5dd2c,17.307692307692307,82.6923076923077,0,17.307692307692307,82.6923076923077
marslike,7183_s42,7183,42,MERGED50_64705ba38e0b51dc,36.76470588235294,63.23529411764706,0,36.76470588235294,63.23529411764706
marslike,7195_s42,7195,42,MERGED50_650351c2cd5cf77e,23.387096774193548,76.61290322580645,0,23.387096774193548,76.61290322580645
marslike,7197_s42,7197,42,MERGED50_653ec4763eb412a1,25.0,75.0,0,25.0,75.0
marslike,7217_s42,7217,42,MERGED50_667588968c252136,18.64406779661017,81.35593220338983,0,18.64406779661017,81.35593220338983
marslike,7231_s42,7231,42,MERGED50_670837b20e477e02,25.0,75.0,0,25.0,75.0
marslike,7245_s42,7245,42,MERGED50_67e3868529881018,16.923076923076923,83.07692307692308,0,16.923076923076923,83.07692307692308
marslike,7251_s42,7251,42,MERGED50_68107caeadec6b78,20.0,80.0,0,20.0,80.0
marslike,7264_s42,7264,42,MERGED50_687d778af8239675,28.160919540229884,71.83908045977012,0,28.160919540229884,71.83908045977012
marslike,7266_s42,7266,42,MERGED50_688a4dcbcc054990,17.46031746031746,82.53968253968254,0,17.46031746031746,82.53968253968254
marslike,7271_s42,7271,42,MERGED50_68adbd18b7bdddc3,34.61538461538461,65.38461538461539,0,34.61538461538461,65.38461538461539
marslike,7278_s42,7278,42,MERGED50_68e4391f76a4dbba,18.421052631578945,81.57894736842105,0,18.421052631578945,81.57894736842105
marslike,7281_s42,7281,42,MERGED50_691bacb9ea513afd,17.1875,82.8125,0,17.1875,82.8125
marslike,7285_s42,7285,42,MERGED50_693c7383e2ed59d2,21.153846153846153,78.84615384615384,0,21.153846153846153,78.84615384615384
marslike,7290_s42,7290,42,MERGED50_69bc4be0ac8090b0,21.568627450980394,78.43137254901961,0,21.568627450980394,78.43137254901961
marslike,7362_s42,7362,42,MERGED50_6ceed98535a68f5a,18.666666666666668,81.33333333333333,0,18.666666666666668,81.33333333333333
marslike,7373_s42,7373,42,MERGED50_6dc87f44a6391753,17.741935483870968,82.25806451612902,0,17.741935483870968,82.25806451612902
marslike,7420_s42,7420,42,MERGED50_6fddf71bc6160f79,20.224719101123593,79.7752808988764,0,20.224719101123593,79.7752808988764
marslike,7444_s42,7444,42,MERGED50_70c22da27e20837f,17.741935483870968,82.25806451612902,0,17.741935483870968,82.25806451612902
marslike,7463_s42,7463,42,MERGED50_71a1363a3456661b,16.129032258064516,83.87096774193549,0,16.129032258064516,83.87096774193549
marslike,7467_s42,7467,42,MERGED50_71e3a68e00110edb,15.384615384615385,84.61538461538461,0,15.384615384615385,84.61538461538461
marslike,7468_s42,7468,42,MERGED50_71ed034ebd45def7,16.923076923076923,83.07692307692308,0,16.923076923076923,83.07692307692308
marslike,7484_s42,7484,42,MERGED50_72fb0801591bf5f6,16.666666666666664,83.33333333333334,0,16.666666666666664,83.33333333333334
marslike,7492_s42,7492,42,MERGED50_738592fe12ebcde7,16.94915254237288,83.05084745762713,0,16.94915254237288,83.05084745762713
marslike,7524_s42,7524,42,MERGED50_757bc35b61884136,27.956989247311824,72.04301075268818,0,27.956989247311824,72.04301075268818
marslike,7533_s42,7533,42,MERGED50_76101e0935b3e9dc,17.142857142857142,82.85714285714286,0,17.142857142857142,82.85714285714286
marslike,7535_s42,7535,42,MERGED50_7631dcb152249a13,15.238095238095239,84.76190476190476,0,15.238095238095239,84.76190476190476
marslike,7537_s42,7537,42,MERGED50_76450eb06c0e04de,25.675675675675674,74.32432432432432,0,25.675675675675674,74.32432432432432
marslike,7601_s42,7601,42,MERGED50_792761051a6a7016,33.82352941176471,66.17647058823529,0,33.82352941176471,66.17647058823529
marslike,7604_s42,7604,42,MERGED50_796058c50cdd798b,31.818181818181817,68.18181818181819,0,31.818181818181817,68.18181818181819
marslike,7617_s42,7617,42,MERGED50_7a27fb29c8fc28f4,24.242424242424242,75.75757575757575,0,24.242424242424242,75.75757575757575
marslike,7636_s42,7636,42,MERGED50_7ae8117e5c09f5d5,30.88235294117647,69.11764705882354,0,30.88235294117647,69.11764705882354
marslike,7642_s42,7642,42,MERGED50_7b215ecb59372f4f,22.22222222222222,77.77777777777777,0,22.22222222222222,77.77777777777777
marslike,7663_s42,7663,42,MERGED50_7c264343daf69541,20.33898305084746,79.66101694915254,0,20.33898305084746,79.66101694915254
marslike,7675_s42,7675,42,MERGED50_7cd35cd8469747a8,17.333333333333336,82.66666666666666,0,17.333333333333336,82.66666666666666
marslike,7697_s42,7697,42,MERGED50_7e1088e5dd6400c0,16.363636363636363,83.63636363636364,0,16.363636363636363,83.63636363636364
marslike,7699_s42,7699,42,MERGED50_7e1e8b4f51632d8a,32.098765432098766,67.90123456790124,0,32.098765432098766,67.90123456790124
marslike,7703_s42,7703,42,MERGED50_7e64d80f4c1965e8,16.129032258064516,83.87096774193549,0,16.129032258064516,83.87096774193549
marslike,7718_s42,7718,42,MERGED50_7f0b1833a7c62c70,16.94915254237288,83.05084745762713,0,16.94915254237288,83.05084745762713
marslike,7744_s42,7744,42,MERGED50_807af3a929116495,17.647058823529413,82.35294117647058,0,17.647058823529413,82.35294117647058
marslike,7756_s42,7756,42,MERGED50_81660d5bbb003085,18.421052631578945,81.57894736842105,0,18.421052631578945,81.57894736842105
marslike,7762_s42,7762,42,MERGED50_81b111db32052843,21.50537634408602,78.49462365591398,0,21.50537634408602,78.49462365591398
marslike,7764_s42,7764,42,MERGED50_81d552e81785d800,23.333333333333332,76.66666666666667,0,23.333333333333332,76.66666666666667
marslike,7770_s42,7770,42,MERGED50_820af6778d4c0366,13.846153846153847,86.15384615384616,0,13.846153846153847,86.15384615384616
marslike,7778_s42,7778,42,MERGED50_8282e6286e5c3eed,20.0,80.0,0,20.0,80.0
marslike,7809_s42,7809,42,MERGED50_83e23b10dbd3a1f3,17.142857142857142,82.85714285714286,0,17.142857142857142,82.85714285714286
marslike,7820_s42,7820,42,MERGED50_8463230c021d95d3,23.39901477832512,76.60098522167488,0,23.39901477832512,76.60098522167488
marslike,7826_s42,7826,42,MERGED50_84b277248a067373,42.35294117647059,57.64705882352941,0,42.35294117647059,57.64705882352941
marslike,7836_s42,7836,42,MERGED50_853adea422a44ba5,36.76470588235294,63.23529411764706,0,36.76470588235294,63.23529411764706
marslike,7869_s42,7869,42,MERGED50_86ae169b7b52fcd1,29.230769230769234,70.76923076923077,0,29.230769230769234,70.76923076923077
marslike,7881_s42,7881,42,MERGED50_87094864b44257cd,16.8141592920354,83.1858407079646,0,16.8141592920354,83.1858407079646
marslike,7889_s42,7889,42,MERGED50_8768884a0bfc7e30,22.82608695652174,77.17391304347827,0,22.82608695652174,77.17391304347827
marslike,7919_s42,7919,42,MERGED50_89383972ddbd216a,22.36842105263158,77.63157894736842,0,22.36842105263158,77.63157894736842
marslike,7921_s42,7921,42,MERGED50_894a7d82b06c2831,22.033898305084744,77.96610169491525,0,22.033898305084744,77.96610169491525
marslike,7963_s42,7963,42,MERGED50_8afe67123d8d710b,14.492753623188406,85.5072463768116,0,14.492753623188406,85.5072463768116
marslike,7970_s42,7970,42,MERGED50_8b2b0addede766ea,24.324324324324326,75.67567567567568,0,24.324324324324326,75.67567567567568
marslike,7978_s42,7978,42,MERGED50_8b9ead7c98bfbcdc,17.647058823529413,82.35294117647058,0,17.647058823529413,82.35294117647058
marslike,8004_s42,8004,42,MERGED50_8d0cde9700bb9d80,17.647058823529413,82.35294117647058,0,17.647058823529413,82.35294117647058
marslike,8013_s42,8013,42,MERGED50_8db6ec1218a81b50,17.475728155339805,82.52427184466019,0,17.475728155339805,82.52427184466019
marslike,8031_s42,8031,42,MERGED50_8e8250e4f4eac3cf,16.216216216216218,83.78378378378378,0,16.216216216216218,83.78378378378378
marslike,8052_s42,8052,42,MERGED50_8fe3812776a8f0c2,23.076923076923077,76.92307692307692,0,23.076923076923077,76.92307692307692
marslike,8074_s42,8074,42,MERGED50_913f3e7d0e904399,16.93548387096774,83.06451612903226,0,16.93548387096774,83.06451612903226
marslike,8080_s42,8080,42,MERGED50_91a52be43566572f,69.04761904761905,30.95238095238095,0,69.04761904761905,30.95238095238095
marslike,8098_s42,8098,42,MERGED50_92bca6b9cbd3178f,22.36842105263158,77.63157894736842,0,22.36842105263158,77.63157894736842
marslike,8101_s42,8101,42,MERGED50_92dbf8199154c75c,17.647058823529413,82.35294117647058,0,17.647058823529413,82.35294117647058
marslike,8135_s42,8135,42,MERGED50_95109eb655c7b38d,17.391304347826086,82.6086956521739,0,17.391304347826086,82.6086956521739
marslike,8142_s42,8142,42,MERGED50_955b91b268c974aa,33.80281690140845,66.19718309859155,0,33.80281690140845,66.19718309859155
marslike,8183_s42,8183,42,MERGED50_97eea6d24965e0f3,17.5,82.5,0,17.5,82.5
marslike,8221_s42,8221,42,MERGED50_9a1bf0d71b788b9b,20.588235294117645,79.41176470588235,0,20.588235294117645,79.41176470588235
marslike,8223_s42,8223,42,MERGED50_9a448a7728042d21,19.51219512195122,80.48780487804878,0,19.51219512195122,80.48780487804878
marslike,8254_s42,8254,42,MERGED50_9bfed2b441cce599,23.076923076923077,76.92307692307692,0,23.076923076923077,76.92307692307692
marslike,8264_s42,8264,42,MERGED50_9ca8e6b4eeb622c6,22.807017543859647,77.19298245614036,0,22.807017543859647,77.19298245614036
marslike,8331_s42,8331,42,MERGED50_a051dcf0f9fab1c9,17.073170731707318,82.92682926829268,0,17.073170731707318,82.92682926829268
marslike,8352_s42,8352,42,MERGED50_a18cfcc082ea880e,34.61538461538461,65.38461538461539,0,34.61538461538461,65.38461538461539
marslike,8362_s42,8362,42,MERGED50_a1efcdd0378689ba,19.230769230769234,80.76923076923077,0,19.230769230769234,80.76923076923077
marslike,8392_s42,8392,42,MERGED50_a3497c1ad265182a,24.096385542168676,75.90361445783132,0,24.096385542168676,75.90361445783132
marslike,8394_s42,8394,42,MERGED50_a355c8c9a89a7d47,18.939393939393938,81.06060606060606,0,18.939393939393938,81.06060606060606
marslike,8419_s42,8419,42,MERGED50_a4ae209f73527935,19.35483870967742,80.64516129032258,0,19.35483870967742,80.64516129032258
marslike,8426_s42,8426,42,MERGED50_a4fdcf76b2258dda,21.73913043478261,78.26086956521739,0,21.73913043478261,78.26086956521739
marslike,8438_s42,8438,42,MERGED50_a5d1f4859fe708c9,27.027027027027028,72.97297297297297,0,27.027027027027028,72.97297297297297
marslike,8440_s42,8440,42,MERGED50_a5f91fce1b37a666,19.130434782608695,80.86956521739131,0,19.130434782608695,80.86956521739131
marslike,8478_s42,8478,42,MERGED50_a7feed9247259c87,21.839080459770116,78.16091954022988,0,21.839080459770116,78.16091954022988
marslike,8508_s42,8508,42,MERGED50_a9b948fe856ca247,16.417910447761194,83.58208955223881,0,16.417910447761194,83.58208955223881
marslike,8511_s42,8511,42,MERGED50_a9f80a7379d0f7da,16.129032258064516,83.87096774193549,0,16.129032258064516,83.87096774193549
marslike,8516_s42,8516,42,MERGED50_aa344f33ace3be05,17.80821917808219,82.1917808219178,0,17.80821917808219,82.1917808219178
marslike,8546_s42,8546,42,MERGED50_abd0a692e32fbdf1,17.105263157894736,82.89473684210526,0,17.105263157894736,82.89473684210526
marslike,8564_s42,8564,42,MERGED50_acdefa8bd992b916,25.185185185185183,74.81481481481481,0,25.185185185185183,74.81481481481481
marslike,8588_s42,8588,42,MERGED50_adc671cb4ae7d186,21.153846153846153,78.84615384615384,0,21.153846153846153,78.84615384615384
marslike,8597_s42,8597,42,MERGED50_ae165094ff8651d8,18.9873417721519,81.0126582278481,0,18.9873417721519,81.0126582278481
marslike,8632_s42,8632,42,MERGED50_b00b701c8f32ad16,20.689655172413794,79.3103448275862,0,20.689655172413794,79.3103448275862
marslike,8659_s42,8659,42,MERGED50_b18dab0af958cfaf,26.47058823529412,73.52941176470588,0,26.47058823529412,73.52941176470588
marslike,8664_s42,8664,42,MERGED50_b2040b146ebdabc6,20.54794520547945,79.45205479452055,0,20.54794520547945,79.45205479452055
marslike,8665_s42,8665,42,MERGED50_b212850ac5de770b,17.741935483870968,82.25806451612902,0,17.741935483870968,82.25806451612902
marslike,8669_s42,8669,42,MERGED50_b229d1eacbfd10b6,20.0,80.0,0,20.0,80.0
marslike,8694_s42,8694,42,MERGED50_b3a497d1d26020d6,18.823529411764707,81.17647058823529,0,18.823529411764707,81.17647058823529
marslike,8695_s42,8695,42,MERGED50_b3a4cfe045fd9989,37.64705882352941,62.35294117647059,0,37.64705882352941,62.35294117647059
marslike,8698_s42,8698,42,MERGED50_b3bb65adfff9daf2,18.64406779661017,81.35593220338983,0,18.64406779661017,81.35593220338983
marslike,8700_s42,8700,42,MERGED50_b3f321e22f11cc82,20.689655172413794,79.3103448275862,0,20.689655172413794,79.3103448275862
marslike,8736_s42,8736,42,MERGED50_b65df610d68c155a,16.793893129770993,83.20610687022901,0,16.793893129770993,83.20610687022901
marslike,8741_s42,8741,42,MERGED50_b68c819689991a27,16.867469879518072,83.13253012048193,0,16.867469879518072,83.13253012048193
marslike,8744_s42,8744,42,MERGED50_b6c816da2427cc90,23.295454545454543,76.70454545454545,0,23.295454545454543,76.70454545454545
marslike,8766_s42,8766,42,MERGED50_b7f531bb4562b6f2,16.901408450704224,83.09859154929578,0,16.901408450704224,83.09859154929578
marslike,8779_s42,8779,42,MERGED50_b88dc71c6f194efe,22.68041237113402,77.31958762886597,0,22.68041237113402,77.31958762886597
marslike,8789_s42,8789,42,MERGED50_b8f528c570ea3221,19.767441860465116,80.23255813953489,0,19.767441860465116,80.23255813953489
marslike,8797_s42,8797,42,MERGED50_b982b3f10d07a74c,33.56164383561644,66.43835616438356,0,33.56164383561644,66.43835616438356
marslike,8798_s42,8798,42,MERGED50_b997d79f0089e50e,14.666666666666666,85.33333333333333,0,14.666666666666666,85.33333333333333
marslike,8801_s42,8801,42,MERGED50_b9d3d77689ac3e1d,16.883116883116884,83.11688311688312,0,16.883116883116884,83.11688311688312
marslike,8814_s42,8814,42,MERGED50_baba6c2d80cf30c9,17.24137931034483,82.75862068965517,0,17.24137931034483,82.75862068965517
marslike,8834_s42,8834,42,MERGED50_bba3f551db7bd43f,17.105263157894736,82.89473684210526,0,17.105263157894736,82.89473684210526
marslike,8835_s42,8835,42,MERGED50_bba8cc2d5bd0c168,20.33898305084746,79.66101694915254,0,20.33898305084746,79.66101694915254
marslike,8871_s42,8871,42,MERGED50_be49b65299ff58dd,17.647058823529413,82.35294117647058,0,17.647058823529413,82.35294117647058
marslike,8873_s42,8873,42,MERGED50_be5633b63643cb1f,17.105263157894736,82.89473684210526,0,17.105263157894736,82.89473684210526
marslike,8905_s42,8905,42,MERGED50_bfd95b10d1db27b9,46.15384615384615,53.84615384615385,0,46.15384615384615,53.84615384615385
marslike,8910_s42,8910,42,MERGED50_c02074ae8af28040,17.97752808988764,82.02247191011236,0,17.97752808988764,82.02247191011236
marslike,8930_s42,8930,42,MERGED50_c16cf7f3af0975de,14.912280701754385,85.08771929824562,0,14.912280701754385,85.08771929824562
marslike,8942_s42,8942,42,MERGED50_c23d0fea52a85c1b,34.40860215053764,65.59139784946237,0,34.40860215053764,65.59139784946237
marslike,8944_s42,8944,42,MERGED50_c2586afb51a5a52c,63.02521008403361,36.97478991596639,0,63.02521008403361,36.97478991596639
marslike,8956_s42,8956,42,MERGED50_c2bf06b38a154f21,23.076923076923077,76.92307692307692,0,23.076923076923077,76.92307692307692
marslike,8961_s42,8961,42,MERGED50_c329bce2d0e4b295,18.571428571428573,81.42857142857143,0,18.571428571428573,81.42857142857143
marslike,8964_s42,8964,42,MERGED50_c34b1cbe86174be5,15.517241379310345,84.48275862068965,0,15.517241379310345,84.48275862068965
marslike,8984_s42,8984,42,MERGED50_c4360c3fddd8468a,15.384615384615385,84.61538461538461,0,15.384615384615385,84.61538461538461
marslike,8988_s42,8988,42,MERGED50_c48ad83485088d38,17.346938775510203,82.65306122448979,0,17.346938775510203,82.65306122448979
marslike,9041_s42,9041,42,MERGED50_c7d55b69a0a6233e,16.9811320754717,83.01886792452831,0,16.9811320754717,83.01886792452831
marslike,9063_s42,9063,42,MERGED50_c914ed0a355ee89e,43.63636363636363,56.36363636363637,0,43.63636363636363,56.36363636363637
marslike,9070_s42,9070,42,MERGED50_c9903774eb03e603,35.23809523809524,64.76190476190476,0,35.23809523809524,64.76190476190476
marslike,9092_s42,9092,42,MERGED50_ca9de43133350a10,21.052631578947366,78.94736842105263,0,21.052631578947366,78.94736842105263
marslike,9106_s42,9106,42,MERGED50_cb78e2968f48f3d2,23.076923076923077,76.92307692307692,0,23.076923076923077,76.92307692307692
marslike,9130_s42,9130,42,MERGED50_cd1bb57d9ab91a4a,21.153846153846153,78.84615384615384,0,21.153846153846153,78.84615384615384
marslike,9139_s42,9139,42,MERGED50_cd75cd08c87c1549,16.25,83.75,0,16.25,83.75
marslike,9141_s42,9141,42,MERGED50_cd85ddd13cf2ddce,20.212765957446805,79.7872340425532,0,20.212765957446805,79.7872340425532
marslike,9155_s42,9155,42,MERGED50_ce48365316b03709,29.347826086956523,70.65217391304347,0,29.347826086956523,70.65217391304347
marslike,9163_s42,9163,42,MERGED50_cecad5268192bee1,30.303030303030305,69.69696969696969,0,30.303030303030305,69.69696969696969
marslike,9188_s42,9188,42,MERGED50_cffed6b75a3390a0,18.404907975460123,81.59509202453988,0,18.404907975460123,81.59509202453988
marslike,9189_s42,9189,42,MERGED50_d02649ec3735c6a8,23.52941176470588,76.47058823529412,0,23.52941176470588,76.47058823529412
marslike,9195_s42,9195,42,MERGED50_d042ba98350f0223,30.88235294117647,69.11764705882354,0,30.88235294117647,69.11764705882354
marslike,9196_s42,9196,42,MERGED50_d0451f292fdd4825,44.086021505376344,55.913978494623656,0,44.086021505376344,55.913978494623656
marslike,9200_s42,9200,42,MERGED50_d07148d7cc46d728,16.528925619834713,83.47107438016529,0,16.528925619834713,83.47107438016529
marslike,9201_s42,9201,42,MERGED50_d07723c3c82fb0ab,32.89473684210527,67.10526315789474,0,32.89473684210527,67.10526315789474
marslike,9205_s42,9205,42,MERGED50_d09d80c405f7b5a1,17.525773195876287,82.47422680412372,0,17.525773195876287,82.47422680412372
marslike,9209_s42,9209,42,MERGED50_d0af3226ca1b63b2,19.230769230769234,80.76923076923077,0,19.230769230769234,80.76923076923077
marslike,9211_s42,9211,42,MERGED50_d0bf268fee63a84a,32.69230769230769,67.3076923076923,0,32.69230769230769,67.3076923076923
marslike,9217_s42,9217,42,MERGED50_d0ffc938c6ae9c9b,30.985915492957744,69.01408450704226,0,30.985915492957744,69.01408450704226
marslike,9232_s42,9232,42,MERGED50_d1fd18fe9f8bf430,55.26315789473685,44.73684210526315,0,55.26315789473685,44.73684210526315
marslike,9240_s42,9240,42,MERGED50_d26fa704847d6ebb,26.47058823529412,73.52941176470588,0,26.47058823529412,73.52941176470588
marslike,9246_s42,9246,42,MERGED50_d2989afb5590ff4a,21.153846153846153,78.84615384615384,0,21.153846153846153,78.84615384615384
marslike,9247_s42,9247,42,MERGED50_d2b2c0c110168d2c,20.192307692307693,79.8076923076923,0,20.192307692307693,79.8076923076923
marslike,9253_s42,9253,42,MERGED50_d30e98b82319cad6,17.857142857142858,82.14285714285714,0,17.857142857142858,82.14285714285714
marslike,9258_s42,9258,42,MERGED50_d3578adf8ebce73c,38.46153846153847,61.53846153846153,0,38.46153846153847,61.53846153846153
marslike,9277_s42,9277,42,MERGED50_d43898cd564c36c3,46.2962962962963,53.7037037037037,0,46.2962962962963,53.7037037037037
marslike,9282_s42,9282,42,MERGED50_d4965f1d9df617bd,19.642857142857142,80.35714285714286,0,19.642857142857142,80.35714285714286
marslike,9295_s42,9295,42,MERGED50_d53ef329ff96171d,21.052631578947366,78.94736842105263,0,21.052631578947366,78.94736842105263
marslike,9311_s42,9311,42,MERGED50_d6280cfb71d3a4c1,17.543859649122805,82.45614035087719,0,17.543859649122805,82.45614035087719
marslike,9321_s42,9321,42,MERGED50_d6e09313bf06978d,23.333333333333332,76.66666666666667,0,23.333333333333332,76.66666666666667
marslike,9330_s42,9330,42,MERGED50_d778bd05e75ae364,17.307692307692307,82.6923076923077,0,17.307692307692307,82.6923076923077
marslike,9334_s42,9334,42,MERGED50_d79469deffa12d80,18.39080459770115,81.60919540229885,0,18.39080459770115,81.60919540229885
marslike,9335_s42,9335,42,MERGED50_d79940d36e9902fe,29.411764705882355,70.58823529411765,0,29.411764705882355,70.58823529411765
marslike,9338_s42,9338,42,MERGED50_d7dcd5acb4952cf0,21.052631578947366,78.94736842105263,0,21.052631578947366,78.94736842105263
marslike,9348_s42,9348,42,MERGED50_d85d83bcb87f733a,21.666666666666668,78.33333333333333,0,21.666666666666668,78.33333333333333
marslike,9374_s42,9374,42,MERGED50_d99cf832b8b84bef,33.82352941176471,66.17647058823529,0,33.82352941176471,66.17647058823529
marslike,9380_s42,9380,42,MERGED50_d9fd57141ebc3d22,18.64406779661017,81.35593220338983,0,18.64406779661017,81.35593220338983
marslike,9416_s42,9416,42,MERGED50_dc45cdc80018a1bf,15.384615384615385,84.61538461538461,0,15.384615384615385,84.61538461538461
marslike,9474_s42,9474,42,MERGED50_dff46de051b6efb5,16.48936170212766,83.51063829787233,0,16.48936170212766,83.51063829787233
marslike,9484_s42,9484,42,MERGED50_e09f9c3dbf4ea0e9,30.76923076923077,69.23076923076923,0,30.76923076923077,69.23076923076923
marslike,9503_s42,9503,42,MERGED50_e164584bfe2b2e74,17.760617760617762,82.23938223938224,0,17.760617760617762,82.23938223938224
marslike,9512_s42,9512,42,MERGED50_e1a40139804a88d9,23.170731707317074,76.82926829268293,0,23.170731707317074,76.82926829268293
marslike,9517_s42,9517,42,MERGED50_e2000caed39247ca,56.470588235294116,43.529411764705884,0,56.470588235294116,43.529411764705884
marslike,9531_s42,9531,42,MERGED50_e2e439832f22278a,16.842105263157894,83.15789473684211,0,16.842105263157894,83.15789473684211
marslike,9565_s42,9565,42,MERGED50_e54f8296e356537b,16.129032258064516,83.87096774193549,0,16.129032258064516,83.87096774193549
marslike,9566_s42,9566,42,MERGED50_e55d9307a343c249,16.666666666666664,83.33333333333334,0,16.666666666666664,83.33333333333334
marslike,9568_s42,9568,42,MERGED50_e582a30dfdf74fe6,18.75,81.25,0,18.75,81.25
marslike,9574_s42,9574,42,MERGED50_e6247ba6c6b695eb,18.9873417721519,81.0126582278481,0,18.9873417721519,81.0126582278481
marslike,9586_s42,9586,42,MERGED50_e6cdd453a12b4091,16.666666666666664,83.33333333333334,0,16.666666666666664,83.33333333333334
marslike,9587_s42,9587,42,MERGED50_e6d8c4bdd1200d10,21.052631578947366,78.94736842105263,0,21.052631578947366,78.94736842105263
marslike,9588_s42,9588,42,MERGED50_e6dcd99f918cf93d,21.21212121212121,78.78787878787878,0,21.21212121212121,78.78787878787878
marslike,9606_s42,9606,42,MERGED50_e7b4d8064e199895,31.666666666666664,68.33333333333334,0,31.666666666666664,68.33333333333334
marslike,9607_s42,9607,42,MERGED50_e7da7981ba4f2f16,23.14814814814815,76.85185185185185,0,23.14814814814815,76.85185185185185
marslike,9627_s42,9627,42,MERGED50_e91a1fd49f3101bc,25.757575757575758,74.24242424242425,0,25.757575757575758,74.24242424242425
marslike,9631_s42,9631,42,MERGED50_e99c45b9a94f085f,20.481927710843372,79.51807228915663,0,20.481927710843372,79.51807228915663
marslike,9641_s42,9641,42,MERGED50_e9d99cc5e6292894,26.923076923076923,73.07692307692308,0,26.923076923076923,73.07692307692308
marslike,9649_s42,9649,42,MERGED50_ea33d0de8a436a13,25.0,75.0,0,25.0,75.0
marslike,9671_s42,9671,42,MERGED50_eb7e23382856eb83,16.666666666666664,83.33333333333334,0,16.666666666666664,83.33333333333334
marslike,9676_s42,9676,42,MERGED50_ebb0627ef86d8289,18.571428571428573,81.42857142857143,0,18.571428571428573,81.42857142857143
marslike,9695_s42,9695,42,MERGED50_ed84737f8ef88d22,21.21212121212121,78.78787878787878,0,21.21212121212121,78.78787878787878
marslike,9715_s42,9715,42,MERGED50_ee6d1e4201af690e,19.736842105263158,80.26315789473685,0,19.736842105263158,80.26315789473685
marslike,9757_s42,9757,42,MERGED50_f039e10e8b8bc553,31.666666666666664,68.33333333333334,0,31.666666666666664,68.33333333333334
marslike,9758_s42,9758,42,MERGED50_f03adcc1dcaf01e8,19.402985074626866,80.59701492537313,0,19.402985074626866,80.59701492537313
marslike,9763_s42,9763,42,MERGED50_f0ad730bcc677300,51.92307692307693,48.07692307692307,0,51.92307692307693,48.07692307692307
marslike,9765_s42,9765,42,MERGED50_f0e32798b84a33a1,13.793103448275861,86.20689655172414,0,13.793103448275861,86.20689655172414
marslike,9767_s42,9767,42,MERGED50_f0f827b4fec41d82,16.129032258064516,83.87096774193549,0,16.129032258064516,83.87096774193549
marslike,9775_s42,9775,42,MERGED50_f17ef6b64544ffdf,21.153846153846153,78.84615384615384,0,21.153846153846153,78.84615384615384
marslike,9792_s42,9792,42,MERGED50_f265575e5187e015,54.41176470588235,45.58823529411765,0,54.41176470588235,45.58823529411765
marslike,9802_s42,9802,42,MERGED50_f3180dcf80d90f58,15.873015873015872,84.12698412698413,0,15.873015873015872,84.12698412698413
marslike,9807_s42,9807,42,MERGED50_f344a95ef85731a2,18.84057971014493,81.15942028985506,0,18.84057971014493,81.15942028985506
marslike,9810_s42,9810,42,MERGED50_f35bc6da16a111c0,28.37837837837838,71.62162162162161,0,28.37837837837838,71.62162162162161
marslike,9868_s42,9868,42,MERGED50_f7617127b808e426,22.727272727272727,77.27272727272728,0,22.727272727272727,77.27272727272728
marslike,9873_s42,9873,42,MERGED50_f79bae3cc3e416b4,17.391304347826086,82.6086956521739,0,17.391304347826086,82.6086956521739
marslike,9877_s42,9877,42,MERGED50_f7d74b719dc9b240,38.23529411764706,61.76470588235294,0,38.23529411764706,61.76470588235294
marslike,9886_s42,9886,42,MERGED50_f8c8db392295aa86,22.413793103448278,77.58620689655172,0,22.413793103448278,77.58620689655172
marslike,9895_s42,9895,42,MERGED50_f93a972acffe2ad8,18.91891891891892,81.08108108108108,0,18.91891891891892,81.08108108108108
marslike,9900_s42,9900,42,MERGED50_f9b5a78517a52380,18.75,81.25,0,18.75,81.25
marslike,9902_s42,9902,42,MERGED50_f9c7630fa4182477,32.515337423312886,67.48466257668711,0,32.515337423312886,67.48466257668711
marslike,9922_s42,9922,42,MERGED50_fb72f76a29855db7,16.666666666666664,83.33333333333334,0,16.666666666666664,83.33333333333334
marslike,9936_s42,9936,42,MERGED50_fc0a4279a4517faf,17.647058823529413,82.35294117647058,0,17.647058823529413,82.35294117647058
marslike,9949_s42,9949,42,MERGED50_fd010872f0a3865e,25.438596491228072,74.56140350877193,0,25.438596491228072,74.56140350877193
marslike,9966_s42,9966,42,MERGED50_fe15e399020f5618,17.28395061728395,82.71604938271605,0,17.28395061728395,82.71604938271605
marslike,9974_s42,9974,42,MERGED50_fe837b08b2a979bb,27.659574468085108,72.34042553191489,0,27.659574468085108,72.34042553191489
marslike,0007_s43,0007,43,MERGED50_00538e3d3aaa3d6f,50.630630630630634,49.369369369369366,1,26.923076923076923,73.07692307692308
marslike,0014_s43,0014,43,MERGED50_00960edc244d6936,50.0,50.0,1,50.0,50.0
marslike,0026_s43,0026,43,MERGED50_01555fa6eafb7d2c,50.68027210884354,49.31972789115646,1,25.882352941176475,74.11764705882352
marslike,0049_s43,0049,43,MERGED50_01f6191909c12582,37.634408602150536,62.365591397849464,1,20.0,80.0
marslike,0060_s43,0060,43,MERGED50_02789cf56cfe470e,45.33898305084746,54.66101694915254,1,18.954248366013072,81.04575163398692
marslike,0062_s43,0062,43,MERGED50_027d6e4c848d477f,49.25373134328358,50.74626865671642,1,29.850746268656714,70.1492537313433
marslike,0076_s43,0076,43,MERGED50_031227644f417472,51.92307692307693,48.07692307692307,1,51.92307692307693,48.07692307692307
marslike,0095_s43,0095,43,MERGED50_039f7f97d6a3c675,50.0,50.0,1,18.823529411764707,81.17647058823529
marslike,0115_s43,0115,43,MERGED50_0483a84717ba7c09,53.2319391634981,46.7680608365019,1,21.153846153846153,78.84615384615384
marslike,0128_s43,0128,43,MERGED50_0526a532f220d305,33.57142857142857,66.42857142857143,1,18.333333333333332,81.66666666666667
marslike,0146_s43,0146,43,MERGED50_058ff628f55c60bd,41.32231404958678,58.67768595041322,1,15.702479338842975,84.29752066115702
marslike,0153_s43,0153,43,MERGED50_05e7ce7c21138c84,48.148148148148145,51.851851851851855,1,17.28395061728395,82.71604938271605
marslike,0154_s43,0154,43,MERGED50_05ee505c0890be93,52.65700483091788,47.34299516908212,1,20.27027027027027,79.72972972972973
marslike,0161_s43,0161,43,MERGED50_065c19bc89459e45,51.1002444987775,48.8997555012225,1,19.230769230769234,80.76923076923077
marslike,0168_s43,0168,43,MERGED50_06a12fd13da4b18f,41.891891891891895,58.108108108108105,1,28.78787878787879,71.21212121212122
marslike,0173_s43,0173,43,MERGED50_06e0ce45faa2300e,15.328467153284672,84.67153284671532,0,15.328467153284672,84.67153284671532
marslike,0193_s43,0193,43,MERGED50_07caf313bb701744,46.49122807017544,53.50877192982456,1,18.333333333333332,81.66666666666667
marslike,0219_s43,0219,43,MERGED50_08e1702b30b0f09c,40.87591240875913,59.12408759124087,1,21.153846153846153,78.84615384615384
marslike,0226_s43,0226,43,MERGED50_094b778065c65c35,50.3875968992248,49.6124031007752,1,16.39344262295082,83.60655737704919
marslike,0233_s43,0233,43,MERGED50_09a520585822845f,29.03225806451613,70.96774193548387,0,29.03225806451613,70.96774193548387
marslike,0238_s43,0238,43,MERGED50_09d9b86c8b350f2a,45.97701149425287,54.02298850574713,1,16.363636363636363,83.63636363636364
marslike,0240_s43,0240,43,MERGED50_09e114f801018c6c,19.642857142857142,80.35714285714286,0,19.642857142857142,80.35714285714286
marslike,0250_s43,0250,43,MERGED50_0a49468648918912,45.151515151515156,54.848484848484844,1,15.625,84.375
marslike,0264_s43,0264,43,MERGED50_0b1c7324369420a6,45.76271186440678,54.23728813559322,1,16.363636363636363,83.63636363636364
marslike,0265_s43,0265,43,MERGED50_0b1c8aab99a595dc,23.809523809523807,76.19047619047619,1,23.809523809523807,76.19047619047619
marslike,0268_s43,0268,43,MERGED50_0b3505f5c7eaceb1,14.925373134328357,85.07462686567165,0,14.925373134328357,85.07462686567165
marslike,0269_s43,0269,43,MERGED50_0b461283e22ec4f1,54.981549815498155,45.018450184501845,1,18.64406779661017,81.35593220338983
marslike,0291_s43,0291,43,MERGED50_0c238de54c93eab9,35.63218390804598,64.36781609195401,1,17.741935483870968,82.25806451612902
marslike,0298_s43,0298,43,MERGED50_0c8a799f6fad03c5,43.145161290322584,56.854838709677416,1,17.441860465116278,82.55813953488372
marslike,0312_s43,0312,43,MERGED50_0d623c3b17aa9567,43.06930693069307,56.93069306930693,1,17.741935483870968,82.25806451612902
marslike,0321_s43,0321,43,MERGED50_0d91deb0064e476e,41.86046511627907,58.13953488372093,1,20.348837209302324,79.65116279069767
marslike,0356_s43,0356,43,MERGED50_0eb140e1138dc275,37.362637362637365,62.637362637362635,1,25.0,75.0
marslike,0358_s43,0358,43,MERGED50_0edbf16d015abee1,55.960264900662246,44.039735099337754,1,16.455696202531644,83.54430379746836
marslike,0369_s43,0369,43,MERGED50_0f37f8ab707a10f3,40.0,60.0,1,16.417910447761194,83.58208955223881
marslike,0370_s43,0370,43,MERGED50_0f486e8365e01e63,44.5945945945946,55.4054054054054,1,19.35483870967742,80.64516129032258
marslike,0376_s43,0376,43,MERGED50_0f74b2e17c74782f,20.588235294117645,79.41176470588235,0,20.588235294117645,79.41176470588235
marslike,0384_s43,0384,43,MERGED50_0fb6d2e63819c3ec,32.28346456692913,67.71653543307087,1,19.736842105263158,80.26315789473685
marslike,0391_s43,0391,43,MERGED50_0ffe5db354153f99,47.24770642201835,52.75229357798165,1,18.627450980392158,81.37254901960785
marslike,0398_s43,0398,43,MERGED50_103b52af36a2c9b9,43.09210526315789,56.90789473684211,1,21.73913043478261,78.26086956521739
marslike,0410_s43,0410,43,MERGED50_10b0ceb83529d707,46.206896551724135,53.793103448275865,1,18.478260869565215,81.52173913043478
marslike,0413_s43,0413,43,MERGED50_10c3dab533638a3e,17.5,82.5,0,17.5,82.5
marslike,0415_s43,0415,43,MERGED50_10d156496c62f5b7,44.44444444444444,55.55555555555556,1,17.307692307692307,82.6923076923077
marslike,0424_s43,0424,43,MERGED50_112f33da4a9441cd,16.216216216216218,83.78378378378378,0,16.216216216216218,83.78378378378378
marslike,0428_s43,0428,43,MERGED50_116a6e92ad46a67e,40.50632911392405,59.49367088607595,1,20.18348623853211,79.81651376146789
marslike,0450_s43,0450,43,MERGED50_1207fe9db2ff05dd,51.03092783505154,48.96907216494846,1,19.736842105263158,80.26315789473685
marslike,0455_s43,0455,43,MERGED50_123d19fb6b0f8511,47.05882352941176,52.94117647058824,1,47.05882352941176,52.94117647058824
marslike,0457_s43,0457,43,MERGED50_125b6c9c16a37158,20.588235294117645,79.41176470588235,0,20.588235294117645,79.41176470588235
marslike,0462_s43,0462,43,MERGED50_1277b3ff4ceed3c2,43.93305439330544,56.06694560669456,1,19.230769230769234,80.76923076923077
marslike,0471_s43,0471,43,MERGED50_12ccbd3063f28e6e,29.32330827067669,70.67669172932331,1,19.230769230769234,80.76923076923077
marslike,0475_s43,0475,43,MERGED50_130b06c514919680,40.0,60.0,1,20.28985507246377,79.71014492753623
marslike,0497_s43,0497,43,MERGED50_13b84272d67b1514,41.74174174174174,58.25825825825826,1,30.0,70.0
marslike,0512_s43,0512,43,MERGED50_146a1a8686468cbd,16.417910447761194,83.58208955223881,0,16.417910447761194,83.58208955223881
marslike,0513_s43,0513,43,MERGED50_146dbb258cf98925,16.9811320754717,83.01886792452831,0,16.9811320754717,83.01886792452831
marslike,0556_s43,0556,43,MERGED50_163960ea0e6f5fd4,35.41666666666667,64.58333333333333,1,21.666666666666668,78.33333333333333
marslike,0563_s43,0563,43,MERGED50_16acf8ec266adf74,21.568627450980394,78.43137254901961,0,21.568627450980394,78.43137254901961
marslike,0615_s43,0615,43,MERGED50_186f822792ae4164,48.421052631578945,51.578947368421055,1,16.901408450704224,83.09859154929578
marslike,0626_s43,0626,43,MERGED50_19093fc8cb9f527c,49.15611814345991,50.84388185654009,1,30.76923076923077,69.23076923076923
marslike,0641_s43,0641,43,MERGED50_199f655336a8f40d,26.717557251908396,73.2824427480916,1,18.181818181818183,81.81818181818181
marslike,0646_s43,0646,43,MERGED50_1a1eb6369e668511,48.529411764705884,51.470588235294116,1,48.529411764705884,51.470588235294116
marslike,0668_s43,0668,43,MERGED50_1b519848d11082a5,37.23723723723724,62.76276276276276,1,35.483870967741936,64.51612903225806
marslike,0690_s43,0690,43,MERGED50_1c373c0a5f5334e2,52.41935483870967,47.58064516129033,1,16.93548387096774,83.06451612903226
marslike,0701_s43,0701,43,MERGED50_1c6babe5a1033670,49.30875576036866,50.69124423963134,1,17.1875,82.8125
marslike,0711_s43,0711,43,MERGED50_1ccf2c572b7a552c,41.66666666666667,58.33333333333333,1,18.64406779661017,81.35593220338983
marslike,0713_s43,0713,43,MERGED50_1ceb7b19942ee372,31.88405797101449,68.11594202898551,1,21.73913043478261,78.26086956521739
marslike,0744_s43,0744,43,MERGED50_1e1cc94b7718a364,41.17647058823529,58.82352941176471,1,41.17647058823529,58.82352941176471
marslike,0747_s43,0747,43,MERGED50_1e39512d32d11c93,34.602076124567475,65.39792387543253,1,20.3125,79.6875
marslike,0757_s43,0757,43,MERGED50_1ee0a5d09df22a27,39.62264150943396,60.37735849056604,1,17.92452830188679,82.0754716981132
marslike,0763_s43,0763,43,MERGED50_1f0e942a3982a536,48.26883910386965,51.73116089613035,1,14.942528735632186,85.05747126436782
marslike,0773_s43,0773,43,MERGED50_1f6495285cbf2ae2,45.26315789473684,54.73684210526316,1,14.814814814814813,85.18518518518519
marslike,0799_s43,0799,43,MERGED50_20915c05f22a00ca,15.555555555555555,84.44444444444444,0,15.555555555555555,84.44444444444444
marslike,0816_s43,0816,43,MERGED50_217e7b4ef0c9b70c,17.647058823529413,82.35294117647058,0,17.647058823529413,82.35294117647058
marslike,0824_s43,0824,43,MERGED50_21cbb0870929a3b5,49.37759336099585,50.62240663900415,1,36.76470588235294,63.23529411764706
marslike,0865_s43,0865,43,MERGED50_236b102271d9167c,43.111111111111114,56.888888888888886,1,17.582417582417584,82.41758241758242
marslike,0918_s43,0918,43,MERGED50_260a9381f6fc6868,40.298507462686565,59.701492537313435,1,35.82089552238806,64.17910447761194
marslike,0970_s43,0970,43,MERGED50_2887e20f7b8f5aa6,68.08510638297872,31.914893617021278,1,68.08510638297872,31.914893617021278
marslike,1031_s43,1031,43,MERGED50_2af9b232e035b4f4,38.582677165354326,61.417322834645674,1,18.181818181818183,81.81818181818181
marslike,1041_s43,1041,43,MERGED50_2b50a9bdb76401c5,22.085889570552148,77.91411042944785,0,22.085889570552148,77.91411042944785
marslike,1061_s43,1061,43,MERGED50_2c2485a3327f3dc7,46.06481481481482,53.93518518518518,1,16.43835616438356,83.56164383561644
marslike,1072_s43,1072,43,MERGED50_2c83ae3bb7c7fe06,50.84033613445378,49.15966386554622,1,17.741935483870968,82.25806451612902
marslike,1136_s43,1136,43,MERGED50_2fdd28baebcfbc93,17.741935483870968,82.25806451612902,0,17.741935483870968,82.25806451612902
marslike,1198_s43,1198,43,MERGED50_3246b16cd858d1e3,39.50617283950617,60.49382716049383,1,36.76470588235294,63.23529411764706
marslike,1209_s43,1209,43,MERGED50_32e80b756ac067ad,26.923076923076923,73.07692307692308,0,26.923076923076923,73.07692307692308
marslike,1216_s43,1216,43,MERGED50_336ed4a801c2f3c4,49.44444444444444,50.55555555555556,1,17.5,82.5
marslike,1240_s43,1240,43,MERGED50_34af8465ef7ba627,49.892008639308855,50.107991360691145,1,18.96551724137931,81.0344827586207
marslike,1241_s43,1241,43,MERGED50_34b30d3575948777,43.54066985645933,56.45933014354067,1,18.181818181818183,81.81818181818181
marslike,1267_s43,1267,43,MERGED50_3641c96940766477,17.142857142857142,82.85714285714286,0,17.142857142857142,82.85714285714286
marslike,1269_s43,1269,43,MERGED50_36518b02b313049d,43.333333333333336,56.666666666666664,1,19.230769230769234,80.76923076923077
marslike,1275_s43,1275,43,MERGED50_3697ac4ef8777013,32.69230769230769,67.3076923076923,1,32.69230769230769,67.3076923076923
marslike,1298_s43,1298,43,MERGED50_37e6a513a05f9bf8,36.147757255936675,63.852242744063325,1,19.298245614035086,80.70175438596492
marslike,1316_s43,1316,43,MERGED50_38b2a50c2837bfca,31.750741839762615,68.24925816023739,1,23.91304347826087,76.08695652173913
marslike,1329_s43,1329,43,MERGED50_394a8dd322307204,25.925925925925924,74.07407407407408,1,25.925925925925924,74.07407407407408
marslike,1337_s43,1337,43,MERGED50_3989b04dd8556623,56.42633228840125,43.57366771159875,1,18.181818181818183,81.81818181818181
marslike,1342_s43,1342,43,MERGED50_39ccc509a418ffae,30.28169014084507,69.71830985915493,0,30.28169014084507,69.71830985915493
marslike,1345_s43,1345,43,MERGED50_39fc272bcb93b15d,46.478873239436616,53.521126760563384,1,17.741935483870968,82.25806451612902
marslike,1349_s43,1349,43,MERGED50_3a165aef5a116bf5,48.95104895104895,51.04895104895105,1,16.363636363636363,83.63636363636364
marslike,1368_s43,1368,43,MERGED50_3b1c07dc8fea4603,45.497630331753555,54.502369668246445,1,17.073170731707318,82.92682926829268
marslike,1379_s43,1379,43,MERGED50_3bdd93e92a96ad19,33.33333333333333,66.66666666666667,1,25.24271844660194,74.75728155339806
marslike,1380_s43,1380,43,MERGED50_3be81df7305d49c4,20.652173913043477,79.34782608695653,0,20.652173913043477,79.34782608695653
marslike,1384_s43,1384,43,MERGED50_3c13576bcbf85ca2,45.47803617571059,54.52196382428941,1,18.421052631578945,81.57894736842105
marslike,1389_s43,1389,43,MERGED50_3c5a68f62a928053,43.39622641509434,56.60377358490566,1,18.181818181818183,81.81818181818181
marslike,1421_s43,1421,43,MERGED50_3decad90426070a4,52.5,47.5,1,16.363636363636363,83.63636363636364
marslike,1427_s43,1427,43,MERGED50_3e33f1800dbd9c34,37.75933609958506,62.24066390041494,1,18.461538461538463,81.53846153846153
marslike,1428_s43,1428,43,MERGED50_3e3b31d471ffc94a,50.26737967914438,49.73262032085562,1,18.75,81.25
marslike,1429_s43,1429,43,MERGED50_3e3d11b925b45fbe,36.11691022964509,63.88308977035491,1,17.647058823529413,82.35294117647058
marslike,1432_s43,1432,43,MERGED50_3e5aa9a1b7b8d653,42.780748663101605,57.219251336898395,1,15.625,84.375
marslike,1433_s43,1433,43,MERGED50_3e63fbb981856684,20.967741935483872,79.03225806451613,0,20.967741935483872,79.03225806451613
marslike,1457_s43,1457,43,MERGED50_3f62a4babbe83c19,21.232876712328768,78.76712328767124,0,21.232876712328768,78.76712328767124
marslike,1471_s43,1471,43,MERGED50_402d407b6093674a,15.384615384615385,84.61538461538461,0,15.384615384615385,84.61538461538461
marslike,1474_s43,1474,43,MERGED50_405a4d8c0deae552,48.97959183673469,51.02040816326531,1,18.823529411764707,81.17647058823529
marslike,1494_s43,1494,43,MERGED50_411f2a32c65abd49,32.30769230769231,67.6923076923077,1,23.076923076923077,76.92307692307692
marslike,1510_s43,1510,43,MERGED50_41d81da132848701,37.23958333333333,62.76041666666667,1,18.489583333333336,81.51041666666666
marslike,1515_s43,1515,43,MERGED50_42260d841f1377eb,53.333333333333336,46.666666666666664,1,21.153846153846153,78.84615384615384
marslike,1517_s43,1517,43,MERGED50_42484ba59f188106,51.22699386503068,48.77300613496932,1,40.38461538461539,59.61538461538461
marslike,1521_s43,1521,43,MERGED50_4285669b0493888e,17.20430107526882,82.79569892473118,0,17.20430107526882,82.79569892473118
marslike,1545_s43,1545,43,MERGED50_4362509a76da146e,55.0761421319797,44.9238578680203,1,17.24137931034483,82.75862068965517
marslike,1569_s43,1569,43,MERGED50_452470f6eea49e9e,57.02247191011236,42.97752808988764,1,15.909090909090908,84.0909090909091
marslike,1587_s43,1587,43,MERGED50_461d7f839caac77e,46.231155778894475,53.768844221105525,1,17.741935483870968,82.25806451612902
marslike,1589_s43,1589,43,MERGED50_46372a0fbd4d49b2,46.79802955665024,53.20197044334976,1,15.517241379310345,84.48275862068965
marslike,1598_s43,1598,43,MERGED50_47145fb95598e500,47.43875278396437,52.56124721603563,1,15.254237288135593,84.7457627118644
marslike,1599_s43,1599,43,MERGED50_471c6ea226937f87,67.4074074074074,32.592592592592595,1,23.943661971830984,76.05633802816902
marslike,1609_s43,1609,43,MERGED50_47b02c4685094ba9,34.08071748878923,65.91928251121077,1,20.27972027972028,79.72027972027972
marslike,1623_s43,1623,43,MERGED50_48462d9ed104d7ee,21.21212121212121,78.78787878787878,0,21.21212121212121,78.78787878787878
marslike,1628_s43,1628,43,MERGED50_4889e6e6faf64af1,14.285714285714285,85.71428571428572,0,14.285714285714285,85.71428571428572
marslike,1634_s43,1634,43,MERGED50_48b4acbaba3bf0ce,45.588235294117645,54.411764705882355,1,45.588235294117645,54.411764705882355
marslike,1643_s43,1643,43,MERGED50_48f4fb1a585f756b,20.73170731707317,79.26829268292683,1,19.51219512195122,80.48780487804878
marslike,1644_s43,1644,43,MERGED50_4900eb77492b3539,26.96078431372549,73.0392156862745,1,25.53191489361702,74.46808510638297
marslike,1646_s43,1646,43,MERGED50_491f277c7354ac88,16.25,83.75,0,16.25,83.75
marslike,1663_s43,1663,43,MERGED50_49f4df1d2f820e94,47.61904761904761,52.38095238095239,1,22.093023255813954,77.90697674418604
marslike,1689_s43,1689,43,MERGED50_4ac1d527b0c84960,51.55709342560554,48.44290657439446,1,18.269230769230766,81.73076923076923
marslike,1692_s43,1692,43,MERGED50_4ad594a12d0332d1,51.19305856832972,48.80694143167028,1,42.64705882352941,57.35294117647059
marslike,1717_s43,1717,43,MERGED50_4be104e418d33631,48.24561403508772,51.75438596491228,1,19.696969696969695,80.30303030303031
marslike,1722_s43,1722,43,MERGED50_4c11e53ac7d8df90,26.595744680851062,73.40425531914894,1,18.75,81.25
marslike,1735_s43,1735,43,MERGED50_4cb1fcc9e80a697f,43.35664335664335,56.64335664335665,1,18.64406779661017,81.35593220338983
marslike,1741_s43,1741,43,MERGED50_4cfc7389cb1e066b,58.5635359116022,41.4364640883978,1,21.21212121212121,78.78787878787878
marslike,1742_s43,1742,43,MERGED50_4d0e44d4065dc9cd,47.023809523809526,52.976190476190474,1,17.741935483870968,82.25806451612902
marslike,1748_s43,1748,43,MERGED50_4d4efeff38ed788c,34.66135458167331,65.33864541832669,1,21.25,78.75
marslike,1752_s43,1752,43,MERGED50_4daec5a39d5600f2,23.728813559322035,76.27118644067797,0,23.728813559322035,76.27118644067797
marslike,1792_s43,1792,43,MERGED50_4ff928ed0b2c5ed9,44.0,56.0,1,31.666666666666664,68.33333333333334
marslike,1799_s43,1799,43,MERGED50_503944df164841e9,40.476190476190474,59.523809523809526,1,19.607843137254903,80.3921568627451
marslike,1813_s43,1813,43,MERGED50_50f3d8e28a277412,41.54175588865097,58.45824411134903,1,15.315315315315313,84.68468468468468
marslike,1830_s43,1830,43,MERGED50_51aecf5a82dbce78,18.421052631578945,81.57894736842105,0,18.421052631578945,81.57894736842105
marslike,1844_s43,1844,43,MERGED50_526ae4cee2125bfb,48.92307692307693,51.07692307692307,1,16.27906976744186,83.72093023255815
marslike,1882_s43,1882,43,MERGED50_545e6e68331f2156,27.906976744186046,72.09302325581396,1,16.27906976744186,83.72093023255815
marslike,1905_s43,1905,43,MERGED50_553f8a66af2a3e91,47.87644787644788,52.12355212355212,1,18.333333333333332,81.66666666666667
marslike,1908_s43,1908,43,MERGED50_554d40bab7143e00,35.74468085106383,64.25531914893617,1,18.51851851851852,81.48148148148148
marslike,1909_s43,1909,43,MERGED50_554ee24ba2da53aa,30.149253731343283,69.85074626865672,1,27.659574468085108,72.34042553191489
marslike,1911_s43,1911,43,MERGED50_55a02953e1a869bc,38.036809815950924,61.963190184049076,1,38.036809815950924,61.963190184049076
marslike,1942_s43,1942,43,MERGED50_575c6ee0003d1c16,47.44027303754266,52.55972696245734,1,20.0,80.0
marslike,1949_s43,1949,43,MERGED50_57b0e310432a22eb,50.36231884057971,49.63768115942029,1,20.0,80.0
marslike,1951_s43,1951,43,MERGED50_57be905f2a47364b,39.39393939393939,60.60606060606061,1,39.39393939393939,60.60606060606061
marslike,1957_s43,1957,43,MERGED50_57f3a98bf6445bd5,36.02150537634409,63.97849462365591,1,22.058823529411764,77.94117647058823
marslike,1968_s43,1968,43,MERGED50_586bb952a8fc0b3d,33.87096774193548,66.12903225806451,1,18.461538461538463,81.53846153846153
marslike,1994_s43,1994,43,MERGED50_5a1bbcc14a461599,43.01675977653631,56.98324022346369,1,16.43835616438356,83.56164383561644
marslike,2004_s43,2004,43,MERGED50_5a83ec96df4a0c1d,41.578947368421055,58.421052631578945,1,17.741935483870968,82.25806451612902
marslike,2008_s43,2008,43,MERGED50_5ab7a71def90885f,16.666666666666664,83.33333333333334,0,16.666666666666664,83.33333333333334
marslike,2012_s43,2012,43,MERGED50_5b071d4cc559965a,32.53012048192771,67.46987951807229,1,32.53012048192771,67.46987951807229
marslike,2019_s43,2019,43,MERGED50_5b718b4cfb08bb58,42.77620396600567,57.22379603399433,1,25.0,75.0
marslike,2054_s43,2054,43,MERGED50_5d19e38d4d70b54a,23.333333333333332,76.66666666666667,0,23.333333333333332,76.66666666666667
marslike,2056_s43,2056,43,MERGED50_5d3b236e3dd6d06c,27.11864406779661,72.88135593220339,1,27.11864406779661,72.88135593220339
marslike,2075_s43,2075,43,MERGED50_5e0244dd6c87c85d,34.53237410071942,65.46762589928058,1,18.465227817745802,81.5347721822542
marslike,2086_s43,2086,43,MERGED50_5e95fa19a872e3b4,46.09929078014184,53.90070921985816,1,46.09929078014184,53.90070921985816
marslike,2087_s43,2087,43,MERGED50_5e9e6eb6decf88dc,26.96629213483146,73.03370786516854,1,26.96629213483146,73.03370786516854
marslike,2112_s43,2112,43,MERGED50_600eac600405229a,17.391304347826086,82.6086956521739,0,17.391304347826086,82.6086956521739
marslike,2123_s43,2123,43,MERGED50_609a3e30cddedce6,20.930232558139537,79.06976744186046,1,20.930232558139537,79.06976744186046
marslike,2133_s43,2133,43,MERGED50_612acfb649609662,40.92409240924093,59.07590759075907,1,20.689655172413794,79.3103448275862
marslike,2146_s43,2146,43,MERGED50_6244b32ce12316f9,17.46031746031746,82.53968253968254,0,17.46031746031746,82.53968253968254
marslike,2153_s43,2153,43,MERGED50_62a38fd2a6fdbc2d,36.40449438202247,63.59550561797753,1,18.29268292682927,81.70731707317073
marslike,2162_s43,2162,43,MERGED50_63215d6ba2194894,48.0,52.0,1,19.17808219178082,80.82191780821918
marslike,2189_s43,2189,43,MERGED50_645a92888dc6dedb,23.15270935960591,76.84729064039409,0,23.15270935960591,76.84729064039409
marslike,2243_s43,2243,43,MERGED50_66ec4df0e0a2fd55,37.28813559322034,62.71186440677966,1,17.796610169491526,82.20338983050847
marslike,2250_s43,2250,43,MERGED50_671edda99c550c18,38.46153846153847,61.53846153846153,0,38.46153846153847,61.53846153846153
marslike,2261_s43,2261,43,MERGED50_67a4f58548213093,18.461538461538463,81.53846153846153,0,18.461538461538463,81.53846153846153
marslike,2263_s43,2263,43,MERGED50_67d5e2e10d7007fe,44.48051948051948,55.51948051948052,1,24.691358024691358,75.30864197530865
marslike,2273_s43,2273,43,MERGED50_683bce063171bf86,60.122699386503065,39.877300613496935,1,60.122699386503065,39.877300613496935
marslike,2279_s43,2279,43,MERGED50_68c65d876ac620ab,41.474654377880185,58.525345622119815,1,29.88505747126437,70.11494252873563
marslike,2286_s43,2286,43,MERGED50_69393026e61930ed,36.53846153846153,63.46153846153847,0,36.53846153846153,63.46153846153847
marslike,2295_s43,2295,43,MERGED50_69b44115b6dcd0e2,20.588235294117645,79.41176470588235,0,20.588235294117645,79.41176470588235
marslike,2308_s43,2308,43,MERGED50_6a2a6be04d79ee41,19.387755102040817,80.61224489795919,0,19.387755102040817,80.61224489795919
marslike,2323_s43,2323,43,MERGED50_6af9723776606a41,50.69444444444444,49.30555555555556,1,17.24137931034483,82.75862068965517
marslike,2329_s43,2329,43,MERGED50_6b224a8f99da0d29,28.368794326241137,71.63120567375887,1,28.368794326241137,71.63120567375887
marslike,2330_s43,2330,43,MERGED50_6b227dac34d8f18a,38.23529411764706,61.76470588235294,1,38.23529411764706,61.76470588235294
marslike,2332_s43,2332,43,MERGED50_6b38087a6588fd0b,18.27956989247312,81.72043010752688,0,18.27956989247312,81.72043010752688
marslike,2358_s43,2358,43,MERGED50_6c30c584dc58bebe,65.88235294117646,34.117647058823536,1,65.88235294117646,34.117647058823536
marslike,2362_s43,2362,43,MERGED50_6c4a85fe1429fd52,39.705882352941174,60.294117647058826,1,39.705882352941174,60.294117647058826
marslike,2378_s43,2378,43,MERGED50_6d121cb9b2ad8f83,40.35608308605341,59.64391691394659,1,17.105263157894736,82.89473684210526
marslike,2379_s43,2379,43,MERGED50_6d3279c7f8765afe,46.3855421686747,53.6144578313253,1,30.76923076923077,69.23076923076923
marslike,2400_s43,2400,43,MERGED50_6e8a7b5e0ea2e20a,55.35714285714286,44.64285714285714,1,17.647058823529413,82.35294117647058
marslike,2404_s43,2404,43,MERGED50_6ebf80626779618f,54.85961123110151,45.14038876889849,1,20.652173913043477,79.34782608695653
marslike,2405_s43,2405,43,MERGED50_6ec27256153612e8,46.5553235908142,53.4446764091858,1,16.901408450704224,83.09859154929578
marslike,2413_s43,2413,43,MERGED50_6f1c632d7cb5897c,22.5,77.5,0,22.5,77.5
marslike,2425_s43,2425,43,MERGED50_6fa1c9aaca811b7c,37.57961783439491,62.42038216560509,1,16.49484536082474,83.50515463917526
marslike,2440_s43,2440,43,MERGED50_7077b5705fff8a36,31.868131868131865,68.13186813186813,1,19.78021978021978,80.21978021978022
marslike,2450_s43,2450,43,MERGED50_7127c555a30ef29d,55.311355311355314,44.688644688644686,1,18.571428571428573,81.42857142857143
marslike,2488_s43,2488,43,MERGED50_73619aea8b71f9f2,45.744680851063826,54.255319148936174,1,18.085106382978726,81.91489361702128
marslike,2500_s43,2500,43,MERGED50_7411d1af87ef4f3d,38.793103448275865,61.206896551724135,1,30.303030303030305,69.69696969696969
marslike,2513_s43,2513,43,MERGED50_74a893e225ddf810,18.64406779661017,81.35593220338983,0,18.64406779661017,81.35593220338983
marslike,2522_s43,2522,43,MERGED50_753596b5977878ba,57.647058823529406,42.352941176470594,1,57.647058823529406,42.352941176470594
marslike,2528_s43,2528,43,MERGED50_7587d233b7f5a4dd,40.24896265560166,59.75103734439834,1,21.666666666666668,78.33333333333333
marslike,2534_s43,2534,43,MERGED50_75d083f90f752722,50.6426735218509,49.3573264781491,1,26.76056338028169,73.2394366197183
marslike,2546_s43,2546,43,MERGED50_7668b102cce97a67,30.88235294117647,69.11764705882354,0,30.88235294117647,69.11764705882354
marslike,2554_s43,2554,43,MERGED50_76abcfb94bfee017,33.33333333333333,66.66666666666667,1,17.24137931034483,82.75862068965517
marslike,2556_s43,2556,43,MERGED50_76d3ea294441f3bf,48.561151079136685,51.438848920863315,1,18.9873417721519,81.0126582278481
marslike,2563_s43,2563,43,MERGED50_77449cdf69801264,16.9811320754717,83.01886792452831,0,16.9811320754717,83.01886792452831
marslike,2572_s43,2572,43,MERGED50_77a0592117bec23a,47.28260869565217,52.71739130434783,1,20.192307692307693,79.8076923076923
marslike,2574_s43,2574,43,MERGED50_77ba8c2b63fadcf5,30.434782608695656,69.56521739130434,1,30.434782608695656,69.56521739130434
marslike,2599_s43,2599,43,MERGED50_78e463e2ec428af7,48.07692307692308,51.92307692307692,1,48.07692307692308,51.92307692307692
marslike,2601_s43,2601,43,MERGED50_78f1e00fd53a3274,34.439834024896264,65.56016597510373,1,18.045112781954884,81.95488721804512
marslike,2616_s43,2616,43,MERGED50_79a47969caa2ae63,34.80392156862745,65.19607843137254,1,28.333333333333332,71.66666666666667
marslike,2622_s43,2622,43,MERGED50_79dabdca37fc4102,33.10344827586207,66.89655172413794,1,18.75,81.25
marslike,2627_s43,2627,43,MERGED50_7a01bc666a0eca16,44.70588235294118,55.29411764705882,1,16.417910447761194,83.58208955223881
marslike,2636_s43,2636,43,MERGED50_7a80fe2dea4829f2,43.455497382198956,56.544502617801044,1,17.857142857142858,82.14285714285714
marslike,2652_s43,2652,43,MERGED50_7b300d5704038dbf,31.03448275862069,68.9655172413793,1,31.03448275862069,68.9655172413793
marslike,2661_s43,2661,43,MERGED50_7be9bc1e78d4269b,48.4375,51.5625,1,17.647058823529413,82.35294117647058
marslike,2672_s43,2672,43,MERGED50_7c5d8dd9dd48f517,40.909090909090914,59.090909090909086,1,40.909090909090914,59.090909090909086
marslike,2692_s43,2692,43,MERGED50_7d0b0614229175f8,31.914893617021278,68.08510638297872,1,31.914893617021278,68.08510638297872
marslike,2705_s43,2705,43,MERGED50_7dbdcf7782af193c,41.07142857142857,58.92857142857143,1,32.69230769230769,67.3076923076923
marslike,2727_s43,2727,43,MERGED50_7ed2f6a56937016a,40.123456790123456,59.876543209876544,1,20.0,80.0
marslike,2728_s43,2728,43,MERGED50_7ede81269d8631a4,41.333333333333336,58.666666666666664,1,41.333333333333336,58.666666666666664
marslike,2741_s43,2741,43,MERGED50_7f640839a3f8e11a,49.895178197064986,50.104821802935014,1,21.73913043478261,78.26086956521739
marslike,2743_s43,2743,43,MERGED50_7f66caa8892be92f,36.440677966101696,63.559322033898304,1,21.153846153846153,78.84615384615384
marslike,2802_s43,2802,43,MERGED50_8250c39e60fe2cf2,48.51485148514851,51.48514851485149,1,16.94915254237288,83.05084745762713
marslike,2818_s43,2818,43,MERGED50_83412bf11620bd23,50.73891625615764,49.26108374384236,1,29.411764705882355,70.58823529411765
marslike,2833_s43,2833,43,MERGED50_841cf6c2b9f6631e,28.57142857142857,71.42857142857143,1,17.741935483870968,82.25806451612902
marslike,2853_s43,2853,43,MERGED50_853f79d92858401e,18.269230769230766,81.73076923076923,0,18.269230769230766,81.73076923076923
marslike,2859_s43,2859,43,MERGED50_85bd37c154ebca0f,32.846715328467155,67.15328467153284,1,26.47058823529412,73.52941176470588
marslike,2874_s43,2874,43,MERGED50_8639fd34028091ab,36.054421768707485,63.945578231292515,1,20.51282051282051,79.48717948717949
marslike,2884_s43,2884,43,MERGED50_867689993d36eb87,41.66666666666667,58.33333333333333,0,41.66666666666667,58.33333333333333
marslike,2894_s43,2894,43,MERGED50_86db53a5c57f5ff0,25.523012552301257,74.47698744769875,0,25.523012552301257,74.47698744769875
marslike,2903_s43,2903,43,MERGED50_873694b44f3b2ea8,49.36708860759494,50.63291139240506,1,17.647058823529413,82.35294117647058
marslike,2906_s43,2906,43,MERGED50_8745eb3faa2564b7,41.9753086419753,58.0246913580247,1,26.923076923076923,73.07692307692308
marslike,2928_s43,2928,43,MERGED50_883b24135493ecd4,40.0,60.0,1,26.47058823529412,73.52941176470588
marslike,2954_s43,2954,43,MERGED50_89eef421b7a393fa,19.65811965811966,80.34188034188034,1,19.65811965811966,80.34188034188034
marslike,2978_s43,2978,43,MERGED50_8b386db343c4677e,47.8134110787172,52.1865889212828,1,20.27027027027027,79.72972972972973
marslike,2987_s43,2987,43,MERGED50_8bedf43df42ac4c0,49.234693877551024,50.765306122448976,1,22.535211267605636,77.46478873239437
marslike,2993_s43,2993,43,MERGED50_8c190d7c98c4f693,44.866920152091254,55.133079847908746,1,18.30985915492958,81.69014084507042
marslike,2996_s43,2996,43,MERGED50_8c3d2660267e473d,45.34412955465587,54.65587044534413,1,16.853932584269664,83.14606741573033
marslike,3027_s43,3027,43,MERGED50_8dee8af9f39cd7fd,20.51282051282051,79.48717948717949,0,20.51282051282051,79.48717948717949
marslike,3032_s43,3032,43,MERGED50_8e20bc65561a86aa,19.801980198019802,80.1980198019802,1,18.81188118811881,81.1881188118812
marslike,3033_s43,3033,43,MERGED50_8e22f7d3d4198db8,48.507462686567166,51.492537313432834,1,20.149253731343283,79.85074626865672
marslike,3045_s43,3045,43,MERGED50_8ee742e81fc5700b,28.021978021978022,71.97802197802199,1,23.404255319148938,76.59574468085106
marslike,3049_s43,3049,43,MERGED50_8f21052c420280e1,35.526315789473685,64.47368421052632,1,17.105263157894736,82.89473684210526
marslike,3080_s43,3080,43,MERGED50_9098dca75b1a5014,53.69318181818182,46.30681818181818,1,15.966386554621847,84.03361344537815
marslike,3081_s43,3081,43,MERGED50_909e06366de0655f,42.90220820189275,57.09779179810725,1,14.423076923076922,85.57692307692308
marslike,3095_s43,3095,43,MERGED50_916c635910a1d9e7,42.30769230769231,57.69230769230769,1,18.0327868852459,81.9672131147541
marslike,3097_s43,3097,43,MERGED50_917a86209294b86f,46.85598377281947,53.14401622718053,1,16.666666666666664,83.33333333333334
marslike,3104_s43,3104,43,MERGED50_922ef138ede4a09e,51.11111111111111,48.88888888888889,1,26.31578947368421,73.6842105263158
marslike,3155_s43,3155,43,MERGED50_952fb4144de0c137,47.16312056737589,52.83687943262411,1,21.153846153846153,78.84615384615384
marslike,3175_s43,3175,43,MERGED50_967da48d929c47b7,35.266821345707655,64.73317865429235,1,28.368794326241137,71.63120567375887
marslike,3182_s43,3182,43,MERGED50_96b5b3822e77b0d1,65.88235294117646,34.117647058823536,1,65.88235294117646,34.117647058823536
marslike,3183_s43,3183,43,MERGED50_96b6b14d746a301d,40.36144578313253,59.63855421686747,1,26.82926829268293,73.17073170731707
marslike,3188_s43,3188,43,MERGED50_973156e9c6e6a362,31.215469613259668,68.78453038674033,1,23.200000000000003,76.8
marslike,3197_s43,3197,43,MERGED50_97cb7b15febeb2a5,37.08086785009862,62.91913214990138,1,19.696969696969695,80.30303030303031
marslike,3199_s43,3199,43,MERGED50_97dc8721613c2b73,44.44444444444444,55.55555555555556,1,16.666666666666664,83.33333333333334
marslike,3217_s43,3217,43,MERGED50_991d320f2a013e40,51.8348623853211,48.1651376146789,1,22.58064516129032,77.41935483870968
marslike,3225_s43,3225,43,MERGED50_998bb445f3f832c5,47.755102040816325,52.244897959183675,1,23.52941176470588,76.47058823529412
marslike,3236_s43,3236,43,MERGED50_99e8793681c95da7,32.87671232876712,67.12328767123287,1,32.87671232876712,67.12328767123287
marslike,3241_s43,3241,43,MERGED50_9a6d86d4a6b18c65,46.00760456273764,53.99239543726236,1,15.217391304347828,84.78260869565217
marslike,3248_s43,3248,43,MERGED50_9a8b8d185d4bd22e,44.36363636363637,55.63636363636363,1,19.35483870967742,80.64516129032258
marslike,3252_s43,3252,43,MERGED50_9aa2b233a097c88b,37.6425855513308,62.3574144486692,1,18.75,81.25
marslike,3256_s43,3256,43,MERGED50_9ab99c917ac7df76,44.83695652173913,55.16304347826087,1,16.94915254237288,83.05084745762713
marslike,3257_s43,3257,43,MERGED50_9abd9e349a65eaa1,45.2914798206278,54.7085201793722,1,20.33898305084746,79.66101694915254
marslike,3268_s43,3268,43,MERGED50_9b5fcc70f997c7eb,51.865671641791046,48.134328358208954,1,16.666666666666664,83.33333333333334
marslike,3269_s43,3269,43,MERGED50_9b7b4d6e047a5ec0,41.50485436893204,58.49514563106796,1,32.35294117647059,67.64705882352942
marslike,3272_s43,3272,43,MERGED50_9b8f00624edaac0d,55.3030303030303,44.6969696969697,1,17.857142857142858,82.14285714285714
marslike,3274_s43,3274,43,MERGED50_9b98dddab58fa657,40.38461538461539,59.61538461538461,0,40.38461538461539,59.61538461538461
marslike,3275_s43,3275,43,MERGED50_9bb2b32cfe362dbd,37.35632183908046,62.64367816091954,1,24.479166666666664,75.52083333333334
marslike,3305_s43,3305,43,MERGED50_9d334cd69d11cc08,48.97435897435897,51.02564102564103,1,20.0,80.0
marslike,3306_s43,3306,43,MERGED50_9d4cad0bf4f4eabb,15.384615384615385,84.61538461538461,0,15.384615384615385,84.61538461538461
marslike,3321_s43,3321,43,MERGED50_9df10ef1bbe6e50a,47.368421052631575,52.631578947368425,1,18.181818181818183,81.81818181818181
marslike,3354_s43,3354,43,MERGED50_a0217cea3a619c31,43.14079422382672,56.85920577617328,1,23.684210526315788,76.31578947368422
marslike,3361_s43,3361,43,MERGED50_a09fa1c40dba6a05,41.03585657370518,58.96414342629482,1,23.684210526315788,76.31578947368422
marslike,3410_s43,3410,43,MERGED50_a2d5559200c22c7a,15.517241379310345,84.48275862068965,0,15.517241379310345,84.48275862068965
marslike,3423_s43,3423,43,MERGED50_a36ed354195d99f9,39.09626719056975,60.90373280943025,1,19.444444444444446,80.55555555555556
marslike,3427_s43,3427,43,MERGED50_a38dcaacea403954,32.544378698224854,67.45562130177515,1,26.31578947368421,73.6842105263158
marslike,3429_s43,3429,43,MERGED50_a39b3ac9186d9697,40.723981900452486,59.276018099547514,1,14.492753623188406,85.5072463768116
marslike,3436_s43,3436,43,MERGED50_a42681c8ab1c5abd,46.808510638297875,53.191489361702125,1,18.34319526627219,81.65680473372781
marslike,3509_s43,3509,43,MERGED50_a84d6eb4536c54e4,44.44444444444444,55.55555555555556,1,19.047619047619047,80.95238095238095
marslike,3510_s43,3510,43,MERGED50_a84f97de017ca7ec,53.46715328467153,46.53284671532847,1,19.11764705882353,80.88235294117646
marslike,3532_s43,3532,43,MERGED50_a9ed355f00ad370a,70.37037037037037,29.629629629629633,1,70.37037037037037,29.629629629629633
marslike,3542_s43,3542,43,MERGED50_aa3463f5ddc1b812,38.46153846153847,61.53846153846153,1,23.076923076923077,76.92307692307692
marslike,3564_s43,3564,43,MERGED50_ab2b415c51b1e502,47.257383966244724,52.742616033755276,1,17.20430107526882,82.79569892473118
marslike,3567_s43,3567,43,MERGED50_ab425ac822b5007b,52.083333333333336,47.916666666666664,1,17.391304347826086,82.6086956521739
marslike,3581_s43,3581,43,MERGED50_ac0e0751641ba8c5,20.408163265306122,79.59183673469389,1,17.05426356589147,82.94573643410853
marslike,3585_s43,3585,43,MERGED50_ac619d734e1fed35,57.47126436781609,42.52873563218391,1,36.7816091954023,63.2183908045977
marslike,3586_s43,3586,43,MERGED50_ac69c745c89ad948,51.44356955380578,48.55643044619422,1,16.923076923076923,83.07692307692308
marslike,3629_s43,3629,43,MERGED50_ae7a8231780df578,41.28205128205128,58.71794871794872,1,18.64406779661017,81.35593220338983
marslike,3649_s43,3649,43,MERGED50_afa7cfce20caf18e,46.470588235294116,53.529411764705884,1,21.21212121212121,78.78787878787878
marslike,3669_s43,3669,43,MERGED50_b0921b39d04065fe,16.923076923076923,83.07692307692308,0,16.923076923076923,83.07692307692308
marslike,3672_s43,3672,43,MERGED50_b0acaec12cf54da1,34.166666666666664,65.83333333333334,1,16.049382716049383,83.95061728395062
marslike,3677_s43,3677,43,MERGED50_b11026cfc39511b7,54.48717948717948,45.51282051282052,1,21.91780821917808,78.08219178082192
marslike,3680_s43,3680,43,MERGED50_b158ae789a92cb66,41.509433962264154,58.490566037735846,1,35.0,65.0
marslike,3683_s43,3683,43,MERGED50_b17f8de8e8177506,23.333333333333332,76.66666666666667,0,23.333333333333332,76.66666666666667
marslike,3684_s43,3684,43,MERGED50_b19bfa8594c86411,34.61538461538461,65.38461538461539,1,34.61538461538461,65.38461538461539
marslike,3694_s43,3694,43,MERGED50_b25490b4a76d74a5,55.80110497237569,44.19889502762431,1,16.923076923076923,83.07692307692308
marslike,3702_s43,3702,43,MERGED50_b2b8613a7d28b25a,44.173441734417345,55.826558265582655,1,20.28985507246377,79.71014492753623
marslike,3718_s43,3718,43,MERGED50_b40efb3f02a47298,27.058823529411764,72.94117647058823,1,25.882352941176475,74.11764705882352
marslike,3722_s43,3722,43,MERGED50_b42142937144f0e9,51.533742331288344,48.466257668711656,1,19.718309859154928,80.28169014084507
marslike,3728_s43,3728,43,MERGED50_b45c254a83e9819b,42.38227146814405,57.61772853185595,1,15.827338129496402,84.1726618705036
marslike,3748_s43,3748,43,MERGED50_b58172d9edd3ab32,49.67948717948718,50.32051282051282,1,16.666666666666664,83.33333333333334
marslike,3752_s43,3752,43,MERGED50_b59c30f551ed6b1f,49.58217270194986,50.41782729805014,1,15.853658536585366,84.14634146341463
marslike,3762_s43,3762,43,MERGED50_b6320c1cb01534e4,27.480916030534353,72.51908396946564,1,27.480916030534353,72.51908396946564
marslike,3771_s43,3771,43,MERGED50_b69c514bad0a6438,52.21238938053098,47.78761061946902,1,16.363636363636363,83.63636363636364
marslike,3774_s43,3774,43,MERGED50_b6d00e21099ae542,47.65625,52.34375,1,18.51851851851852,81.48148148148148
marslike,3776_s43,3776,43,MERGED50_b6faaa8e81b33b62,16.470588235294116,83.52941176470588,0,16.470588235294116,83.52941176470588
marslike,3783_s43,3783,43,MERGED50_b7a6b6c91b9cd7ea,38.613861386138616,61.386138613861384,1,18.181818181818183,81.81818181818181
marslike,3816_s43,3816,43,MERGED50_b957d14dcf1bbe9a,38.70967741935484,61.29032258064516,1,25.925925925925924,74.07407407407408
marslike,3818_s43,3818,43,MERGED50_b967112def0d9512,36.93693693693694,63.06306306306306,1,21.052631578947366,78.94736842105263
marslike,3831_s43,3831,43,MERGED50_b9d681926a4b600e,25.0,75.0,0,25.0,75.0
marslike,3838_s43,3838,43,MERGED50_ba291c9173c50b04,42.71844660194174,57.28155339805826,1,19.17808219178082,80.82191780821918
marslike,3840_s43,3840,43,MERGED50_ba443842d54492a7,40.0,60.0,1,16.129032258064516,83.87096774193549
marslike,3852_s43,3852,43,MERGED50_bb10fbaaf2dc3390,16.049382716049383,83.95061728395062,0,16.049382716049383,83.95061728395062
marslike,3853_s43,3853,43,MERGED50_bb204324245ac57d,52.94117647058824,47.05882352941176,1,20.0,80.0
marslike,3855_s43,3855,43,MERGED50_bb3455cbaad33f86,41.74757281553398,58.25242718446602,1,17.142857142857142,82.85714285714286
marslike,3859_s43,3859,43,MERGED50_bb5eda403322a160,35.947712418300654,64.05228758169935,1,35.947712418300654,64.05228758169935
marslike,3872_s43,3872,43,MERGED50_bc17887e887e8809,17.647058823529413,82.35294117647058,1,16.216216216216218,83.78378378378378
marslike,3879_s43,3879,43,MERGED50_bc5d8b8a3e7fc15d,41.228070175438596,58.771929824561404,1,16.417910447761194,83.58208955223881
marslike,3895_s43,3895,43,MERGED50_bd037da1c83d4495,53.46534653465347,46.53465346534653,1,16.363636363636363,83.63636363636364
marslike,3904_s43,3904,43,MERGED50_bd5d3346b3f492d1,43.24324324324324,56.75675675675676,1,20.27027027027027,79.72972972972973
marslike,3913_s43,3913,43,MERGED50_bdfb0561a2f0e94d,25.352112676056336,74.64788732394366,0,25.352112676056336,74.64788732394366
marslike,3923_s43,3923,43,MERGED50_be9dd7740e7d701e,44.21052631578947,55.78947368421053,1,23.728813559322035,76.27118644067797
marslike,3926_s43,3926,43,MERGED50_beb97b9d7100d060,32.25806451612903,67.74193548387098,0,32.25806451612903,67.74193548387098
marslike,3937_s43,3937,43,MERGED50_bf4d181218869bd3,37.254901960784316,62.745098039215684,1,20.33898305084746,79.66101694915254
marslike,3948_s43,3948,43,MERGED50_c004f25ea592d5dc,36.0655737704918,63.9344262295082,1,24.242424242424242,75.75757575757575
marslike,3950_s43,3950,43,MERGED50_c023f2020521997b,42.28855721393035,57.71144278606965,1,16.94915254237288,83.05084745762713
marslike,3974_s43,3974,43,MERGED50_c14b578a40b8c8b1,26.865671641791046,73.13432835820896,1,26.865671641791046,73.13432835820896
marslike,3980_s43,3980,43,MERGED50_c1bf1e334817e0f2,41.17647058823529,58.82352941176471,0,41.17647058823529,58.82352941176471
marslike,3981_s43,3981,43,MERGED50_c1c730c120397711,53.43511450381679,46.56488549618321,1,22.058823529411764,77.94117647058823
marslike,3983_s43,3983,43,MERGED50_c1d88cac251c841c,48.728813559322035,51.271186440677965,1,16.0,84.0
marslike,4001_s43,4001,43,MERGED50_c3715085cbdba5f4,48.31460674157304,51.68539325842696,1,19.469026548672566,80.53097345132744
marslike,4016_s43,4016,43,MERGED50_c4074a4ba6f23c3b,22.58064516129032,77.41935483870968,0,22.58064516129032,77.41935483870968
marslike,4019_s43,4019,43,MERGED50_c430d42301ff2bd9,28.846153846153843,71.15384615384616,1,28.846153846153843,71.15384615384616
marslike,4024_s43,4024,43,MERGED50_c47a49ed1eedac36,38.297872340425535,61.702127659574465,1,15.957446808510639,84.04255319148936
marslike,4032_s43,4032,43,MERGED50_c4bda75420b8a03b,42.672413793103445,57.327586206896555,1,17.56756756756757,82.43243243243244
marslike,4039_s43,4039,43,MERGED50_c51ac5431905f7ee,40.229885057471265,59.770114942528735,1,33.82352941176471,66.17647058823529
marslike,4061_s43,4061,43,MERGED50_c6a44b119bef1302,24.731182795698924,75.26881720430107,0,24.731182795698924,75.26881720430107
marslike,4071_s43,4071,43,MERGED50_c74a4126117a32ad,46.68989547038328,53.31010452961672,1,15.625,84.375
marslike,4073_s43,4073,43,MERGED50_c75525dbde37c28c,44.230769230769226,55.769230769230774,1,16.25,83.75
marslike,4074_s43,4074,43,MERGED50_c75ab1a5c9ad6c6f,30.131004366812224,69.86899563318778,1,24.017467248908297,75.9825327510917
marslike,4078_s43,4078,43,MERGED50_c79ff93d590f9bda,58.82352941176471,41.17647058823529,1,58.82352941176471,41.17647058823529
marslike,4081_s43,4081,43,MERGED50_c7c021d8ab4041ec,26.89075630252101,73.10924369747899,1,26.89075630252101,73.10924369747899
marslike,4084_s43,4084,43,MERGED50_c7f03ab966fff9af,36.199095022624434,63.800904977375566,1,18.75,81.25
marslike,4096_s43,4096,43,MERGED50_c84242fb3de977b7,42.44604316546763,57.55395683453237,1,42.44604316546763,57.55395683453237
marslike,4121_s43,4121,43,MERGED50_c9f6c384862b1fe4,43.946188340807176,56.053811659192824,1,25.0,75.0
marslike,4167_s43,4167,43,MERGED50_cce784180d050396,22.058823529411764,77.94117647058823,1,22.058823529411764,77.94117647058823
marslike,4174_s43,4174,43,MERGED50_cd0a1fdd85de8ab1,47.68518518518518,52.31481481481482,1,25.0,75.0
marslike,4188_s43,4188,43,MERGED50_cddc29167df62ef9,17.857142857142858,82.14285714285714,1,17.857142857142858,82.14285714285714
marslike,4189_s43,4189,43,MERGED50_cdeb5e55f9b42a2d,48.54368932038835,51.45631067961165,1,20.0,80.0
marslike,4191_s43,4191,43,MERGED50_cdfbd57f3bb21d20,31.53153153153153,68.46846846846847,1,30.88235294117647,69.11764705882354
marslike,4198_s43,4198,43,MERGED50_ce9430b3548fb97f,16.666666666666664,83.33333333333334,0,16.666666666666664,83.33333333333334
marslike,4208_s43,4208,43,MERGED50_ceee00040657071c,43.04812834224599,56.95187165775401,1,17.391304347826086,82.6086956521739
marslike,4231_s43,4231,43,MERGED50_d05dd345e17ccbad,57.07070707070707,42.92929292929293,1,18.181818181818183,81.81818181818181
marslike,4248_s43,4248,43,MERGED50_d1669aedc2240498,39.37282229965157,60.62717770034843,1,16.666666666666664,83.33333333333334
marslike,4277_s43,4277,43,MERGED50_d33811d5beca09c4,61.29032258064516,38.70967741935484,1,61.29032258064516,38.70967741935484
marslike,4307_s43,4307,43,MERGED50_d46d768da670065d,21.21212121212121,78.78787878787878,1,21.21212121212121,78.78787878787878
marslike,4338_s43,4338,43,MERGED50_d63aedec8517f781,56.49717514124294,43.50282485875706,1,18.181818181818183,81.81818181818181
marslike,4339_s43,4339,43,MERGED50_d646f7b19527e834,40.0,60.0,1,19.41747572815534,80.58252427184466
marslike,4366_s43,4366,43,MERGED50_d79dcc8b60502ff1,41.86550976138829,58.13449023861171,1,18.51851851851852,81.48148148148148
marslike,4430_s43,4430,43,MERGED50_dbd87a83d6fc84aa,24.946236559139784,75.05376344086022,1,20.216606498194945,79.78339350180505
marslike,4444_s43,4444,43,MERGED50_dcf2317213ccfe3c,48.837209302325576,51.162790697674424,1,42.64705882352941,57.35294117647059
marslike,4450_s43,4450,43,MERGED50_dd2e6125e1a265fe,38.55421686746988,61.44578313253012,1,19.696969696969695,80.30303030303031
marslike,4460_s43,4460,43,MERGED50_dd88294982766a63,54.18502202643172,45.81497797356828,1,18.29268292682927,81.70731707317073
marslike,4473_s43,4473,43,MERGED50_de3037fc7a3630e5,18.478260869565215,81.52173913043478,1,18.478260869565215,81.52173913043478
marslike,4477_s43,4477,43,MERGED50_de83bc5e0f478a3f,26.47058823529412,73.52941176470588,1,26.47058823529412,73.52941176470588
marslike,4482_s43,4482,43,MERGED50_debafa50f2edd0c3,50.83333333333333,49.16666666666667,1,17.51824817518248,82.48175182481752
marslike,4494_s43,4494,43,MERGED50_df902d078f750801,28.57142857142857,71.42857142857143,1,28.57142857142857,71.42857142857143
marslike,4504_s43,4504,43,MERGED50_e0b9c4be3893b47f,48.53932584269663,51.46067415730337,1,16.470588235294116,83.52941176470588
marslike,4519_s43,4519,43,MERGED50_e212773ad22e28b2,51.64835164835166,48.35164835164834,1,19.58041958041958,80.41958041958043
marslike,4520_s43,4520,43,MERGED50_e231cb7424a6a4cc,29.100529100529098,70.8994708994709,1,23.333333333333332,76.66666666666667
marslike,4529_s43,4529,43,MERGED50_e2efec855aee89e2,32.142857142857146,67.85714285714286,1,17.307692307692307,82.6923076923077
marslike,4550_s43,4550,43,MERGED50_e42151b516d32088,28.947368421052634,71.05263157894737,1,17.741935483870968,82.25806451612902
marslike,4555_s43,4555,43,MERGED50_e475439234c7647e,58.82352941176471,41.17647058823529,1,21.21212121212121,78.78787878787878
marslike,4576_s43,4576,43,MERGED50_e5ff27e33cc22509,28.846153846153843,71.15384615384616,1,21.153846153846153,78.84615384615384
marslike,4599_s43,4599,43,MERGED50_e77ba9164be0680a,46.902654867256636,53.097345132743364,1,20.54794520547945,79.45205479452055
marslike,4641_s43,4641,43,MERGED50_e9c1dfc7c71e4fbc,51.470588235294116,48.529411764705884,1,51.470588235294116,48.529411764705884
marslike,4650_s43,4650,43,MERGED50_ea9029ad82f47cd2,23.684210526315788,76.31578947368422,0,23.684210526315788,76.31578947368422
marslike,4685_s43,4685,43,MERGED50_ec88cbd03a7591af,49.52561669829222,50.47438330170778,1,18.666666666666668,81.33333333333333
marslike,4703_s43,4703,43,MERGED50_ed73874f8aff14ec,46.695095948827294,53.304904051172706,1,19.018404907975462,80.98159509202453
marslike,4705_s43,4705,43,MERGED50_ed83b9c72b29bec9,45.47563805104408,54.52436194895592,1,16.923076923076923,83.07692307692308
marslike,4706_s43,4706,43,MERGED50_ed883dba8938761b,44.106463878327,55.893536121673,1,20.54794520547945,79.45205479452055
marslike,4714_s43,4714,43,MERGED50_eddd8b84fbb094df,39.39393939393939,60.60606060606061,1,39.39393939393939,60.60606060606061
marslike,4722_s43,4722,43,MERGED50_ee9ac1679f924fe0,18.823529411764707,81.17647058823529,0,18.823529411764707,81.17647058823529
marslike,4727_s43,4727,43,MERGED50_eeab14de56108434,47.66839378238342,52.33160621761658,1,23.655913978494624,76.34408602150538
marslike,4728_s43,4728,43,MERGED50_eebe608c1dc4845c,43.85382059800664,56.14617940199336,1,22.727272727272727,77.27272727272728
marslike,4751_s43,4751,43,MERGED50_f038619a0231ba7e,42.10526315789473,57.89473684210527,1,19.736842105263158,80.26315789473685
marslike,4763_s43,4763,43,MERGED50_f13c72cd8d45ebe7,42.64705882352941,57.35294117647059,1,42.64705882352941,57.35294117647059
marslike,4795_s43,4795,43,MERGED50_f2cc0874cbb65938,38.35616438356164,61.64383561643836,1,38.35616438356164,61.64383561643836
marslike,4812_s43,4812,43,MERGED50_f43a6e20b5945044,44.35146443514644,55.64853556485356,1,22.058823529411764,77.94117647058823
marslike,4824_s43,4824,43,MERGED50_f4ee08c1c2850382,31.76470588235294,68.23529411764706,0,31.76470588235294,68.23529411764706
marslike,4826_s43,4826,43,MERGED50_f4fc13f6a35cece9,51.047120418848166,48.952879581151834,1,17.105263157894736,82.89473684210526
marslike,4828_s43,4828,43,MERGED50_f50b9fbf99080303,32.098765432098766,67.90123456790124,1,32.098765432098766,67.90123456790124
marslike,4844_s43,4844,43,MERGED50_f5fc15383ffa145c,30.8411214953271,69.1588785046729,1,20.5607476635514,79.4392523364486
marslike,4852_s43,4852,43,MERGED50_f66fbf9aead0a729,47.71084337349398,52.28915662650602,1,15.463917525773196,84.5360824742268
marslike,4868_s43,4868,43,MERGED50_f77547d110548b22,51.298701298701296,48.701298701298704,1,19.230769230769234,80.76923076923077
marslike,4878_s43,4878,43,MERGED50_f80b1bfa68a5055b,42.10526315789473,57.89473684210527,1,16.94915254237288,83.05084745762713
marslike,4882_s43,4882,43,MERGED50_f85af1cfd77fe329,17.307692307692307,82.6923076923077,0,17.307692307692307,82.6923076923077
marslike,4890_s43,4890,43,MERGED50_f8f2c16d148835db,33.00970873786408,66.99029126213591,1,21.35922330097087,78.64077669902913
marslike,4894_s43,4894,43,MERGED50_f9b2afb323193f2d,35.63218390804598,64.36781609195401,0,35.63218390804598,64.36781609195401
marslike,4906_s43,4906,43,MERGED50_faa39422296b7aca,50.70422535211267,49.29577464788733,1,18.181818181818183,81.81818181818181
marslike,4928_s43,4928,43,MERGED50_fc3b933e66dbd079,34.80519480519481,65.19480519480518,1,25.0,75.0
marslike,4935_s43,4935,43,MERGED50_fc6832bf8f311645,41.578947368421055,58.421052631578945,1,15.517241379310345,84.48275862068965
marslike,4974_s43,4974,43,MERGED50_fec23b05266c6445,39.52095808383233,60.47904191616767,1,17.073170731707318,82.92682926829268
marslike,4997_s43,4997,43,MERGED50_ffe58f76fbf1c3d1,34.61538461538461,65.38461538461539,0,34.61538461538461,65.38461538461539
marslike,4999_s43,4999,43,MERGED50_fff98652c2cd13ef,40.845070422535215,59.154929577464785,1,15.625,84.375
marslike,5003_s43,5003,43,MERGED50_00120ac4459afbdb,21.428571428571427,78.57142857142857,0,21.428571428571427,78.57142857142857
marslike,5008_s43,5008,43,MERGED50_0032c81cd7cab7ac,20.8955223880597,79.1044776119403,0,20.8955223880597,79.1044776119403
marslike,5025_s43,5025,43,MERGED50_00dde5a176ea8d7f,18.91891891891892,81.08108108108108,0,18.91891891891892,81.08108108108108
marslike,5037_s43,5037,43,MERGED50_017b6f29c6d8b633,17.94871794871795,82.05128205128204,0,17.94871794871795,82.05128205128204
marslike,5040_s43,5040,43,MERGED50_01942ab7f57ed721,26.31578947368421,73.6842105263158,0,26.31578947368421,73.6842105263158
marslike,5051_s43,5051,43,MERGED50_0230fd9b3fc7499a,18.96551724137931,81.0344827586207,0,18.96551724137931,81.0344827586207
marslike,5055_s43,5055,43,MERGED50_026479af6aa24b0c,16.23931623931624,83.76068376068376,0,16.23931623931624,83.76068376068376
marslike,5065_s43,5065,43,MERGED50_02feb0913a030592,18.29268292682927,81.70731707317073,0,18.29268292682927,81.70731707317073
marslike,5070_s43,5070,43,MERGED50_032dbc2eb5018b1c,17.857142857142858,82.14285714285714,0,17.857142857142858,82.14285714285714
marslike,5076_s43,5076,43,MERGED50_036399fc2c0cccb7,18.181818181818183,81.81818181818181,0,18.181818181818183,81.81818181818181
marslike,5080_s43,5080,43,MERGED50_03796420107aef19,70.96774193548387,29.032258064516128,0,70.96774193548387,29.032258064516128
marslike,5088_s43,5088,43,MERGED50_03c0a40f99dc781c,15.625,84.375,0,15.625,84.375
marslike,5089_s43,5089,43,MERGED50_03c2e6c187473265,27.77777777777778,72.22222222222223,0,27.77777777777778,72.22222222222223
marslike,5095_s43,5095,43,MERGED50_03db67f5ccc79c0e,16.666666666666664,83.33333333333334,0,16.666666666666664,83.33333333333334
marslike,5123_s43,5123,43,MERGED50_05a26bba040196ba,22.857142857142858,77.14285714285714,0,22.857142857142858,77.14285714285714
marslike,5131_s43,5131,43,MERGED50_05e88b6f0885c311,27.586206896551722,72.41379310344828,0,27.586206896551722,72.41379310344828
marslike,5138_s43,5138,43,MERGED50_0617e4c0228d6fb6,26.923076923076923,73.07692307692308,0,26.923076923076923,73.07692307692308
marslike,5150_s43,5150,43,MERGED50_0658641ef48a2727,16.666666666666664,83.33333333333334,0,16.666666666666664,83.33333333333334
marslike,5165_s43,5165,43,MERGED50_07072a9a4444b12d,17.647058823529413,82.35294117647058,0,17.647058823529413,82.35294117647058
marslike,5173_s43,5173,43,MERGED50_0766020e50efe4ea,20.0,80.0,0,20.0,80.0
marslike,5177_s43,5177,43,MERGED50_07a1d9c0df06e230,17.073170731707318,82.92682926829268,0,17.073170731707318,82.92682926829268
marslike,5181_s43,5181,43,MERGED50_07aec71e4d97a4d0,19.17808219178082,80.82191780821918,0,19.17808219178082,80.82191780821918
marslike,5187_s43,5187,43,MERGED50_07e99b5bc195d497,18.30985915492958,81.69014084507042,0,18.30985915492958,81.69014084507042
marslike,5197_s43,5197,43,MERGED50_08e0ff1a206018df,17.346938775510203,82.65306122448979,0,17.346938775510203,82.65306122448979
marslike,5206_s43,5206,43,MERGED50_094c5a9d4692919d,28.846153846153843,71.15384615384616,0,28.846153846153843,71.15384615384616
marslike,5214_s43,5214,43,MERGED50_09b58931be2e6dd7,55.21472392638037,44.78527607361963,0,55.21472392638037,44.78527607361963
marslike,5234_s43,5234,43,MERGED50_0a59d788503e05b0,16.883116883116884,83.11688311688312,0,16.883116883116884,83.11688311688312
marslike,5242_s43,5242,43,MERGED50_0aa1d3066901a600,16.363636363636363,83.63636363636364,0,16.363636363636363,83.63636363636364
marslike,5243_s43,5243,43,MERGED50_0aa29fbf0959eb32,17.142857142857142,82.85714285714286,0,17.142857142857142,82.85714285714286
marslike,5255_s43,5255,43,MERGED50_0b1882a8e996db17,25.0,75.0,0,25.0,75.0
marslike,5264_s43,5264,43,MERGED50_0b6344ff33e8afaf,22.22222222222222,77.77777777777777,0,22.22222222222222,77.77777777777777
marslike,5279_s43,5279,43,MERGED50_0bef9f9d0a8f8775,33.82352941176471,66.17647058823529,0,33.82352941176471,66.17647058823529
marslike,5298_s43,5298,43,MERGED50_0cf62e1ccb94abd0,15.841584158415841,84.15841584158416,0,15.841584158415841,84.15841584158416
marslike,5317_s43,5317,43,MERGED50_0de5d82f449aae02,15.942028985507244,84.05797101449275,0,15.942028985507244,84.05797101449275
marslike,5338_s43,5338,43,MERGED50_0e8e0624ad32891d,17.741935483870968,82.25806451612902,0,17.741935483870968,82.25806451612902
marslike,5339_s43,5339,43,MERGED50_0ea09acdf6f8b5d3,20.0,80.0,0,20.0,80.0
marslike,5340_s43,5340,43,MERGED50_0eaff4ebc03b683a,16.666666666666664,83.33333333333334,0,16.666666666666664,83.33333333333334
marslike,5354_s43,5354,43,MERGED50_0f8092eecccca48e,17.741935483870968,82.25806451612902,0,17.741935483870968,82.25806451612902
marslike,5373_s43,5373,43,MERGED50_1052cd8ef9c7243a,17.75700934579439,82.24299065420561,0,17.75700934579439,82.24299065420561
marslike,5380_s43,5380,43,MERGED50_10841adedd45e76e,23.4375,76.5625,0,23.4375,76.5625
marslike,5394_s43,5394,43,MERGED50_11499e85c66a4092,46.27659574468085,53.72340425531915,0,46.27659574468085,53.72340425531915
marslike,5423_s43,5423,43,MERGED50_12dd5cd19acc7e20,37.254901960784316,62.745098039215684,0,37.254901960784316,62.745098039215684
marslike,5428_s43,5428,43,MERGED50_12e93fded623c2e1,19.148936170212767,80.85106382978724,0,19.148936170212767,80.85106382978724
marslike,5438_s43,5438,43,MERGED50_135575845b910841,47.05882352941176,52.94117647058824,0,47.05882352941176,52.94117647058824
marslike,5447_s43,5447,43,MERGED50_13b18f1252e84741,23.31288343558282,76.68711656441718,0,23.31288343558282,76.68711656441718
marslike,5449_s43,5449,43,MERGED50_13bea424a5f6e1a5,24.113475177304963,75.88652482269504,0,24.113475177304963,75.88652482269504
marslike,5455_s43,5455,43,MERGED50_143fd4b2ee48536b,17.24137931034483,82.75862068965517,0,17.24137931034483,82.75862068965517
marslike,5460_s43,5460,43,MERGED50_147c853898014120,36.231884057971016,63.768115942028984,0,36.231884057971016,63.768115942028984
marslike,5461_s43,5461,43,MERGED50_147d2013d65fc512,18.75,81.25,0,18.75,81.25
marslike,5463_s43,5463,43,MERGED50_147fd6b01d85a456,20.588235294117645,79.41176470588235,0,20.588235294117645,79.41176470588235
marslike,5464_s43,5464,43,MERGED50_14801d20b7ddca47,21.153846153846153,78.84615384615384,0,21.153846153846153,78.84615384615384
marslike,5496_s43,5496,43,MERGED50_15f124865ab1bdde,15.96244131455399,84.03755868544602,0,15.96244131455399,84.03755868544602
marslike,5543_s43,5543,43,MERGED50_17b9fadb9ce7a553,19.35483870967742,80.64516129032258,0,19.35483870967742,80.64516129032258
marslike,5545_s43,5545,43,MERGED50_17cc67d2a7cdcd32,17.307692307692307,82.6923076923077,0,17.307692307692307,82.6923076923077
marslike,5550_s43,5550,43,MERGED50_17f7da5b4fd6edbd,51.92307692307693,48.07692307692307,0,51.92307692307693,48.07692307692307
marslike,5594_s43,5594,43,MERGED50_19d1d1e7a0e2637f,19.07514450867052,80.92485549132948,0,19.07514450867052,80.92485549132948
marslike,5604_s43,5604,43,MERGED50_1a871ed70368ae12,16.363636363636363,83.63636363636364,0,16.363636363636363,83.63636363636364
marslike,5605_s43,5605,43,MERGED50_1a876c5efeac5087,20.0,80.0,0,20.0,80.0
marslike,5633_s43,5633,43,MERGED50_1c30005406d38112,25.675675675675674,74.32432432432432,0,25.675675675675674,74.32432432432432
marslike,5641_s43,5641,43,MERGED50_1c74737af57a3b41,18.181818181818183,81.81818181818181,0,18.181818181818183,81.81818181818181
marslike,5653_s43,5653,43,MERGED50_1d0a2e0cfd4a49ed,20.155038759689923,79.84496124031008,0,20.155038759689923,79.84496124031008
marslike,5669_s43,5669,43,MERGED50_1d8b828b93987a54,21.21212121212121,78.78787878787878,0,21.21212121212121,78.78787878787878
marslike,5674_s43,5674,43,MERGED50_1dca57cac228f5ba,17.105263157894736,82.89473684210526,0,17.105263157894736,82.89473684210526
marslike,5697_s43,5697,43,MERGED50_1e8cd1176472ec23,20.689655172413794,79.3103448275862,0,20.689655172413794,79.3103448275862
marslike,5705_s43,5705,43,MERGED50_1f0319b34770bb4e,17.391304347826086,82.6086956521739,0,17.391304347826086,82.6086956521739
marslike,5711_s43,5711,43,MERGED50_1f5b82705668d318,20.0,80.0,0,20.0,80.0
marslike,5713_s43,5713,43,MERGED50_1f69c38cc82badcf,75.47169811320755,24.52830188679245,0,75.47169811320755,24.52830188679245
marslike,5714_s43,5714,43,MERGED50_1f72254b20f2bfd1,20.588235294117645,79.41176470588235,0,20.588235294117645,79.41176470588235
marslike,5717_s43,5717,43,MERGED50_1f774c939473b487,17.24137931034483,82.75862068965517,0,17.24137931034483,82.75862068965517
marslike,5720_s43,5720,43,MERGED50_1f91ad6122624770,16.071428571428573,83.92857142857143,0,16.071428571428573,83.92857142857143
marslike,5750_s43,5750,43,MERGED50_20eadc13a183a77b,17.80821917808219,82.1917808219178,0,17.80821917808219,82.1917808219178
marslike,5755_s43,5755,43,MERGED50_21522a91acb8d5b4,16.304347826086957,83.69565217391305,0,16.304347826086957,83.69565217391305
marslike,5821_s43,5821,43,MERGED50_23bacdc8fa9679cf,16.666666666666664,83.33333333333334,0,16.666666666666664,83.33333333333334
marslike,5826_s43,5826,43,MERGED50_2406f5f5cee4d0e3,31.666666666666664,68.33333333333334,0,31.666666666666664,68.33333333333334
marslike,5827_s43,5827,43,MERGED50_241513ee4f2a5141,16.666666666666664,83.33333333333334,0,16.666666666666664,83.33333333333334
marslike,5842_s43,5842,43,MERGED50_24bd4658575e2d5f,42.30769230769231,57.69230769230769,0,42.30769230769231,57.69230769230769
marslike,5843_s43,5843,43,MERGED50_24c7a53a67519e41,24.193548387096776,75.80645161290323,0,24.193548387096776,75.80645161290323
marslike,5844_s43,5844,43,MERGED50_24cfd77c882e4386,14.864864864864865,85.13513513513513,0,14.864864864864865,85.13513513513513
marslike,5865_s43,5865,43,MERGED50_2585ac52fd7648cb,17.741935483870968,82.25806451612902,0,17.741935483870968,82.25806451612902
marslike,5873_s43,5873,43,MERGED50_25ec6356e1075dd9,15.942028985507244,84.05797101449275,0,15.942028985507244,84.05797101449275
marslike,5874_s43,5874,43,MERGED50_25fb5ac1b1f5982d,19.565217391304348,80.43478260869566,0,19.565217391304348,80.43478260869566
marslike,5876_s43,5876,43,MERGED50_261269a44bdb5e4e,21.052631578947366,78.94736842105263,0,21.052631578947366,78.94736842105263
marslike,5877_s43,5877,43,MERGED50_26245ee18911017f,17.5,82.5,0,17.5,82.5
marslike,5904_s43,5904,43,MERGED50_275d875a20c2086e,37.21518987341772,62.78481012658228,0,37.21518987341772,62.78481012658228
marslike,5937_s43,5937,43,MERGED50_28cc2c2954f1f9af,17.56756756756757,82.43243243243244,0,17.56756756756757,82.43243243243244
marslike,5963_s43,5963,43,MERGED50_29b73def492c9f44,28.985507246376812,71.01449275362319,0,28.985507246376812,71.01449275362319
marslike,5965_s43,5965,43,MERGED50_29dec82371754969,16.39344262295082,83.60655737704919,0,16.39344262295082,83.60655737704919
marslike,5966_s43,5966,43,MERGED50_29e894be39de3ccc,16.901408450704224,83.09859154929578,0,16.901408450704224,83.09859154929578
marslike,5967_s43,5967,43,MERGED50_29f3849fa5c83b6b,35.294117647058826,64.70588235294117,0,35.294117647058826,64.70588235294117
marslike,5988_s43,5988,43,MERGED50_2ac5902fdbf7595a,15.853658536585366,84.14634146341463,0,15.853658536585366,84.14634146341463
marslike,5991_s43,5991,43,MERGED50_2af00ba0a63b54c7,23.91304347826087,76.08695652173913,0,23.91304347826087,76.08695652173913
marslike,6013_s43,6013,43,MERGED50_2bf87492134fc0dc,22.535211267605636,77.46478873239437,0,22.535211267605636,77.46478873239437
marslike,6030_s43,6030,43,MERGED50_2ca9303b4c59fbe3,17.741935483870968,82.25806451612902,0,17.741935483870968,82.25806451612902
marslike,6037_s43,6037,43,MERGED50_2d02571f78bd5b1f,24.074074074074073,75.92592592592592,0,24.074074074074073,75.92592592592592
marslike,6038_s43,6038,43,MERGED50_2d082ed9eda7ac7c,15.032679738562091,84.9673202614379,0,15.032679738562091,84.9673202614379
marslike,6075_s43,6075,43,MERGED50_2edca9e118ffb9d8,25.925925925925924,74.07407407407408,0,25.925925925925924,74.07407407407408
marslike,6080_s43,6080,43,MERGED50_2f3e2ccaa26b49c8,25.0,75.0,0,25.0,75.0
marslike,6086_s43,6086,43,MERGED50_2f886770df068b4e,27.011494252873565,72.98850574712644,0,27.011494252873565,72.98850574712644
marslike,6087_s43,6087,43,MERGED50_2f9586f2a5b11d8a,33.33333333333333,66.66666666666667,0,33.33333333333333,66.66666666666667
marslike,6103_s43,6103,43,MERGED50_30bfcb889780830f,16.666666666666664,83.33333333333334,0,16.666666666666664,83.33333333333334
marslike,6104_s43,6104,43,MERGED50_30c34d730d4ccf94,28.846153846153843,71.15384615384616,0,28.846153846153843,71.15384615384616
marslike,6116_s43,6116,43,MERGED50_313ca9ab59e17c8f,49.693251533742334,50.306748466257666,0,49.693251533742334,50.306748466257666
marslike,6181_s43,6181,43,MERGED50_33e35be905d9378c,16.853932584269664,83.14606741573033,0,16.853932584269664,83.14606741573033
marslike,6182_s43,6182,43,MERGED50_33e51a073473041f,22.058823529411764,77.94117647058823,0,22.058823529411764,77.94117647058823
marslike,6193_s43,6193,43,MERGED50_3474136b0bf6193e,20.915032679738562,79.08496732026144,0,20.915032679738562,79.08496732026144
marslike,6194_s43,6194,43,MERGED50_347cd78b861b17af,25.0,75.0,0,25.0,75.0
marslike,6204_s43,6204,43,MERGED50_3503dae89ca3dfce,18.51851851851852,81.48148148148148,0,18.51851851851852,81.48148148148148
marslike,6207_s43,6207,43,MERGED50_35122db13fdb8b07,16.129032258064516,83.87096774193549,0,16.129032258064516,83.87096774193549
marslike,6209_s43,6209,43,MERGED50_3520584afc8a33ad,15.09433962264151,84.90566037735849,0,15.09433962264151,84.90566037735849
marslike,6212_s43,6212,43,MERGED50_353562fb552e0292,18.96551724137931,81.0344827586207,0,18.96551724137931,81.0344827586207
marslike,6214_s43,6214,43,MERGED50_35410a764aa25a8b,44.565217391304344,55.434782608695656,0,44.565217391304344,55.434782608695656
marslike,6231_s43,6231,43,MERGED50_362608d0e96165c5,17.307692307692307,82.6923076923077,0,17.307692307692307,82.6923076923077
marslike,6264_s43,6264,43,MERGED50_37e7309400ab7fbf,20.689655172413794,79.3103448275862,0,20.689655172413794,79.3103448275862
marslike,6273_s43,6273,43,MERGED50_38192c92ace9c2b2,25.806451612903224,74.19354838709677,0,25.806451612903224,74.19354838709677
marslike,6310_s43,6310,43,MERGED50_3a48efc48adf6791,16.071428571428573,83.92857142857143,0,16.071428571428573,83.92857142857143
marslike,6322_s43,6322,43,MERGED50_3aee623fb946d49c,15.151515151515152,84.84848484848484,0,15.151515151515152,84.84848484848484
marslike,6324_s43,6324,43,MERGED50_3af9c2daf4a97a07,16.27906976744186,83.72093023255815,0,16.27906976744186,83.72093023255815
marslike,6335_s43,6335,43,MERGED50_3b8bb8db14e2c466,17.1875,82.8125,0,17.1875,82.8125
marslike,6355_s43,6355,43,MERGED50_3c864b0b094bc09e,44.230769230769226,55.769230769230774,0,44.230769230769226,55.769230769230774
marslike,6380_s43,6380,43,MERGED50_3db50175a26d1f53,16.923076923076923,83.07692307692308,0,16.923076923076923,83.07692307692308
marslike,6388_s43,6388,43,MERGED50_3e0f29729006fdc8,17.307692307692307,82.6923076923077,0,17.307692307692307,82.6923076923077
marslike,6394_s43,6394,43,MERGED50_3e31db176008bf4f,29.411764705882355,70.58823529411765,0,29.411764705882355,70.58823529411765
marslike,6413_s43,6413,43,MERGED50_3f23cbc1acbf3202,15.384615384615385,84.61538461538461,0,15.384615384615385,84.61538461538461
marslike,6422_s43,6422,43,MERGED50_3fc4275573c5146c,22.5,77.5,0,22.5,77.5
marslike,6431_s43,6431,43,MERGED50_406189f9b8104f91,43.558282208588956,56.441717791411044,0,43.558282208588956,56.441717791411044
marslike,6442_s43,6442,43,MERGED50_40fdd5d893e97c5a,17.543859649122805,82.45614035087719,0,17.543859649122805,82.45614035087719
marslike,6468_s43,6468,43,MERGED50_424da7730788ae77,34.40860215053764,65.59139784946237,0,34.40860215053764,65.59139784946237
marslike,6473_s43,6473,43,MERGED50_42a2fac0542f7e06,20.73170731707317,79.26829268292683,0,20.73170731707317,79.26829268292683
marslike,6474_s43,6474,43,MERGED50_42a55d455ae1cf3c,17.46031746031746,82.53968253968254,0,17.46031746031746,82.53968253968254
marslike,6482_s43,6482,43,MERGED50_42e695e93eac8e17,24.0,76.0,0,24.0,76.0
marslike,6488_s43,6488,43,MERGED50_42fccac0c21ef9ac,30.88235294117647,69.11764705882354,0,30.88235294117647,69.11764705882354
marslike,6506_s43,6506,43,MERGED50_43ccc70d8f307649,20.0,80.0,0,20.0,80.0
marslike,6514_s43,6514,43,MERGED50_4418dd3863583116,16.94915254237288,83.05084745762713,0,16.94915254237288,83.05084745762713
marslike,6520_s43,6520,43,MERGED50_445790f1b653abfb,42.3728813559322,57.6271186440678,0,42.3728813559322,57.6271186440678
marslike,6525_s43,6525,43,MERGED50_449a20f91c933e1f,46.15384615384615,53.84615384615385,0,46.15384615384615,53.84615384615385
marslike,6539_s43,6539,43,MERGED50_45027739af12f05f,16.176470588235293,83.82352941176471,0,16.176470588235293,83.82352941176471
marslike,6553_s43,6553,43,MERGED50_45a6672b71c24464,16.94915254237288,83.05084745762713,0,16.94915254237288,83.05084745762713
marslike,6562_s43,6562,43,MERGED50_4630aadbf92ba041,55.21472392638037,44.78527607361963,0,55.21472392638037,44.78527607361963
marslike,6591_s43,6591,43,MERGED50_47d6ad19027377fc,21.21212121212121,78.78787878787878,0,21.21212121212121,78.78787878787878
marslike,6612_s43,6612,43,MERGED50_48d5cb95348a563c,22.807017543859647,77.19298245614036,0,22.807017543859647,77.19298245614036
marslike,6620_s43,6620,43,MERGED50_48f847157815479d,30.275229357798167,69.72477064220183,0,30.275229357798167,69.72477064220183
marslike,6629_s43,6629,43,MERGED50_4945f493e4a8fba9,27.631578947368425,72.36842105263158,0,27.631578947368425,72.36842105263158
marslike,6642_s43,6642,43,MERGED50_49c30e1f114f8f32,44.11764705882353,55.88235294117647,0,44.11764705882353,55.88235294117647
marslike,6649_s43,6649,43,MERGED50_4a15fafd501860ab,17.708333333333336,82.29166666666666,0,17.708333333333336,82.29166666666666
marslike,6652_s43,6652,43,MERGED50_4a6d34cdbd9b0264,24.137931034482758,75.86206896551724,0,24.137931034482758,75.86206896551724
marslike,6665_s43,6665,43,MERGED50_4b22e024e8c209ad,19.230769230769234,80.76923076923077,0,19.230769230769234,80.76923076923077
marslike,6666_s43,6666,43,MERGED50_4b2375a288029e4f,18.51851851851852,81.48148148148148,0,18.51851851851852,81.48148148148148
marslike,6673_s43,6673,43,MERGED50_4b623b2300f207ed,33.33333333333333,66.66666666666667,0,33.33333333333333,66.66666666666667
marslike,6676_s43,6676,43,MERGED50_4b84e2abf6d565e2,17.80821917808219,82.1917808219178,0,17.80821917808219,82.1917808219178
marslike,6689_s43,6689,43,MERGED50_4c0e7b28838a602e,17.77777777777778,82.22222222222223,0,17.77777777777778,82.22222222222223
marslike,6723_s43,6723,43,MERGED50_4d7d24b19f3a3629,19.047619047619047,80.95238095238095,0,19.047619047619047,80.95238095238095
marslike,6743_s43,6743,43,MERGED50_4ea6a62082f36318,16.94915254237288,83.05084745762713,0,16.94915254237288,83.05084745762713
marslike,6745_s43,6745,43,MERGED50_4eb1f8533467fad1,17.525773195876287,82.47422680412372,0,17.525773195876287,82.47422680412372
marslike,6766_s43,6766,43,MERGED50_4fb0d99db340f941,41.17647058823529,58.82352941176471,0,41.17647058823529,58.82352941176471
marslike,6770_s43,6770,43,MERGED50_502f987829931ca6,23.456790123456788,76.54320987654322,0,23.456790123456788,76.54320987654322
marslike,6803_s43,6803,43,MERGED50_51f742b8a67d12cd,18.823529411764707,81.17647058823529,0,18.823529411764707,81.17647058823529
marslike,6819_s43,6819,43,MERGED50_52b7b17881927c93,23.333333333333332,76.66666666666667,0,23.333333333333332,76.66666666666667
marslike,6837_s43,6837,43,MERGED50_53b7bd02baf2cc90,17.24137931034483,82.75862068965517,0,17.24137931034483,82.75862068965517
marslike,6849_s43,6849,43,MERGED50_540cd867937420f9,23.728813559322035,76.27118644067797,0,23.728813559322035,76.27118644067797
marslike,6855_s43,6855,43,MERGED50_547c588dfc5a3a81,28.235294117647058,71.76470588235294,0,28.235294117647058,71.76470588235294
marslike,6880_s43,6880,43,MERGED50_5570b1208b43496e,15.068493150684931,84.93150684931507,0,15.068493150684931,84.93150684931507
marslike,6895_s43,6895,43,MERGED50_56378e4b0fd3b846,20.2020202020202,79.79797979797979,0,20.2020202020202,79.79797979797979
marslike,6898_s43,6898,43,MERGED50_565ea2dd8f94565e,15.384615384615385,84.61538461538461,0,15.384615384615385,84.61538461538461
marslike,6903_s43,6903,43,MERGED50_56852301d26697d3,45.23809523809524,54.76190476190476,0,45.23809523809524,54.76190476190476
marslike,6908_s43,6908,43,MERGED50_56bfd61144d2abb2,18.58407079646018,81.41592920353982,0,18.58407079646018,81.41592920353982
marslike,6951_s43,6951,43,MERGED50_59114f30f3d097ae,26.436781609195403,73.5632183908046,0,26.436781609195403,73.5632183908046
marslike,6953_s43,6953,43,MERGED50_5924e83f975f76be,29.230769230769234,70.76923076923077,0,29.230769230769234,70.76923076923077
marslike,6954_s43,6954,43,MERGED50_5929ffb9c60a4412,18.51851851851852,81.48148148148148,0,18.51851851851852,81.48148148148148
marslike,6963_s43,6963,43,MERGED50_599e6e55f940e1ce,20.588235294117645,79.41176470588235,0,20.588235294117645,79.41176470588235
marslike,6975_s43,6975,43,MERGED50_5a380ea2c0115c7d,29.411764705882355,70.58823529411765,0,29.411764705882355,70.58823529411765
marslike,6978_s43,6978,43,MERGED50_5a48ae31dc66492a,18.75,81.25,0,18.75,81.25
marslike,7001_s43,7001,43,MERGED50_5b49db4343a21100,25.423728813559322,74.57627118644068,0,25.423728813559322,74.57627118644068
marslike,7003_s43,7003,43,MERGED50_5b5708e1f2afd667,19.858156028368796,80.1418439716312,0,19.858156028368796,80.1418439716312
marslike,7027_s43,7027,43,MERGED50_5c933189d3e164a0,16.19047619047619,83.80952380952381,0,16.19047619047619,83.80952380952381
marslike,7040_s43,7040,43,MERGED50_5d3d09336641f19d,35.294117647058826,64.70588235294117,0,35.294117647058826,64.70588235294117
marslike,7044_s43,7044,43,MERGED50_5d5f19f626fc706e,20.0,80.0,0,20.0,80.0
marslike,7048_s43,7048,43,MERGED50_5daa2035440006a5,23.076923076923077,76.92307692307692,0,23.076923076923077,76.92307692307692
marslike,7050_s43,7050,43,MERGED50_5dc5453d8984c5c4,20.652173913043477,79.34782608695653,0,20.652173913043477,79.34782608695653
marslike,7065_s43,7065,43,MERGED50_5ed18bdf49919fa5,18.75,81.25,0,18.75,81.25
marslike,7070_s43,7070,43,MERGED50_5ed9ed1beea0f58f,17.75700934579439,82.24299065420561,0,17.75700934579439,82.24299065420561
marslike,7071_s43,7071,43,MERGED50_5eee18b240a0f0a7,16.666666666666664,83.33333333333334,0,16.666666666666664,83.33333333333334
marslike,7095_s43,7095,43,MERGED50_602d43cdb00455f8,22.535211267605636,77.46478873239437,0,22.535211267605636,77.46478873239437
marslike,7097_s43,7097,43,MERGED50_6045ba847e8f846b,20.0,80.0,0,20.0,80.0
marslike,7122_s43,7122,43,MERGED50_617bb484c96256b2,28.846153846153843,71.15384615384616,0,28.846153846153843,71.15384615384616
marslike,7133_s43,7133,43,MERGED50_6217b8cd30fde9df,19.35483870967742,80.64516129032258,0,19.35483870967742,80.64516129032258
marslike,7135_s43,7135,43,MERGED50_6233950c887b15a7,20.98765432098765,79.01234567901236,0,20.98765432098765,79.01234567901236
marslike,7150_s43,7150,43,MERGED50_62987481b2dadf06,19.230769230769234,80.76923076923077,0,19.230769230769234,80.76923076923077
marslike,7152_s43,7152,43,MERGED50_62a357caa46df845,22.36842105263158,77.63157894736842,0,22.36842105263158,77.63157894736842
marslike,7160_s43,7160,43,MERGED50_6327114bd07f720f,15.151515151515152,84.84848484848484,0,15.151515151515152,84.84848484848484
marslike,7168_s43,7168,43,MERGED50_6395254a5bd5dd2c,17.307692307692307,82.6923076923077,0,17.307692307692307,82.6923076923077
marslike,7183_s43,7183,43,MERGED50_64705ba38e0b51dc,50.0,50.0,0,50.0,50.0
marslike,7195_s43,7195,43,MERGED50_650351c2cd5cf77e,36.224489795918366,63.775510204081634,0,36.224489795918366,63.775510204081634
marslike,7197_s43,7197,43,MERGED50_653ec4763eb412a1,18.478260869565215,81.52173913043478,0,18.478260869565215,81.52173913043478
marslike,7217_s43,7217,43,MERGED50_667588968c252136,20.0,80.0,0,20.0,80.0
marslike,7231_s43,7231,43,MERGED50_670837b20e477e02,21.58273381294964,78.41726618705036,0,21.58273381294964,78.41726618705036
marslike,7245_s43,7245,43,MERGED50_67e3868529881018,16.0,84.0,0,16.0,84.0
marslike,7251_s43,7251,43,MERGED50_68107caeadec6b78,18.666666666666668,81.33333333333333,0,18.666666666666668,81.33333333333333
marslike,7264_s43,7264,43,MERGED50_687d778af8239675,29.310344827586203,70.6896551724138,0,29.310344827586203,70.6896551724138
marslike,7266_s43,7266,43,MERGED50_688a4dcbcc054990,18.181818181818183,81.81818181818181,0,18.181818181818183,81.81818181818181
marslike,7271_s43,7271,43,MERGED50_68adbd18b7bdddc3,28.333333333333332,71.66666666666667,0,28.333333333333332,71.66666666666667
marslike,7278_s43,7278,43,MERGED50_68e4391f76a4dbba,19.21182266009852,80.78817733990148,0,19.21182266009852,80.78817733990148
marslike,7281_s43,7281,43,MERGED50_691bacb9ea513afd,16.39344262295082,83.60655737704919,0,16.39344262295082,83.60655737704919
marslike,7285_s43,7285,43,MERGED50_693c7383e2ed59d2,20.27027027027027,79.72972972972973,0,20.27027027027027,79.72972972972973
marslike,7290_s43,7290,43,MERGED50_69bc4be0ac8090b0,16.923076923076923,83.07692307692308,0,16.923076923076923,83.07692307692308
marslike,7362_s43,7362,43,MERGED50_6ceed98535a68f5a,18.0327868852459,81.9672131147541,0,18.0327868852459,81.9672131147541
marslike,7373_s43,7373,43,MERGED50_6dc87f44a6391753,17.391304347826086,82.6086956521739,0,17.391304347826086,82.6086956521739
marslike,7420_s43,7420,43,MERGED50_6fddf71bc6160f79,20.930232558139537,79.06976744186046,0,20.930232558139537,79.06976744186046
marslike,7444_s43,7444,43,MERGED50_70c22da27e20837f,18.181818181818183,81.81818181818181,0,18.181818181818183,81.81818181818181
marslike,7463_s43,7463,43,MERGED50_71a1363a3456661b,14.754098360655737,85.24590163934427,0,14.754098360655737,85.24590163934427
marslike,7467_s43,7467,43,MERGED50_71e3a68e00110edb,16.666666666666664,83.33333333333334,0,16.666666666666664,83.33333333333334
marslike,7468_s43,7468,43,MERGED50_71ed034ebd45def7,16.19047619047619,83.80952380952381,0,16.19047619047619,83.80952380952381
marslike,7484_s43,7484,43,MERGED50_72fb0801591bf5f6,17.77777777777778,82.22222222222223,0,17.77777777777778,82.22222222222223
marslike,7492_s43,7492,43,MERGED50_738592fe12ebcde7,20.33898305084746,79.66101694915254,0,20.33898305084746,79.66101694915254
marslike,7524_s43,7524,43,MERGED50_757bc35b61884136,24.731182795698924,75.26881720430107,0,24.731182795698924,75.26881720430107
marslike,7533_s43,7533,43,MERGED50_76101e0935b3e9dc,17.80821917808219,82.1917808219178,0,17.80821917808219,82.1917808219178
marslike,7535_s43,7535,43,MERGED50_7631dcb152249a13,16.666666666666664,83.33333333333334,0,16.666666666666664,83.33333333333334
marslike,7537_s43,7537,43,MERGED50_76450eb06c0e04de,29.72972972972973,70.27027027027027,0,29.72972972972973,70.27027027027027
marslike,7601_s43,7601,43,MERGED50_792761051a6a7016,23.943661971830984,76.05633802816902,0,23.943661971830984,76.05633802816902
marslike,7604_s43,7604,43,MERGED50_796058c50cdd798b,23.232323232323232,76.76767676767676,0,23.232323232323232,76.76767676767676
marslike,7617_s43,7617,43,MERGED50_7a27fb29c8fc28f4,23.076923076923077,76.92307692307692,0,23.076923076923077,76.92307692307692
marslike,7636_s43,7636,43,MERGED50_7ae8117e5c09f5d5,45.19230769230769,54.80769230769231,0,45.19230769230769,54.80769230769231
marslike,7642_s43,7642,43,MERGED50_7b215ecb59372f4f,44.11764705882353,55.88235294117647,0,44.11764705882353,55.88235294117647
marslike,7663_s43,7663,43,MERGED50_7c264343daf69541,16.94915254237288,83.05084745762713,0,16.94915254237288,83.05084745762713
marslike,7675_s43,7675,43,MERGED50_7cd35cd8469747a8,18.96551724137931,81.0344827586207,0,18.96551724137931,81.0344827586207
marslike,7697_s43,7697,43,MERGED50_7e1088e5dd6400c0,39.705882352941174,60.294117647058826,0,39.705882352941174,60.294117647058826
marslike,7699_s43,7699,43,MERGED50_7e1e8b4f51632d8a,34.5679012345679,65.4320987654321,0,34.5679012345679,65.4320987654321
marslike,7703_s43,7703,43,MERGED50_7e64d80f4c1965e8,17.741935483870968,82.25806451612902,0,17.741935483870968,82.25806451612902
marslike,7718_s43,7718,43,MERGED50_7f0b1833a7c62c70,16.43835616438356,83.56164383561644,0,16.43835616438356,83.56164383561644
marslike,7744_s43,7744,43,MERGED50_807af3a929116495,15.384615384615385,84.61538461538461,0,15.384615384615385,84.61538461538461
marslike,7756_s43,7756,43,MERGED50_81660d5bbb003085,16.19047619047619,83.80952380952381,0,16.19047619047619,83.80952380952381
marslike,7762_s43,7762,43,MERGED50_81b111db32052843,25.806451612903224,74.19354838709677,0,25.806451612903224,74.19354838709677
marslike,7764_s43,7764,43,MERGED50_81d552e81785d800,31.666666666666664,68.33333333333334,0,31.666666666666664,68.33333333333334
marslike,7770_s43,7770,43,MERGED50_820af6778d4c0366,16.363636363636363,83.63636363636364,0,16.363636363636363,83.63636363636364
marslike,7778_s43,7778,43,MERGED50_8282e6286e5c3eed,19.696969696969695,80.30303030303031,0,19.696969696969695,80.30303030303031
marslike,7809_s43,7809,43,MERGED50_83e23b10dbd3a1f3,20.588235294117645,79.41176470588235,0,20.588235294117645,79.41176470588235
marslike,7820_s43,7820,43,MERGED50_8463230c021d95d3,28.846153846153843,71.15384615384616,0,28.846153846153843,71.15384615384616
marslike,7826_s43,7826,43,MERGED50_84b277248a067373,30.303030303030305,69.69696969696969,0,30.303030303030305,69.69696969696969
marslike,7836_s43,7836,43,MERGED50_853adea422a44ba5,33.82352941176471,66.17647058823529,0,33.82352941176471,66.17647058823529
marslike,7869_s43,7869,43,MERGED50_86ae169b7b52fcd1,20.98765432098765,79.01234567901236,0,20.98765432098765,79.01234567901236
marslike,7881_s43,7881,43,MERGED50_87094864b44257cd,20.37037037037037,79.62962962962963,0,20.37037037037037,79.62962962962963
marslike,7889_s43,7889,43,MERGED50_8768884a0bfc7e30,16.831683168316832,83.16831683168317,0,16.831683168316832,83.16831683168317
marslike,7919_s43,7919,43,MERGED50_89383972ddbd216a,17.105263157894736,82.89473684210526,0,17.105263157894736,82.89473684210526
marslike,7921_s43,7921,43,MERGED50_894a7d82b06c2831,17.0,83.0,0,17.0,83.0
marslike,7963_s43,7963,43,MERGED50_8afe67123d8d710b,16.304347826086957,83.69565217391305,0,16.304347826086957,83.69565217391305
marslike,7970_s43,7970,43,MERGED50_8b2b0addede766ea,18.478260869565215,81.52173913043478,0,18.478260869565215,81.52173913043478
marslike,7978_s43,7978,43,MERGED50_8b9ead7c98bfbcdc,17.647058823529413,82.35294117647058,0,17.647058823529413,82.35294117647058
marslike,8004_s43,8004,43,MERGED50_8d0cde9700bb9d80,16.666666666666664,83.33333333333334,0,16.666666666666664,83.33333333333334
marslike,8013_s43,8013,43,MERGED50_8db6ec1218a81b50,20.161290322580644,79.83870967741936,0,20.161290322580644,79.83870967741936
marslike,8031_s43,8031,43,MERGED50_8e8250e4f4eac3cf,21.21212121212121,78.78787878787878,0,21.21212121212121,78.78787878787878
marslike,8052_s43,8052,43,MERGED50_8fe3812776a8f0c2,25.0,75.0,0,25.0,75.0
marslike,8074_s43,8074,43,MERGED50_913f3e7d0e904399,17.525773195876287,82.47422680412372,0,17.525773195876287,82.47422680412372
marslike,8080_s43,8080,43,MERGED50_91a52be43566572f,71.42857142857143,28.57142857142857,0,71.42857142857143,28.57142857142857
marslike,8098_s43,8098,43,MERGED50_92bca6b9cbd3178f,21.052631578947366,78.94736842105263,0,21.052631578947366,78.94736842105263
marslike,8101_s43,8101,43,MERGED50_92dbf8199154c75c,16.883116883116884,83.11688311688312,0,16.883116883116884,83.11688311688312
marslike,8135_s43,8135,43,MERGED50_95109eb655c7b38d,17.647058823529413,82.35294117647058,0,17.647058823529413,82.35294117647058
marslike,8142_s43,8142,43,MERGED50_955b91b268c974aa,32.407407407407405,67.5925925925926,0,32.407407407407405,67.5925925925926
marslike,8183_s43,8183,43,MERGED50_97eea6d24965e0f3,18.181818181818183,81.81818181818181,0,18.181818181818183,81.81818181818181
marslike,8221_s43,8221,43,MERGED50_9a1bf0d71b788b9b,20.37037037037037,79.62962962962963,0,20.37037037037037,79.62962962962963
marslike,8223_s43,8223,43,MERGED50_9a448a7728042d21,24.390243902439025,75.60975609756098,0,24.390243902439025,75.60975609756098
marslike,8254_s43,8254,43,MERGED50_9bfed2b441cce599,36.76470588235294,63.23529411764706,0,36.76470588235294,63.23529411764706
marslike,8264_s43,8264,43,MERGED50_9ca8e6b4eeb622c6,25.961538461538463,74.03846153846153,0,25.961538461538463,74.03846153846153
marslike,8331_s43,8331,43,MERGED50_a051dcf0f9fab1c9,17.105263157894736,82.89473684210526,0,17.105263157894736,82.89473684210526
marslike,8352_s43,8352,43,MERGED50_a18cfcc082ea880e,20.0,80.0,0,20.0,80.0
marslike,8362_s43,8362,43,MERGED50_a1efcdd0378689ba,23.684210526315788,76.31578947368422,0,23.684210526315788,76.31578947368422
marslike,8392_s43,8392,43,MERGED50_a3497c1ad265182a,21.73913043478261,78.26086956521739,0,21.73913043478261,78.26086956521739
marslike,8394_s43,8394,43,MERGED50_a355c8c9a89a7d47,17.857142857142858,82.14285714285714,0,17.857142857142858,82.14285714285714
marslike,8419_s43,8419,43,MERGED50_a4ae209f73527935,16.27906976744186,83.72093023255815,0,16.27906976744186,83.72093023255815
marslike,8426_s43,8426,43,MERGED50_a4fdcf76b2258dda,18.84057971014493,81.15942028985506,0,18.84057971014493,81.15942028985506
marslike,8438_s43,8438,43,MERGED50_a5d1f4859fe708c9,23.52941176470588,76.47058823529412,0,23.52941176470588,76.47058823529412
marslike,8440_s43,8440,43,MERGED50_a5f91fce1b37a666,18.26086956521739,81.73913043478261,0,18.26086956521739,81.73913043478261
marslike,8478_s43,8478,43,MERGED50_a7feed9247259c87,30.88235294117647,69.11764705882354,0,30.88235294117647,69.11764705882354
marslike,8508_s43,8508,43,MERGED50_a9b948fe856ca247,18.181818181818183,81.81818181818181,0,18.181818181818183,81.81818181818181
marslike,8511_s43,8511,43,MERGED50_a9f80a7379d0f7da,14.705882352941178,85.29411764705883,0,14.705882352941178,85.29411764705883
marslike,8516_s43,8516,43,MERGED50_aa344f33ace3be05,19.54022988505747,80.45977011494253,0,19.54022988505747,80.45977011494253
marslike,8546_s43,8546,43,MERGED50_abd0a692e32fbdf1,15.789473684210526,84.21052631578948,0,15.789473684210526,84.21052631578948
marslike,8564_s43,8564,43,MERGED50_acdefa8bd992b916,24.444444444444443,75.55555555555556,0,24.444444444444443,75.55555555555556
marslike,8588_s43,8588,43,MERGED50_adc671cb4ae7d186,25.210084033613445,74.78991596638656,0,25.210084033613445,74.78991596638656
marslike,8597_s43,8597,43,MERGED50_ae165094ff8651d8,17.105263157894736,82.89473684210526,0,17.105263157894736,82.89473684210526
marslike,8632_s43,8632,43,MERGED50_b00b701c8f32ad16,17.24137931034483,82.75862068965517,0,17.24137931034483,82.75862068965517
marslike,8659_s43,8659,43,MERGED50_b18dab0af958cfaf,23.52941176470588,76.47058823529412,0,23.52941176470588,76.47058823529412
marslike,8664_s43,8664,43,MERGED50_b2040b146ebdabc6,19.444444444444446,80.55555555555556,0,19.444444444444446,80.55555555555556
marslike,8665_s43,8665,43,MERGED50_b212850ac5de770b,15.789473684210526,84.21052631578948,0,15.789473684210526,84.21052631578948
marslike,8669_s43,8669,43,MERGED50_b229d1eacbfd10b6,18.421052631578945,81.57894736842105,0,18.421052631578945,81.57894736842105
marslike,8694_s43,8694,43,MERGED50_b3a497d1d26020d6,17.647058823529413,82.35294117647058,0,17.647058823529413,82.35294117647058
marslike,8695_s43,8695,43,MERGED50_b3a4cfe045fd9989,19.736842105263158,80.26315789473685,0,19.736842105263158,80.26315789473685
marslike,8698_s43,8698,43,MERGED50_b3bb65adfff9daf2,18.181818181818183,81.81818181818181,0,18.181818181818183,81.81818181818181
marslike,8700_s43,8700,43,MERGED50_b3f321e22f11cc82,19.11764705882353,80.88235294117646,0,19.11764705882353,80.88235294117646
marslike,8736_s43,8736,43,MERGED50_b65df610d68c155a,16.27906976744186,83.72093023255815,0,16.27906976744186,83.72093023255815
marslike,8741_s43,8741,43,MERGED50_b68c819689991a27,16.867469879518072,83.13253012048193,0,16.867469879518072,83.13253012048193
marslike,8744_s43,8744,43,MERGED50_b6c816da2427cc90,23.295454545454543,76.70454545454545,0,23.295454545454543,76.70454545454545
marslike,8766_s43,8766,43,MERGED50_b7f531bb4562b6f2,17.741935483870968,82.25806451612902,0,17.741935483870968,82.25806451612902
marslike,8779_s43,8779,43,MERGED50_b88dc71c6f194efe,25.0,75.0,0,25.0,75.0
marslike,8789_s43,8789,43,MERGED50_b8f528c570ea3221,18.666666666666668,81.33333333333333,0,18.666666666666668,81.33333333333333
marslike,8797_s43,8797,43,MERGED50_b982b3f10d07a74c,38.35616438356164,61.64383561643836,0,38.35616438356164,61.64383561643836
marslike,8798_s43,8798,43,MERGED50_b997d79f0089e50e,15.333333333333332,84.66666666666667,0,15.333333333333332,84.66666666666667
marslike,8801_s43,8801,43,MERGED50_b9d3d77689ac3e1d,20.588235294117645,79.41176470588235,0,20.588235294117645,79.41176470588235
marslike,8814_s43,8814,43,MERGED50_baba6c2d80cf30c9,19.230769230769234,80.76923076923077,0,19.230769230769234,80.76923076923077
marslike,8834_s43,8834,43,MERGED50_bba3f551db7bd43f,17.708333333333336,82.29166666666666,0,17.708333333333336,82.29166666666666
marslike,8835_s43,8835,43,MERGED50_bba8cc2d5bd0c168,46.15384615384615,53.84615384615385,0,46.15384615384615,53.84615384615385
marslike,8871_s43,8871,43,MERGED50_be49b65299ff58dd,17.829457364341085,82.17054263565892,0,17.829457364341085,82.17054263565892
marslike,8873_s43,8873,43,MERGED50_be5633b63643cb1f,15.686274509803921,84.31372549019608,0,15.686274509803921,84.31372549019608
marslike,8905_s43,8905,43,MERGED50_bfd95b10d1db27b9,30.985915492957744,69.01408450704226,0,30.985915492957744,69.01408450704226
marslike,8910_s43,8910,43,MERGED50_c02074ae8af28040,19.101123595505616,80.89887640449439,0,19.101123595505616,80.89887640449439
marslike,8930_s43,8930,43,MERGED50_c16cf7f3af0975de,17.857142857142858,82.14285714285714,0,17.857142857142858,82.14285714285714
marslike,8942_s43,8942,43,MERGED50_c23d0fea52a85c1b,41.935483870967744,58.064516129032256,0,41.935483870967744,58.064516129032256
marslike,8944_s43,8944,43,MERGED50_c2586afb51a5a52c,50.42016806722689,49.57983193277311,0,50.42016806722689,49.57983193277311
marslike,8956_s43,8956,43,MERGED50_c2bf06b38a154f21,16.083916083916083,83.91608391608392,0,16.083916083916083,83.91608391608392
marslike,8961_s43,8961,43,MERGED50_c329bce2d0e4b295,17.073170731707318,82.92682926829268,0,17.073170731707318,82.92682926829268
marslike,8964_s43,8964,43,MERGED50_c34b1cbe86174be5,14.814814814814813,85.18518518518519,0,14.814814814814813,85.18518518518519
marslike,8984_s43,8984,43,MERGED50_c4360c3fddd8468a,17.582417582417584,82.41758241758242,0,17.582417582417584,82.41758241758242
marslike,8988_s43,8988,43,MERGED50_c48ad83485088d38,16.3265306122449,83.6734693877551,0,16.3265306122449,83.6734693877551
marslike,9041_s43,9041,43,MERGED50_c7d55b69a0a6233e,18.64406779661017,81.35593220338983,0,18.64406779661017,81.35593220338983
marslike,9063_s43,9063,43,MERGED50_c914ed0a355ee89e,26.21359223300971,73.7864077669903,0,26.21359223300971,73.7864077669903
marslike,9070_s43,9070,43,MERGED50_c9903774eb03e603,34.40860215053764,65.59139784946237,0,34.40860215053764,65.59139784946237
marslike,9092_s43,9092,43,MERGED50_ca9de43133350a10,19.298245614035086,80.70175438596492,0,19.298245614035086,80.70175438596492
marslike,9106_s43,9106,43,MERGED50_cb78e2968f48f3d2,17.91044776119403,82.08955223880596,0,17.91044776119403,82.08955223880596
marslike,9130_s43,9130,43,MERGED50_cd1bb57d9ab91a4a,19.230769230769234,80.76923076923077,0,19.230769230769234,80.76923076923077
marslike,9139_s43,9139,43,MERGED50_cd75cd08c87c1549,18.51851851851852,81.48148148148148,0,18.51851851851852,81.48148148148148
marslike,9141_s43,9141,43,MERGED50_cd85ddd13cf2ddce,20.28985507246377,79.71014492753623,0,20.28985507246377,79.71014492753623
marslike,9155_s43,9155,43,MERGED50_ce48365316b03709,24.731182795698924,75.26881720430107,0,24.731182795698924,75.26881720430107
marslike,9163_s43,9163,43,MERGED50_cecad5268192bee1,21.678321678321677,78.32167832167832,0,21.678321678321677,78.32167832167832
marslike,9188_s43,9188,43,MERGED50_cffed6b75a3390a0,24.539877300613497,75.4601226993865,0,24.539877300613497,75.4601226993865
marslike,9189_s43,9189,43,MERGED50_d02649ec3735c6a8,20.588235294117645,79.41176470588235,0,20.588235294117645,79.41176470588235
marslike,9195_s43,9195,43,MERGED50_d042ba98350f0223,29.411764705882355,70.58823529411765,0,29.411764705882355,70.58823529411765
marslike,9196_s43,9196,43,MERGED50_d0451f292fdd4825,36.76470588235294,63.23529411764706,0,36.76470588235294,63.23529411764706
marslike,9200_s43,9200,43,MERGED50_d07148d7cc46d728,17.391304347826086,82.6086956521739,0,17.391304347826086,82.6086956521739
marslike,9201_s43,9201,43,MERGED50_d07723c3c82fb0ab,23.93617021276596,76.06382978723404,0,23.93617021276596,76.06382978723404
marslike,9205_s43,9205,43,MERGED50_d09d80c405f7b5a1,18.51851851851852,81.48148148148148,0,18.51851851851852,81.48148148148148
marslike,9209_s43,9209,43,MERGED50_d0af3226ca1b63b2,20.689655172413794,79.3103448275862,0,20.689655172413794,79.3103448275862
marslike,9211_s43,9211,43,MERGED50_d0bf268fee63a84a,17.741935483870968,82.25806451612902,0,17.741935483870968,82.25806451612902
marslike,9217_s43,9217,43,MERGED50_d0ffc938c6ae9c9b,23.28767123287671,76.7123287671233,0,23.28767123287671,76.7123287671233
marslike,9232_s43,9232,43,MERGED50_d1fd18fe9f8bf430,59.210526315789465,40.789473684210535,0,59.210526315789465,40.789473684210535
marslike,9240_s43,9240,43,MERGED50_d26fa704847d6ebb,26.666666666666668,73.33333333333333,0,26.666666666666668,73.33333333333333
marslike,9246_s43,9246,43,MERGED50_d2989afb5590ff4a,16.666666666666664,83.33333333333334,0,16.666666666666664,83.33333333333334
marslike,9247_s43,9247,43,MERGED50_d2b2c0c110168d2c,19.35483870967742,80.64516129032258,0,19.35483870967742,80.64516129032258
marslike,9253_s43,9253,43,MERGED50_d30e98b82319cad6,16.363636363636363,83.63636363636364,0,16.363636363636363,83.63636363636364
marslike,9258_s43,9258,43,MERGED50_d3578adf8ebce73c,25.0,75.0,0,25.0,75.0
marslike,9277_s43,9277,43,MERGED50_d43898cd564c36c3,25.925925925925924,74.07407407407408,0,25.925925925925924,74.07407407407408
marslike,9282_s43,9282,43,MERGED50_d4965f1d9df617bd,19.696969696969695,80.30303030303031,0,19.696969696969695,80.30303030303031
marslike,9295_s43,9295,43,MERGED50_d53ef329ff96171d,26.47058823529412,73.52941176470588,0,26.47058823529412,73.52941176470588
marslike,9311_s43,9311,43,MERGED50_d6280cfb71d3a4c1,18.84057971014493,81.15942028985506,0,18.84057971014493,81.15942028985506
marslike,9321_s43,9321,43,MERGED50_d6e09313bf06978d,44.11764705882353,55.88235294117647,0,44.11764705882353,55.88235294117647
marslike,9330_s43,9330,43,MERGED50_d778bd05e75ae364,19.230769230769234,80.76923076923077,0,19.230769230769234,80.76923076923077
marslike,9334_s43,9334,43,MERGED50_d79469deffa12d80,15.151515151515152,84.84848484848484,0,15.151515151515152,84.84848484848484
marslike,9335_s43,9335,43,MERGED50_d79940d36e9902fe,19.230769230769234,80.76923076923077,0,19.230769230769234,80.76923076923077
marslike,9338_s43,9338,43,MERGED50_d7dcd5acb4952cf0,19.298245614035086,80.70175438596492,0,19.298245614035086,80.70175438596492
marslike,9348_s43,9348,43,MERGED50_d85d83bcb87f733a,21.666666666666668,78.33333333333333,0,21.666666666666668,78.33333333333333
marslike,9374_s43,9374,43,MERGED50_d99cf832b8b84bef,16.666666666666664,83.33333333333334,0,16.666666666666664,83.33333333333334
marslike,9380_s43,9380,43,MERGED50_d9fd57141ebc3d22,20.33898305084746,79.66101694915254,0,20.33898305084746,79.66101694915254
marslike,9416_s43,9416,43,MERGED50_dc45cdc80018a1bf,16.176470588235293,83.82352941176471,0,16.176470588235293,83.82352941176471
marslike,9474_s43,9474,43,MERGED50_dff46de051b6efb5,18.64406779661017,81.35593220338983,0,18.64406779661017,81.35593220338983
marslike,9484_s43,9484,43,MERGED50_e09f9c3dbf4ea0e9,18.75,81.25,0,18.75,81.25
marslike,9503_s43,9503,43,MERGED50_e164584bfe2b2e74,16.602316602316602,83.3976833976834,0,16.602316602316602,83.3976833976834
marslike,9512_s43,9512,43,MERGED50_e1a40139804a88d9,20.73170731707317,79.26829268292683,0,20.73170731707317,79.26829268292683
marslike,9517_s43,9517,43,MERGED50_e2000caed39247ca,54.11764705882353,45.88235294117647,0,54.11764705882353,45.88235294117647
marslike,9531_s43,9531,43,MERGED50_e2e439832f22278a,20.27027027027027,79.72972972972973,0,20.27027027027027,79.72972972972973
marslike,9565_s43,9565,43,MERGED50_e54f8296e356537b,17.24137931034483,82.75862068965517,0,17.24137931034483,82.75862068965517
marslike,9566_s43,9566,43,MERGED50_e55d9307a343c249,18.75,81.25,0,18.75,81.25
marslike,9568_s43,9568,43,MERGED50_e582a30dfdf74fe6,18.51851851851852,81.48148148148148,0,18.51851851851852,81.48148148148148
marslike,9574_s43,9574,43,MERGED50_e6247ba6c6b695eb,17.72151898734177,82.27848101265823,0,17.72151898734177,82.27848101265823
marslike,9586_s43,9586,43,MERGED50_e6cdd453a12b4091,15.151515151515152,84.84848484848484,0,15.151515151515152,84.84848484848484
marslike,9587_s43,9587,43,MERGED50_e6d8c4bdd1200d10,23.52941176470588,76.47058823529412,0,23.52941176470588,76.47058823529412
marslike,9588_s43,9588,43,MERGED50_e6dcd99f918cf93d,19.25465838509317,80.74534161490683,0,19.25465838509317,80.74534161490683
marslike,9606_s43,9606,43,MERGED50_e7b4d8064e199895,22.58064516129032,77.41935483870968,0,22.58064516129032,77.41935483870968
marslike,9607_s43,9607,43,MERGED50_e7da7981ba4f2f16,22.727272727272727,77.27272727272728,0,22.727272727272727,77.27272727272728
marslike,9627_s43,9627,43,MERGED50_e91a1fd49f3101bc,21.568627450980394,78.43137254901961,0,21.568627450980394,78.43137254901961
marslike,9631_s43,9631,43,MERGED50_e99c45b9a94f085f,21.428571428571427,78.57142857142857,0,21.428571428571427,78.57142857142857
marslike,9641_s43,9641,43,MERGED50_e9d99cc5e6292894,15.068493150684931,84.93150684931507,0,15.068493150684931,84.93150684931507
marslike,9649_s43,9649,43,MERGED50_ea33d0de8a436a13,22.58064516129032,77.41935483870968,0,22.58064516129032,77.41935483870968
marslike,9671_s43,9671,43,MERGED50_eb7e23382856eb83,25.0,75.0,0,25.0,75.0
marslike,9676_s43,9676,43,MERGED50_ebb0627ef86d8289,20.0,80.0,0,20.0,80.0
marslike,9695_s43,9695,43,MERGED50_ed84737f8ef88d22,25.925925925925924,74.07407407407408,0,25.925925925925924,74.07407407407408
marslike,9715_s43,9715,43,MERGED50_ee6d1e4201af690e,25.0,75.0,0,25.0,75.0
marslike,9757_s43,9757,43,MERGED50_f039e10e8b8bc553,25.0,75.0,0,25.0,75.0
marslike,9758_s43,9758,43,MERGED50_f03adcc1dcaf01e8,19.78021978021978,80.21978021978022,0,19.78021978021978,80.21978021978022
marslike,9763_s43,9763,43,MERGED50_f0ad730bcc677300,30.89430894308943,69.10569105691057,0,30.89430894308943,69.10569105691057
marslike,9765_s43,9765,43,MERGED50_f0e32798b84a33a1,15.151515151515152,84.84848484848484,0,15.151515151515152,84.84848484848484
marslike,9767_s43,9767,43,MERGED50_f0f827b4fec41d82,14.084507042253522,85.91549295774648,0,14.084507042253522,85.91549295774648
marslike,9775_s43,9775,43,MERGED50_f17ef6b64544ffdf,19.230769230769234,80.76923076923077,0,19.230769230769234,80.76923076923077
marslike,9792_s43,9792,43,MERGED50_f265575e5187e015,48.57142857142857,51.42857142857143,0,48.57142857142857,51.42857142857143
marslike,9802_s43,9802,43,MERGED50_f3180dcf80d90f58,16.129032258064516,83.87096774193549,0,16.129032258064516,83.87096774193549
marslike,9807_s43,9807,43,MERGED50_f344a95ef85731a2,17.741935483870968,82.25806451612902,0,17.741935483870968,82.25806451612902
marslike,9810_s43,9810,43,MERGED50_f35bc6da16a111c0,33.78378378378378,66.21621621621622,0,33.78378378378378,66.21621621621622
marslike,9868_s43,9868,43,MERGED50_f7617127b808e426,32.098765432098766,67.90123456790124,0,32.098765432098766,67.90123456790124
marslike,9873_s43,9873,43,MERGED50_f79bae3cc3e416b4,17.24137931034483,82.75862068965517,0,17.24137931034483,82.75862068965517
marslike,9877_s43,9877,43,MERGED50_f7d74b719dc9b240,26.47058823529412,73.52941176470588,0,26.47058823529412,73.52941176470588
marslike,9886_s43,9886,43,MERGED50_f8c8db392295aa86,17.032967032967033,82.96703296703296,0,17.032967032967033,82.96703296703296
marslike,9895_s43,9895,43,MERGED50_f93a972acffe2ad8,18.75,81.25,0,18.75,81.25
marslike,9900_s43,9900,43,MERGED50_f9b5a78517a52380,17.543859649122805,82.45614035087719,0,17.543859649122805,82.45614035087719
marslike,9902_s43,9902,43,MERGED50_f9c7630fa4182477,31.901840490797547,68.09815950920245,0,31.901840490797547,68.09815950920245
marslike,9922_s43,9922,43,MERGED50_fb72f76a29855db7,19.736842105263158,80.26315789473685,0,19.736842105263158,80.26315789473685
marslike,9936_s43,9936,43,MERGED50_fc0a4279a4517faf,14.705882352941178,85.29411764705883,0,14.705882352941178,85.29411764705883
marslike,9949_s43,9949,43,MERGED50_fd010872f0a3865e,26.923076923076923,73.07692307692308,0,26.923076923076923,73.07692307692308
marslike,9966_s43,9966,43,MERGED50_fe15e399020f5618,16.101694915254235,83.89830508474577,0,16.101694915254235,83.89830508474577
marslike,9974_s43,9974,43,MERGED50_fe837b08b2a979bb,25.396825396825395,74.60317460317461,0,25.396825396825395,74.60317460317461
marslike,0007_s44,0007,44,MERGED50_00538e3d3aaa3d6f,47.74774774774775,52.25225225225225,1,18.64406779661017,81.35593220338983
marslike,0014_s44,0014,44,MERGED50_00960edc244d6936,45.88235294117647,54.11764705882353,1,45.88235294117647,54.11764705882353
marslike,0026_s44,0026,44,MERGED50_01555fa6eafb7d2c,48.97959183673469,51.02040816326531,1,25.757575757575758,74.24242424242425
marslike,0049_s44,0049,44,MERGED50_01f6191909c12582,37.096774193548384,62.903225806451616,1,23.943661971830984,76.05633802816902
marslike,0060_s44,0060,44,MERGED50_02789cf56cfe470e,47.45762711864407,52.54237288135593,1,16.666666666666664,83.33333333333334
marslike,0062_s44,0062,44,MERGED50_027d6e4c848d477f,46.26865671641791,53.73134328358209,1,31.343283582089555,68.65671641791045
marslike,0076_s44,0076,44,MERGED50_031227644f417472,33.33333333333333,66.66666666666667,1,33.33333333333333,66.66666666666667
marslike,0095_s44,0095,44,MERGED50_039f7f97d6a3c675,49.23076923076923,50.76923076923077,1,18.64406779661017,81.35593220338983
marslike,0115_s44,0115,44,MERGED50_0483a84717ba7c09,50.57034220532319,49.42965779467681,1,19.230769230769234,80.76923076923077
marslike,0128_s44,0128,44,MERGED50_0526a532f220d305,35.714285714285715,64.28571428571428,1,17.24137931034483,82.75862068965517
marslike,0146_s44,0146,44,MERGED50_058ff628f55c60bd,42.14876033057851,57.85123966942149,1,16.071428571428573,83.92857142857143
marslike,0153_s44,0153,44,MERGED50_05e7ce7c21138c84,40.74074074074074,59.25925925925926,1,17.28395061728395,82.71604938271605
marslike,0154_s44,0154,44,MERGED50_05ee505c0890be93,53.62318840579711,46.37681159420289,1,20.27027027027027,79.72972972972973
marslike,0161_s44,0161,44,MERGED50_065c19bc89459e45,52.567237163814184,47.432762836185816,1,17.857142857142858,82.14285714285714
marslike,0168_s44,0168,44,MERGED50_06a12fd13da4b18f,43.66197183098591,56.33802816901409,1,43.66197183098591,56.33802816901409
marslike,0173_s44,0173,44,MERGED50_06e0ce45faa2300e,16.923076923076923,83.07692307692308,0,16.923076923076923,83.07692307692308
marslike,0193_s44,0193,44,MERGED50_07caf313bb701744,44.29824561403509,55.70175438596491,1,25.423728813559322,74.57627118644068
marslike,0219_s44,0219,44,MERGED50_08e1702b30b0f09c,35.03649635036496,64.96350364963504,1,21.153846153846153,78.84615384615384
marslike,0226_s44,0226,44,MERGED50_094b778065c65c35,46.51162790697674,53.48837209302326,1,19.402985074626866,80.59701492537313
marslike,0233_s44,0233,44,MERGED50_09a520585822845f,30.107526881720432,69.89247311827957,0,30.107526881720432,69.89247311827957
marslike,0238_s44,0238,44,MERGED50_09d9b86c8b350f2a,44.252873563218394,55.747126436781606,1,18.84057971014493,81.15942028985506
marslike,0240_s44,0240,44,MERGED50_09e114f801018c6c,18.103448275862068,81.89655172413794,0,18.103448275862068,81.89655172413794
marslike,0250_s44,0250,44,MERGED50_0a49468648918912,44.84848484848485,55.15151515151515,1,16.216216216216218,83.78378378378378
marslike,0264_s44,0264,44,MERGED50_0b1c7324369420a6,48.0225988700565,51.9774011299435,1,16.216216216216218,83.78378378378378
marslike,0265_s44,0265,44,MERGED50_0b1c8aab99a595dc,25.0,75.0,1,22.61904761904762,77.38095238095238
marslike,0268_s44,0268,44,MERGED50_0b3505f5c7eaceb1,15.625,84.375,0,15.625,84.375
marslike,0269_s44,0269,44,MERGED50_0b461283e22ec4f1,55.71955719557196,44.28044280442804,1,16.43835616438356,83.56164383561644
marslike,0291_s44,0291,44,MERGED50_0c238de54c93eab9,37.93103448275862,62.06896551724138,1,26.47058823529412,73.52941176470588
marslike,0298_s44,0298,44,MERGED50_0c8a799f6fad03c5,40.725806451612904,59.274193548387096,1,15.686274509803921,84.31372549019608
marslike,0312_s44,0312,44,MERGED50_0d623c3b17aa9567,45.54455445544555,54.45544554455445,1,16.129032258064516,83.87096774193549
marslike,0321_s44,0321,44,MERGED50_0d91deb0064e476e,34.883720930232556,65.11627906976744,1,17.441860465116278,82.55813953488372
marslike,0356_s44,0356,44,MERGED50_0eb140e1138dc275,36.26373626373626,63.73626373626374,1,35.0,65.0
marslike,0358_s44,0358,44,MERGED50_0edbf16d015abee1,52.317880794701985,47.682119205298015,1,15.254237288135593,84.7457627118644
marslike,0369_s44,0369,44,MERGED50_0f37f8ab707a10f3,43.50877192982456,56.49122807017544,1,19.298245614035086,80.70175438596492
marslike,0370_s44,0370,44,MERGED50_0f486e8365e01e63,41.44144144144144,58.55855855855856,1,18.29268292682927,81.70731707317073
marslike,0376_s44,0376,44,MERGED50_0f74b2e17c74782f,23.52941176470588,76.47058823529412,0,23.52941176470588,76.47058823529412
marslike,0384_s44,0384,44,MERGED50_0fb6d2e63819c3ec,36.22047244094488,63.77952755905512,1,25.0,75.0
marslike,0391_s44,0391,44,MERGED50_0ffe5db354153f99,46.788990825688074,53.211009174311926,1,17.647058823529413,82.35294117647058
marslike,0398_s44,0398,44,MERGED50_103b52af36a2c9b9,46.381578947368425,53.618421052631575,1,19.298245614035086,80.70175438596492
marslike,0410_s44,0410,44,MERGED50_10b0ceb83529d707,48.275862068965516,51.724137931034484,1,18.181818181818183,81.81818181818181
marslike,0413_s44,0413,44,MERGED50_10c3dab533638a3e,20.28985507246377,79.71014492753623,0,20.28985507246377,79.71014492753623
marslike,0415_s44,0415,44,MERGED50_10d156496c62f5b7,43.40277777777778,56.59722222222222,1,18.181818181818183,81.81818181818181
marslike,0424_s44,0424,44,MERGED50_112f33da4a9441cd,18.181818181818183,81.81818181818181,0,18.181818181818183,81.81818181818181
marslike,0428_s44,0428,44,MERGED50_116a6e92ad46a67e,45.14767932489451,54.85232067510549,1,19.26605504587156,80.73394495412845
marslike,0450_s44,0450,44,MERGED50_1207fe9db2ff05dd,47.42268041237113,52.57731958762887,1,34.61538461538461,65.38461538461539
marslike,0455_s44,0455,44,MERGED50_123d19fb6b0f8511,37.93103448275862,62.06896551724138,1,29.411764705882355,70.58823529411765
marslike,0457_s44,0457,44,MERGED50_125b6c9c16a37158,18.333333333333332,81.66666666666667,0,18.333333333333332,81.66666666666667
marslike,0462_s44,0462,44,MERGED50_1277b3ff4ceed3c2,43.51464435146444,56.48535564853556,1,17.307692307692307,82.6923076923077
marslike,0471_s44,0471,44,MERGED50_12ccbd3063f28e6e,30.76923076923077,69.23076923076923,1,30.76923076923077,69.23076923076923
marslike,0475_s44,0475,44,MERGED50_130b06c514919680,34.54545454545455,65.45454545454545,1,20.0,80.0
marslike,0497_s44,0497,44,MERGED50_13b84272d67b1514,41.14114114114114,58.85885885885886,1,21.818181818181817,78.18181818181819
marslike,0512_s44,0512,44,MERGED50_146a1a8686468cbd,16.793893129770993,83.20610687022901,0,16.793893129770993,83.20610687022901
marslike,0513_s44,0513,44,MERGED50_146dbb258cf98925,21.27659574468085,78.72340425531915,0,21.27659574468085,78.72340425531915
marslike,0556_s44,0556,44,MERGED50_163960ea0e6f5fd4,38.02083333333333,61.97916666666667,1,20.0,80.0
marslike,0563_s44,0563,44,MERGED50_16acf8ec266adf74,18.75,81.25,0,18.75,81.25
marslike,0615_s44,0615,44,MERGED50_186f822792ae4164,46.666666666666664,53.333333333333336,1,18.75,81.25
marslike,0626_s44,0626,44,MERGED50_19093fc8cb9f527c,51.47679324894515,48.52320675105485,1,20.0,80.0
marslike,0641_s44,0641,44,MERGED50_199f655336a8f40d,26.52671755725191,73.47328244274809,1,18.333333333333332,81.66666666666667
marslike,0646_s44,0646,44,MERGED50_1a1eb6369e668511,23.636363636363637,76.36363636363636,1,23.636363636363637,76.36363636363636
marslike,0668_s44,0668,44,MERGED50_1b519848d11082a5,43.01075268817204,56.98924731182796,1,43.01075268817204,56.98924731182796
marslike,0690_s44,0690,44,MERGED50_1c373c0a5f5334e2,58.06451612903226,41.93548387096774,1,16.93548387096774,83.06451612903226
marslike,0701_s44,0701,44,MERGED50_1c6babe5a1033670,47.69585253456221,52.30414746543779,1,14.473684210526317,85.52631578947368
marslike,0711_s44,0711,44,MERGED50_1ccf2c572b7a552c,45.0,55.0,1,16.94915254237288,83.05084745762713
marslike,0713_s44,0713,44,MERGED50_1ceb7b19942ee372,31.88405797101449,68.11594202898551,1,26.08695652173913,73.91304347826087
marslike,0744_s44,0744,44,MERGED50_1e1cc94b7718a364,37.80487804878049,62.19512195121951,1,36.76470588235294,63.23529411764706
marslike,0747_s44,0747,44,MERGED50_1e39512d32d11c93,32.17993079584775,67.82006920415225,1,16.455696202531644,83.54430379746836
marslike,0757_s44,0757,44,MERGED50_1ee0a5d09df22a27,37.735849056603776,62.264150943396224,1,17.92452830188679,82.0754716981132
marslike,0763_s44,0763,44,MERGED50_1f0e942a3982a536,48.06517311608962,51.93482688391038,1,17.24137931034483,82.75862068965517
marslike,0773_s44,0773,44,MERGED50_1f6495285cbf2ae2,42.10526315789473,57.89473684210527,1,16.129032258064516,83.87096774193549
marslike,0799_s44,0799,44,MERGED50_20915c05f22a00ca,15.294117647058824,84.70588235294117,0,15.294117647058824,84.70588235294117
marslike,0816_s44,0816,44,MERGED50_217e7b4ef0c9b70c,16.455696202531644,83.54430379746836,0,16.455696202531644,83.54430379746836
marslike,0824_s44,0824,44,MERGED50_21cbb0870929a3b5,48.96265560165975,51.03734439834025,1,42.64705882352941,57.35294117647059
marslike,0865_s44,0865,44,MERGED50_236b102271d9167c,43.77777777777778,56.22222222222222,1,18.681318681318682,81.31868131868131
marslike,0918_s44,0918,44,MERGED50_260a9381f6fc6868,41.7910447761194,58.2089552238806,1,34.32835820895522,65.67164179104478
marslike,0970_s44,0970,44,MERGED50_2887e20f7b8f5aa6,54.25531914893617,45.74468085106383,1,54.25531914893617,45.74468085106383
marslike,1031_s44,1031,44,MERGED50_2af9b232e035b4f4,33.07086614173229,66.9291338582677,1,18.64406779661017,81.35593220338983
marslike,1041_s44,1041,44,MERGED50_2b50a9bdb76401c5,19.018404907975462,80.98159509202453,0,19.018404907975462,80.98159509202453
marslike,1061_s44,1061,44,MERGED50_2c2485a3327f3dc7,47.68518518518518,52.31481481481482,1,17.94871794871795,82.05128205128204
marslike,1072_s44,1072,44,MERGED50_2c83ae3bb7c7fe06,51.26050420168067,48.73949579831933,1,16.129032258064516,83.87096774193549
marslike,1136_s44,1136,44,MERGED50_2fdd28baebcfbc93,17.741935483870968,82.25806451612902,0,17.741935483870968,82.25806451612902
marslike,1198_s44,1198,44,MERGED50_3246b16cd858d1e3,44.230769230769226,55.769230769230774,1,44.230769230769226,55.769230769230774
marslike,1209_s44,1209,44,MERGED50_32e80b756ac067ad,30.88235294117647,69.11764705882354,0,30.88235294117647,69.11764705882354
marslike,1216_s44,1216,44,MERGED50_336ed4a801c2f3c4,48.888888888888886,51.111111111111114,1,17.647058823529413,82.35294117647058
marslike,1240_s44,1240,44,MERGED50_34af8465ef7ba627,50.9719222462203,49.0280777537797,1,20.689655172413794,79.3103448275862
marslike,1241_s44,1241,44,MERGED50_34b30d3575948777,44.01913875598086,55.98086124401914,1,15.11627906976744,84.88372093023256
marslike,1267_s44,1267,44,MERGED50_3641c96940766477,17.1875,82.8125,0,17.1875,82.8125
marslike,1269_s44,1269,44,MERGED50_36518b02b313049d,44.44444444444444,55.55555555555556,1,18.571428571428573,81.42857142857143
marslike,1275_s44,1275,44,MERGED50_3697ac4ef8777013,27.66798418972332,72.33201581027669,1,21.73913043478261,78.26086956521739
marslike,1298_s44,1298,44,MERGED50_37e6a513a05f9bf8,38.258575197889186,61.741424802110814,1,18.421052631578945,81.57894736842105
marslike,1316_s44,1316,44,MERGED50_38b2a50c2837bfca,48.38709677419355,51.61290322580645,1,48.38709677419355,51.61290322580645
marslike,1329_s44,1329,44,MERGED50_394a8dd322307204,29.629629629629626,70.37037037037038,1,29.629629629629626,70.37037037037038
marslike,1337_s44,1337,44,MERGED50_3989b04dd8556623,57.05329153605015,42.94670846394985,1,17.105263157894736,82.89473684210526
marslike,1342_s44,1342,44,MERGED50_39ccc509a418ffae,28.87323943661972,71.12676056338029,0,28.87323943661972,71.12676056338029
marslike,1345_s44,1345,44,MERGED50_39fc272bcb93b15d,40.845070422535215,59.154929577464785,1,17.5,82.5
marslike,1349_s44,1349,44,MERGED50_3a165aef5a116bf5,48.25174825174825,51.74825174825175,1,18.181818181818183,81.81818181818181
marslike,1368_s44,1368,44,MERGED50_3b1c07dc8fea4603,45.023696682464454,54.976303317535546,1,17.5,82.5
marslike,1379_s44,1379,44,MERGED50_3bdd93e92a96ad19,38.82352941176471,61.17647058823529,1,38.82352941176471,61.17647058823529
marslike,1380_s44,1380,44,MERGED50_3be81df7305d49c4,22.82608695652174,77.17391304347827,0,22.82608695652174,77.17391304347827
marslike,1384_s44,1384,44,MERGED50_3c13576bcbf85ca2,45.21963824289406,54.78036175710594,1,18.181818181818183,81.81818181818181
marslike,1389_s44,1389,44,MERGED50_3c5a68f62a928053,44.528301886792455,55.471698113207545,1,18.461538461538463,81.53846153846153
marslike,1421_s44,1421,44,MERGED50_3decad90426070a4,46.666666666666664,53.333333333333336,1,16.417910447761194,83.58208955223881
marslike,1427_s44,1427,44,MERGED50_3e33f1800dbd9c34,39.004149377593365,60.995850622406635,1,15.730337078651685,84.26966292134831
marslike,1428_s44,1428,44,MERGED50_3e3b31d471ffc94a,50.26737967914438,49.73262032085562,1,19.230769230769234,80.76923076923077
marslike,1429_s44,1429,44,MERGED50_3e3d11b925b45fbe,37.578288100208766,62.421711899791234,1,17.857142857142858,82.14285714285714
marslike,1432_s44,1432,44,MERGED50_3e5aa9a1b7b8d653,42.24598930481284,57.75401069518716,1,16.0427807486631,83.9572192513369
marslike,1433_s44,1433,44,MERGED50_3e63fbb981856684,17.741935483870968,82.25806451612902,0,17.741935483870968,82.25806451612902
marslike,1457_s44,1457,44,MERGED50_3f62a4babbe83c19,21.232876712328768,78.76712328767124,0,21.232876712328768,78.76712328767124
marslike,1471_s44,1471,44,MERGED50_402d407b6093674a,15.068493150684931,84.93150684931507,0,15.068493150684931,84.93150684931507
marslike,1474_s44,1474,44,MERGED50_405a4d8c0deae552,51.02040816326531,48.97959183673469,1,17.647058823529413,82.35294117647058
marslike,1494_s44,1494,44,MERGED50_411f2a32c65abd49,30.76923076923077,69.23076923076923,1,20.0,80.0
marslike,1510_s44,1510,44,MERGED50_41d81da132848701,39.32291666666667,60.67708333333333,1,21.09375,78.90625
marslike,1515_s44,1515,44,MERGED50_42260d841f1377eb,56.25,43.75,1,23.076923076923077,76.92307692307692
marslike,1517_s44,1517,44,MERGED50_42484ba59f188106,49.38650306748466,50.61349693251534,1,19.642857142857142,80.35714285714286
marslike,1521_s44,1521,44,MERGED50_4285669b0493888e,18.27956989247312,81.72043010752688,0,18.27956989247312,81.72043010752688
marslike,1545_s44,1545,44,MERGED50_4362509a76da146e,51.776649746192895,48.223350253807105,1,16.455696202531644,83.54430379746836
marslike,1569_s44,1569,44,MERGED50_452470f6eea49e9e,58.14606741573034,41.85393258426966,1,16.560509554140125,83.43949044585987
marslike,1587_s44,1587,44,MERGED50_461d7f839caac77e,47.23618090452261,52.76381909547739,1,15.966386554621847,84.03361344537815
marslike,1589_s44,1589,44,MERGED50_46372a0fbd4d49b2,47.783251231527096,52.216748768472904,1,17.142857142857142,82.85714285714286
marslike,1598_s44,1598,44,MERGED50_47145fb95598e500,48.10690423162583,51.89309576837417,1,15.873015873015872,84.12698412698413
marslike,1599_s44,1599,44,MERGED50_471c6ea226937f87,64.44444444444444,35.55555555555556,1,21.21212121212121,78.78787878787878
marslike,1609_s44,1609,44,MERGED50_47b02c4685094ba9,34.52914798206278,65.47085201793722,1,25.0,75.0
marslike,1623_s44,1623,44,MERGED50_48462d9ed104d7ee,21.656050955414013,78.34394904458598,0,21.656050955414013,78.34394904458598
marslike,1628_s44,1628,44,MERGED50_4889e6e6faf64af1,15.254237288135593,84.7457627118644,0,15.254237288135593,84.7457627118644
marslike,1634_s44,1634,44,MERGED50_48b4acbaba3bf0ce,46.3768115942029,53.6231884057971,1,22.058823529411764,77.94117647058823
marslike,1643_s44,1643,44,MERGED50_48f4fb1a585f756b,20.73170731707317,79.26829268292683,1,20.73170731707317,79.26829268292683
marslike,1644_s44,1644,44,MERGED50_4900eb77492b3539,30.0,70.0,1,30.0,70.0
marslike,1646_s44,1646,44,MERGED50_491f277c7354ac88,16.94915254237288,83.05084745762713,0,16.94915254237288,83.05084745762713
marslike,1663_s44,1663,44,MERGED50_49f4df1d2f820e94,47.61904761904761,52.38095238095239,1,17.72151898734177,82.27848101265823
marslike,1689_s44,1689,44,MERGED50_4ac1d527b0c84960,53.28719723183391,46.71280276816609,1,17.24137931034483,82.75862068965517
marslike,1692_s44,1692,44,MERGED50_4ad594a12d0332d1,50.759219088937094,49.240780911062906,1,32.35294117647059,67.64705882352942
marslike,1717_s44,1717,44,MERGED50_4be104e418d33631,46.49122807017544,53.50877192982456,1,15.714285714285714,84.28571428571429
marslike,1722_s44,1722,44,MERGED50_4c11e53ac7d8df90,29.25531914893617,70.74468085106383,1,18.181818181818183,81.81818181818181
marslike,1735_s44,1735,44,MERGED50_4cb1fcc9e80a697f,50.349650349650354,49.650349650349646,1,18.64406779661017,81.35593220338983
marslike,1741_s44,1741,44,MERGED50_4cfc7389cb1e066b,58.011049723756905,41.988950276243095,1,21.21212121212121,78.78787878787878
marslike,1742_s44,1742,44,MERGED50_4d0e44d4065dc9cd,46.42857142857143,53.57142857142857,1,18.84057971014493,81.15942028985506
marslike,1748_s44,1748,44,MERGED50_4d4efeff38ed788c,35.0597609561753,64.9402390438247,1,19.672131147540984,80.32786885245902
marslike,1752_s44,1752,44,MERGED50_4daec5a39d5600f2,23.728813559322035,76.27118644067797,0,23.728813559322035,76.27118644067797
marslike,1792_s44,1792,44,MERGED50_4ff928ed0b2c5ed9,44.75,55.25,1,29.411764705882355,70.58823529411765
marslike,1799_s44,1799,44,MERGED50_503944df164841e9,41.66666666666667,58.33333333333333,1,18.421052631578945,81.57894736842105
marslike,1813_s44,1813,44,MERGED50_50f3d8e28a277412,45.396145610278374,54.603854389721626,1,17.647058823529413,82.35294117647058
marslike,1830_s44,1830,44,MERGED50_51aecf5a82dbce78,18.072289156626507,81.92771084337349,0,18.072289156626507,81.92771084337349
marslike,1844_s44,1844,44,MERGED50_526ae4cee2125bfb,46.46153846153846,53.53846153846154,1,21.153846153846153,78.84615384615384
marslike,1882_s44,1882,44,MERGED50_545e6e68331f2156,31.007751937984494,68.9922480620155,1,23.170731707317074,76.82926829268293
marslike,1905_s44,1905,44,MERGED50_553f8a66af2a3e91,45.94594594594595,54.05405405405405,1,21.666666666666668,78.33333333333333
marslike,1908_s44,1908,44,MERGED50_554d40bab7143e00,34.46808510638298,65.53191489361703,1,18.27956989247312,81.72043010752688
marslike,1909_s44,1909,44,MERGED50_554ee24ba2da53aa,28.65671641791045,71.34328358208955,1,27.659574468085108,72.34042553191489
marslike,1911_s44,1911,44,MERGED50_55a02953e1a869bc,32.460732984293195,67.5392670157068,1,28.272251308900525,71.72774869109948
marslike,1942_s44,1942,44,MERGED50_575c6ee0003d1c16,47.781569965870304,52.218430034129696,1,20.37037037037037,79.62962962962963
marslike,1949_s44,1949,44,MERGED50_57b0e310432a22eb,48.188405797101446,51.811594202898554,1,18.571428571428573,81.42857142857143
marslike,1951_s44,1951,44,MERGED50_57be905f2a47364b,32.747252747252745,67.25274725274726,1,26.47058823529412,73.52941176470588
marslike,1957_s44,1957,44,MERGED50_57f3a98bf6445bd5,34.13978494623656,65.86021505376344,1,19.444444444444446,80.55555555555556
marslike,1968_s44,1968,44,MERGED50_586bb952a8fc0b3d,37.096774193548384,62.903225806451616,1,23.741007194244602,76.2589928057554
marslike,1994_s44,1994,44,MERGED50_5a1bbcc14a461599,44.6927374301676,55.3072625698324,1,17.1875,82.8125
marslike,2004_s44,2004,44,MERGED50_5a83ec96df4a0c1d,40.0,60.0,1,16.455696202531644,83.54430379746836
marslike,2008_s44,2008,44,MERGED50_5ab7a71def90885f,16.27906976744186,83.72093023255815,0,16.27906976744186,83.72093023255815
marslike,2012_s44,2012,44,MERGED50_5b071d4cc559965a,34.93975903614458,65.06024096385542,1,34.93975903614458,65.06024096385542
marslike,2019_s44,2019,44,MERGED50_5b718b4cfb08bb58,40.79320113314447,59.20679886685553,1,27.160493827160494,72.8395061728395
marslike,2054_s44,2054,44,MERGED50_5d19e38d4d70b54a,18.181818181818183,81.81818181818181,0,18.181818181818183,81.81818181818181
marslike,2056_s44,2056,44,MERGED50_5d3b236e3dd6d06c,27.47603833865815,72.52396166134184,1,23.728813559322035,76.27118644067797
marslike,2075_s44,2075,44,MERGED50_5e0244dd6c87c85d,36.45083932853717,63.54916067146283,1,18.96551724137931,81.0344827586207
marslike,2086_s44,2086,44,MERGED50_5e95fa19a872e3b4,47.239263803680984,52.760736196319016,1,47.239263803680984,52.760736196319016
marslike,2087_s44,2087,44,MERGED50_5e9e6eb6decf88dc,40.44943820224719,59.55056179775281,1,40.44943820224719,59.55056179775281
marslike,2112_s44,2112,44,MERGED50_600eac600405229a,17.647058823529413,82.35294117647058,0,17.647058823529413,82.35294117647058
marslike,2123_s44,2123,44,MERGED50_609a3e30cddedce6,25.862068965517242,74.13793103448276,1,25.862068965517242,74.13793103448276
marslike,2133_s44,2133,44,MERGED50_612acfb649609662,43.89438943894389,56.10561056105611,1,19.642857142857142,80.35714285714286
marslike,2146_s44,2146,44,MERGED50_6244b32ce12316f9,17.073170731707318,82.92682926829268,0,17.073170731707318,82.92682926829268
marslike,2153_s44,2153,44,MERGED50_62a38fd2a6fdbc2d,37.30337078651685,62.69662921348315,1,19.35483870967742,80.64516129032258
marslike,2162_s44,2162,44,MERGED50_63215d6ba2194894,47.07692307692308,52.92307692307692,1,16.94915254237288,83.05084745762713
marslike,2189_s44,2189,44,MERGED50_645a92888dc6dedb,18.226600985221676,81.77339901477832,0,18.226600985221676,81.77339901477832
marslike,2243_s44,2243,44,MERGED50_66ec4df0e0a2fd55,38.13559322033898,61.86440677966102,1,19.736842105263158,80.26315789473685
marslike,2250_s44,2250,44,MERGED50_671edda99c550c18,24.615384615384617,75.38461538461539,0,24.615384615384617,75.38461538461539
marslike,2261_s44,2261,44,MERGED50_67a4f58548213093,20.0,80.0,0,20.0,80.0
marslike,2263_s44,2263,44,MERGED50_67d5e2e10d7007fe,43.506493506493506,56.493506493506494,1,27.160493827160494,72.8395061728395
marslike,2273_s44,2273,44,MERGED50_683bce063171bf86,60.122699386503065,39.877300613496935,1,60.122699386503065,39.877300613496935
marslike,2279_s44,2279,44,MERGED50_68c65d876ac620ab,43.31797235023041,56.68202764976959,1,24.71264367816092,75.28735632183908
marslike,2286_s44,2286,44,MERGED50_69393026e61930ed,20.689655172413794,79.3103448275862,0,20.689655172413794,79.3103448275862
marslike,2295_s44,2295,44,MERGED50_69b44115b6dcd0e2,36.76470588235294,63.23529411764706,0,36.76470588235294,63.23529411764706
marslike,2308_s44,2308,44,MERGED50_6a2a6be04d79ee41,20.0,80.0,0,20.0,80.0
marslike,2323_s44,2323,44,MERGED50_6af9723776606a41,50.231481481481474,49.768518518518526,1,14.942528735632186,85.05747126436782
marslike,2329_s44,2329,44,MERGED50_6b224a8f99da0d29,31.914893617021278,68.08510638297872,1,21.27659574468085,78.72340425531915
marslike,2330_s44,2330,44,MERGED50_6b227dac34d8f18a,38.26086956521739,61.73913043478261,1,38.26086956521739,61.73913043478261
marslike,2332_s44,2332,44,MERGED50_6b38087a6588fd0b,28.846153846153843,71.15384615384616,0,28.846153846153843,71.15384615384616
marslike,2358_s44,2358,44,MERGED50_6c30c584dc58bebe,67.05882352941175,32.941176470588246,1,67.05882352941175,32.941176470588246
marslike,2362_s44,2362,44,MERGED50_6c4a85fe1429fd52,22.058823529411764,77.94117647058823,1,22.058823529411764,77.94117647058823
marslike,2378_s44,2378,44,MERGED50_6d121cb9b2ad8f83,41.839762611275965,58.160237388724035,1,20.0,80.0
marslike,2379_s44,2379,44,MERGED50_6d3279c7f8765afe,46.98795180722892,53.01204819277108,1,23.076923076923077,76.92307692307692
marslike,2400_s44,2400,44,MERGED50_6e8a7b5e0ea2e20a,55.654761904761905,44.345238095238095,1,18.51851851851852,81.48148148148148
marslike,2404_s44,2404,44,MERGED50_6ebf80626779618f,55.291576673866096,44.708423326133904,1,15.254237288135593,84.7457627118644
marslike,2405_s44,2405,44,MERGED50_6ec27256153612e8,47.390396659707726,52.609603340292274,1,15.492957746478872,84.50704225352112
marslike,2413_s44,2413,44,MERGED50_6f1c632d7cb5897c,18.75,81.25,0,18.75,81.25
marslike,2425_s44,2425,44,MERGED50_6fa1c9aaca811b7c,38.21656050955414,61.78343949044586,1,18.947368421052634,81.05263157894737
marslike,2440_s44,2440,44,MERGED50_7077b5705fff8a36,29.67032967032967,70.32967032967034,1,18.96551724137931,81.0344827586207
marslike,2450_s44,2450,44,MERGED50_7127c555a30ef29d,54.21245421245421,45.78754578754579,1,21.153846153846153,78.84615384615384
marslike,2488_s44,2488,44,MERGED50_73619aea8b71f9f2,37.234042553191486,62.765957446808514,1,19.230769230769234,80.76923076923077
marslike,2500_s44,2500,44,MERGED50_7411d1af87ef4f3d,37.93103448275862,62.06896551724138,1,32.758620689655174,67.24137931034483
marslike,2513_s44,2513,44,MERGED50_74a893e225ddf810,14.814814814814813,85.18518518518519,0,14.814814814814813,85.18518518518519
marslike,2522_s44,2522,44,MERGED50_753596b5977878ba,56.98924731182796,43.01075268817204,1,56.98924731182796,43.01075268817204
marslike,2528_s44,2528,44,MERGED50_7587d233b7f5a4dd,41.49377593360996,58.50622406639004,1,16.901408450704224,83.09859154929578
marslike,2534_s44,2534,44,MERGED50_75d083f90f752722,50.899742930591266,49.100257069408734,1,26.76056338028169,73.2394366197183
marslike,2546_s44,2546,44,MERGED50_7668b102cce97a67,36.76470588235294,63.23529411764706,0,36.76470588235294,63.23529411764706
marslike,2554_s44,2554,44,MERGED50_76abcfb94bfee017,34.5679012345679,65.4320987654321,1,17.24137931034483,82.75862068965517
marslike,2556_s44,2556,44,MERGED50_76d3ea294441f3bf,51.438848920863315,48.561151079136685,1,18.181818181818183,81.81818181818181
marslike,2563_s44,2563,44,MERGED50_77449cdf69801264,14.814814814814813,85.18518518518519,0,14.814814814814813,85.18518518518519
marslike,2572_s44,2572,44,MERGED50_77a0592117bec23a,51.08695652173913,48.91304347826087,1,19.230769230769234,80.76923076923077
marslike,2574_s44,2574,44,MERGED50_77ba8c2b63fadcf5,25.78616352201258,74.21383647798743,1,21.38364779874214,78.61635220125785
marslike,2599_s44,2599,44,MERGED50_78e463e2ec428af7,35.5,64.5,1,33.69565217391305,66.30434782608695
marslike,2601_s44,2601,44,MERGED50_78f1e00fd53a3274,37.75933609958506,62.24066390041494,1,17.5,82.5
marslike,2616_s44,2616,44,MERGED50_79a47969caa2ae63,32.35294117647059,67.64705882352942,1,21.91780821917808,78.08219178082192
marslike,2622_s44,2622,44,MERGED50_79dabdca37fc4102,40.689655172413794,59.310344827586206,1,20.3125,79.6875
marslike,2627_s44,2627,44,MERGED50_7a01bc666a0eca16,45.88235294117647,54.11764705882353,1,19.402985074626866,80.59701492537313
marslike,2636_s44,2636,44,MERGED50_7a80fe2dea4829f2,45.0261780104712,54.9738219895288,1,25.0,75.0
marslike,2652_s44,2652,44,MERGED50_7b300d5704038dbf,26.436781609195403,73.5632183908046,1,26.436781609195403,73.5632183908046
marslike,2661_s44,2661,44,MERGED50_7be9bc1e78d4269b,48.046875,51.953125,1,24.242424242424242,75.75757575757575
marslike,2672_s44,2672,44,MERGED50_7c5d8dd9dd48f517,32.33830845771145,67.66169154228855,1,26.262626262626267,73.73737373737373
marslike,2692_s44,2692,44,MERGED50_7d0b0614229175f8,32.098765432098766,67.90123456790124,1,32.098765432098766,67.90123456790124
marslike,2705_s44,2705,44,MERGED50_7dbdcf7782af193c,39.88095238095239,60.11904761904761,1,28.947368421052634,71.05263157894737
marslike,2727_s44,2727,44,MERGED50_7ed2f6a56937016a,40.123456790123456,59.876543209876544,1,18.571428571428573,81.42857142857143
marslike,2728_s44,2728,44,MERGED50_7ede81269d8631a4,32.0,68.0,1,20.0,80.0
marslike,2741_s44,2741,44,MERGED50_7f640839a3f8e11a,53.03983228511531,46.96016771488469,1,20.28985507246377,79.71014492753623
marslike,2743_s44,2743,44,MERGED50_7f66caa8892be92f,41.94915254237288,58.05084745762712,1,22.36842105263158,77.63157894736842
marslike,2802_s44,2802,44,MERGED50_8250c39e60fe2cf2,47.85478547854785,52.14521452145215,1,18.181818181818183,81.81818181818181
marslike,2818_s44,2818,44,MERGED50_83412bf11620bd23,48.275862068965516,51.724137931034484,1,22.727272727272727,77.27272727272728
marslike,2833_s44,2833,44,MERGED50_841cf6c2b9f6631e,31.092436974789916,68.90756302521008,1,21.53846153846154,78.46153846153845
marslike,2853_s44,2853,44,MERGED50_853f79d92858401e,18.269230769230766,81.73076923076923,0,18.269230769230766,81.73076923076923
marslike,2859_s44,2859,44,MERGED50_85bd37c154ebca0f,34.306569343065696,65.69343065693431,1,20.437956204379564,79.56204379562044
marslike,2874_s44,2874,44,MERGED50_8639fd34028091ab,31.97278911564626,68.02721088435374,1,17.006802721088434,82.99319727891157
marslike,2884_s44,2884,44,MERGED50_867689993d36eb87,38.983050847457626,61.016949152542374,0,38.983050847457626,61.016949152542374
marslike,2894_s44,2894,44,MERGED50_86db53a5c57f5ff0,26.95035460992908,73.04964539007092,0,26.95035460992908,73.04964539007092
marslike,2903_s44,2903,44,MERGED50_873694b44f3b2ea8,48.41772151898734,51.58227848101266,1,16.363636363636363,83.63636363636364
marslike,2906_s44,2906,44,MERGED50_8745eb3faa2564b7,42.592592592592595,57.407407407407405,1,21.153846153846153,78.84615384615384
marslike,2928_s44,2928,44,MERGED50_883b24135493ecd4,43.15789473684211,56.84210526315789,1,21.73913043478261,78.26086956521739
marslike,2954_s44,2954,44,MERGED50_89eef421b7a393fa,23.076923076923077,76.92307692307692,1,23.076923076923077,76.92307692307692
marslike,2978_s44,2978,44,MERGED50_8b386db343c4677e,45.481049562682216,54.518950437317784,1,18.29268292682927,81.70731707317073
marslike,2987_s44,2987,44,MERGED50_8bedf43df42ac4c0,52.04081632653062,47.95918367346938,1,21.12676056338028,78.87323943661971
marslike,2993_s44,2993,44,MERGED50_8c190d7c98c4f693,44.866920152091254,55.133079847908746,1,15.789473684210526,84.21052631578948
marslike,2996_s44,2996,44,MERGED50_8c3d2660267e473d,40.89068825910931,59.10931174089069,1,15.730337078651685,84.26966292134831
marslike,3027_s44,3027,44,MERGED50_8dee8af9f39cd7fd,20.930232558139537,79.06976744186046,0,20.930232558139537,79.06976744186046
marslike,3032_s44,3032,44,MERGED50_8e20bc65561a86aa,18.81188118811881,81.1881188118812,1,18.81188118811881,81.1881188118812
marslike,3033_s44,3033,44,MERGED50_8e22f7d3d4198db8,44.02985074626866,55.97014925373134,1,20.149253731343283,79.85074626865672
marslike,3045_s44,3045,44,MERGED50_8ee742e81fc5700b,29.67032967032967,70.32967032967034,1,28.31858407079646,71.68141592920354
marslike,3049_s44,3049,44,MERGED50_8f21052c420280e1,38.81578947368421,61.18421052631579,1,16.071428571428573,83.92857142857143
marslike,3080_s44,3080,44,MERGED50_9098dca75b1a5014,53.40909090909091,46.59090909090909,1,16.51376146788991,83.4862385321101
marslike,3081_s44,3081,44,MERGED50_909e06366de0655f,43.217665615141954,56.782334384858046,1,18.571428571428573,81.42857142857143
marslike,3095_s44,3095,44,MERGED50_916c635910a1d9e7,44.871794871794876,55.128205128205124,1,17.24137931034483,82.75862068965517
marslike,3097_s44,3097,44,MERGED50_917a86209294b86f,45.63894523326572,54.36105476673428,1,15.957446808510639,84.04255319148936
marslike,3104_s44,3104,44,MERGED50_922ef138ede4a09e,48.888888888888886,51.111111111111114,1,23.684210526315788,76.31578947368422
marslike,3155_s44,3155,44,MERGED50_952fb4144de0c137,46.808510638297875,53.191489361702125,1,15.714285714285714,84.28571428571429
marslike,3175_s44,3175,44,MERGED50_967da48d929c47b7,38.983050847457626,61.016949152542374,1,38.983050847457626,61.016949152542374
marslike,3182_s44,3182,44,MERGED50_96b5b3822e77b0d1,66.25766871165644,33.742331288343564,1,66.25766871165644,33.742331288343564
marslike,3183_s44,3183,44,MERGED50_96b6b14d746a301d,42.77108433734939,57.22891566265061,1,19.718309859154928,80.28169014084507
marslike,3188_s44,3188,44,MERGED50_973156e9c6e6a362,27.900552486187845,72.09944751381215,1,16.43835616438356,83.56164383561644
marslike,3197_s44,3197,44,MERGED50_97cb7b15febeb2a5,37.8698224852071,62.1301775147929,1,16.666666666666664,83.33333333333334
marslike,3199_s44,3199,44,MERGED50_97dc8721613c2b73,48.148148148148145,51.851851851851855,1,15.74074074074074,84.25925925925927
marslike,3217_s44,3217,44,MERGED50_991d320f2a013e40,52.293577981651374,47.706422018348626,1,21.153846153846153,78.84615384615384
marslike,3225_s44,3225,44,MERGED50_998bb445f3f832c5,49.59183673469388,50.40816326530612,1,25.0,75.0
marslike,3236_s44,3236,44,MERGED50_99e8793681c95da7,31.57894736842105,68.42105263157895,1,31.57894736842105,68.42105263157895
marslike,3241_s44,3241,44,MERGED50_9a6d86d4a6b18c65,44.866920152091254,55.133079847908746,1,14.634146341463413,85.3658536585366
marslike,3248_s44,3248,44,MERGED50_9a8b8d185d4bd22e,46.909090909090914,53.090909090909086,1,18.823529411764707,81.17647058823529
marslike,3252_s44,3252,44,MERGED50_9aa2b233a097c88b,40.68441064638783,59.31558935361217,1,16.831683168316832,83.16831683168317
marslike,3256_s44,3256,44,MERGED50_9ab99c917ac7df76,45.65217391304348,54.34782608695652,1,16.666666666666664,83.33333333333334
marslike,3257_s44,3257,44,MERGED50_9abd9e349a65eaa1,47.53363228699551,52.46636771300449,1,16.363636363636363,83.63636363636364
marslike,3268_s44,3268,44,MERGED50_9b5fcc70f997c7eb,54.1044776119403,45.8955223880597,1,20.3125,79.6875
marslike,3269_s44,3269,44,MERGED50_9b7b4d6e047a5ec0,39.80582524271845,60.19417475728155,1,36.76470588235294,63.23529411764706
marslike,3272_s44,3272,44,MERGED50_9b8f00624edaac0d,52.27272727272727,47.72727272727273,1,14.516129032258066,85.48387096774194
marslike,3274_s44,3274,44,MERGED50_9b98dddab58fa657,40.38461538461539,59.61538461538461,0,40.38461538461539,59.61538461538461
marslike,3275_s44,3275,44,MERGED50_9bb2b32cfe362dbd,36.49425287356322,63.50574712643678,1,16.60649819494585,83.39350180505414
marslike,3305_s44,3305,44,MERGED50_9d334cd69d11cc08,47.43589743589743,52.56410256410257,1,40.38461538461539,59.61538461538461
marslike,3306_s44,3306,44,MERGED50_9d4cad0bf4f4eabb,14.960629921259844,85.03937007874015,0,14.960629921259844,85.03937007874015
marslike,3321_s44,3321,44,MERGED50_9df10ef1bbe6e50a,44.73684210526316,55.26315789473684,1,16.666666666666664,83.33333333333334
marslike,3354_s44,3354,44,MERGED50_a0217cea3a619c31,42.057761732851986,57.942238267148014,1,16.666666666666664,83.33333333333334
marslike,3361_s44,3361,44,MERGED50_a09fa1c40dba6a05,40.63745019920319,59.36254980079681,1,23.404255319148938,76.59574468085106
marslike,3410_s44,3410,44,MERGED50_a2d5559200c22c7a,13.571428571428571,86.42857142857143,0,13.571428571428571,86.42857142857143
marslike,3423_s44,3423,44,MERGED50_a36ed354195d99f9,36.93516699410609,63.06483300589391,1,19.444444444444446,80.55555555555556
marslike,3427_s44,3427,44,MERGED50_a38dcaacea403954,36.470588235294116,63.529411764705884,1,36.470588235294116,63.529411764705884
marslike,3429_s44,3429,44,MERGED50_a39b3ac9186d9697,42.081447963800905,57.918552036199095,1,17.307692307692307,82.6923076923077
marslike,3436_s44,3436,44,MERGED50_a42681c8ab1c5abd,46.808510638297875,53.191489361702125,1,15.873015873015872,84.12698412698413
marslike,3509_s44,3509,44,MERGED50_a84d6eb4536c54e4,38.88888888888889,61.11111111111111,1,17.94871794871795,82.05128205128204
marslike,3510_s44,3510,44,MERGED50_a84f97de017ca7ec,55.29197080291971,44.70802919708029,1,19.718309859154928,80.28169014084507
marslike,3532_s44,3532,44,MERGED50_a9ed355f00ad370a,64.19753086419753,35.80246913580247,1,64.19753086419753,35.80246913580247
marslike,3542_s44,3542,44,MERGED50_aa3463f5ddc1b812,32.05128205128205,67.94871794871796,1,23.076923076923077,76.92307692307692
marslike,3564_s44,3564,44,MERGED50_ab2b415c51b1e502,48.52320675105485,51.47679324894515,1,20.0,80.0
marslike,3567_s44,3567,44,MERGED50_ab425ac822b5007b,53.47222222222222,46.52777777777778,1,17.391304347826086,82.6086956521739
marslike,3581_s44,3581,44,MERGED50_ac0e0751641ba8c5,23.12925170068027,76.87074829931973,1,17.006802721088434,82.99319727891157
marslike,3585_s44,3585,44,MERGED50_ac619d734e1fed35,54.59770114942529,45.40229885057471,1,30.097087378640776,69.90291262135922
marslike,3586_s44,3586,44,MERGED50_ac69c745c89ad948,43.044619422572175,56.955380577427825,1,30.76923076923077,69.23076923076923
marslike,3629_s44,3629,44,MERGED50_ae7a8231780df578,42.30769230769231,57.69230769230769,1,18.333333333333332,81.66666666666667
marslike,3649_s44,3649,44,MERGED50_afa7cfce20caf18e,47.05882352941176,52.94117647058824,1,22.36842105263158,77.63157894736842
marslike,3669_s44,3669,44,MERGED50_b0921b39d04065fe,16.923076923076923,83.07692307692308,0,16.923076923076923,83.07692307692308
marslike,3672_s44,3672,44,MERGED50_b0acaec12cf54da1,33.33333333333333,66.66666666666667,1,18.96551724137931,81.0344827586207
marslike,3677_s44,3677,44,MERGED50_b11026cfc39511b7,49.67948717948718,50.32051282051282,1,17.46031746031746,82.53968253968254
marslike,3680_s44,3680,44,MERGED50_b158ae789a92cb66,51.886792452830186,48.113207547169814,1,51.886792452830186,48.113207547169814
marslike,3683_s44,3683,44,MERGED50_b17f8de8e8177506,23.076923076923077,76.92307692307692,0,23.076923076923077,76.92307692307692
marslike,3684_s44,3684,44,MERGED50_b19bfa8594c86411,33.89830508474576,66.10169491525424,1,33.89830508474576,66.10169491525424
marslike,3694_s44,3694,44,MERGED50_b25490b4a76d74a5,53.591160220994475,46.408839779005525,1,14.814814814814813,85.18518518518519
marslike,3702_s44,3702,44,MERGED50_b2b8613a7d28b25a,49.32249322493225,50.67750677506775,1,18.84057971014493,81.15942028985506
marslike,3718_s44,3718,44,MERGED50_b40efb3f02a47298,27.11864406779661,72.88135593220339,1,27.11864406779661,72.88135593220339
marslike,3722_s44,3722,44,MERGED50_b42142937144f0e9,49.079754601226995,50.920245398773005,1,17.741935483870968,82.25806451612902
marslike,3728_s44,3728,44,MERGED50_b45c254a83e9819b,41.27423822714682,58.72576177285318,1,16.901408450704224,83.09859154929578
marslike,3748_s44,3748,44,MERGED50_b58172d9edd3ab32,49.67948717948718,50.32051282051282,1,15.517241379310345,84.48275862068965
marslike,3752_s44,3752,44,MERGED50_b59c30f551ed6b1f,49.30362116991643,50.69637883008357,1,15.957446808510639,84.04255319148936
marslike,3762_s44,3762,44,MERGED50_b6320c1cb01534e4,23.66412213740458,76.33587786259542,1,22.900763358778626,77.09923664122138
marslike,3771_s44,3771,44,MERGED50_b69c514bad0a6438,50.442477876106196,49.557522123893804,1,16.363636363636363,83.63636363636364
marslike,3774_s44,3774,44,MERGED50_b6d00e21099ae542,47.65625,52.34375,1,17.307692307692307,82.6923076923077
marslike,3776_s44,3776,44,MERGED50_b6faaa8e81b33b62,18.29268292682927,81.70731707317073,0,18.29268292682927,81.70731707317073
marslike,3783_s44,3783,44,MERGED50_b7a6b6c91b9cd7ea,38.943894389438945,61.056105610561055,1,17.75700934579439,82.24299065420561
marslike,3816_s44,3816,44,MERGED50_b957d14dcf1bbe9a,28.57142857142857,71.42857142857143,1,26.666666666666668,73.33333333333333
marslike,3818_s44,3818,44,MERGED50_b967112def0d9512,36.93693693693694,63.06306306306306,1,31.506849315068493,68.4931506849315
marslike,3831_s44,3831,44,MERGED50_b9d681926a4b600e,26.595744680851062,73.40425531914894,0,26.595744680851062,73.40425531914894
marslike,3838_s44,3838,44,MERGED50_ba291c9173c50b04,40.29126213592233,59.70873786407767,1,25.0,75.0
marslike,3840_s44,3840,44,MERGED50_ba443842d54492a7,43.225806451612904,56.774193548387096,1,17.24137931034483,82.75862068965517
marslike,3852_s44,3852,44,MERGED50_bb10fbaaf2dc3390,15.517241379310345,84.48275862068965,0,15.517241379310345,84.48275862068965
marslike,3853_s44,3853,44,MERGED50_bb204324245ac57d,58.82352941176471,41.17647058823529,1,17.647058823529413,82.35294117647058
marslike,3855_s44,3855,44,MERGED50_bb3455cbaad33f86,40.77669902912621,59.22330097087379,1,17.142857142857142,82.85714285714286
marslike,3859_s44,3859,44,MERGED50_bb5eda403322a160,23.106060606060606,76.89393939393939,1,18.91891891891892,81.08108108108108
marslike,3872_s44,3872,44,MERGED50_bc17887e887e8809,36.84210526315789,63.15789473684211,1,36.84210526315789,63.15789473684211
marslike,3879_s44,3879,44,MERGED50_bc5d8b8a3e7fc15d,41.66666666666667,58.33333333333333,1,19.753086419753085,80.24691358024691
marslike,3895_s44,3895,44,MERGED50_bd037da1c83d4495,51.48514851485149,48.51485148514851,1,16.216216216216218,83.78378378378378
marslike,3904_s44,3904,44,MERGED50_bd5d3346b3f492d1,35.13513513513514,64.86486486486487,1,20.27027027027027,79.72972972972973
marslike,3913_s44,3913,44,MERGED50_bdfb0561a2f0e94d,56.060606060606055,43.939393939393945,0,56.060606060606055,43.939393939393945
marslike,3923_s44,3923,44,MERGED50_be9dd7740e7d701e,49.473684210526315,50.526315789473685,1,23.728813559322035,76.27118644067797
marslike,3926_s44,3926,44,MERGED50_beb97b9d7100d060,26.82926829268293,73.17073170731707,0,26.82926829268293,73.17073170731707
marslike,3937_s44,3937,44,MERGED50_bf4d181218869bd3,35.294117647058826,64.70588235294117,1,17.142857142857142,82.85714285714286
marslike,3948_s44,3948,44,MERGED50_c004f25ea592d5dc,37.704918032786885,62.295081967213115,1,19.298245614035086,80.70175438596492
marslike,3950_s44,3950,44,MERGED50_c023f2020521997b,43.28358208955223,56.71641791044777,1,21.153846153846153,78.84615384615384
marslike,3974_s44,3974,44,MERGED50_c14b578a40b8c8b1,25.0,75.0,1,25.0,75.0
marslike,3980_s44,3980,44,MERGED50_c1bf1e334817e0f2,36.53846153846153,63.46153846153847,0,36.53846153846153,63.46153846153847
marslike,3981_s44,3981,44,MERGED50_c1c730c120397711,53.18066157760815,46.81933842239185,1,25.0,75.0
marslike,3983_s44,3983,44,MERGED50_c1d88cac251c841c,49.57627118644068,50.42372881355932,1,17.24137931034483,82.75862068965517
marslike,4001_s44,4001,44,MERGED50_c3715085cbdba5f4,48.53932584269663,51.46067415730337,1,17.647058823529413,82.35294117647058
marslike,4016_s44,4016,44,MERGED50_c4074a4ba6f23c3b,31.03448275862069,68.9655172413793,0,31.03448275862069,68.9655172413793
marslike,4019_s44,4019,44,MERGED50_c430d42301ff2bd9,19.607843137254903,80.3921568627451,1,19.607843137254903,80.3921568627451
marslike,4024_s44,4024,44,MERGED50_c47a49ed1eedac36,39.361702127659576,60.638297872340424,1,18.085106382978726,81.91489361702128
marslike,4032_s44,4032,44,MERGED50_c4bda75420b8a03b,43.96551724137931,56.03448275862069,1,16.666666666666664,83.33333333333334
marslike,4039_s44,4039,44,MERGED50_c51ac5431905f7ee,42.241379310344826,57.758620689655174,1,40.38461538461539,59.61538461538461
marslike,4061_s44,4061,44,MERGED50_c6a44b119bef1302,53.84615384615385,46.15384615384615,0,53.84615384615385,46.15384615384615
marslike,4071_s44,4071,44,MERGED50_c74a4126117a32ad,48.43205574912892,51.56794425087108,1,15.54054054054054,84.45945945945945
marslike,4073_s44,4073,44,MERGED50_c75525dbde37c28c,41.75824175824176,58.24175824175824,1,15.0,85.0
marslike,4074_s44,4074,44,MERGED50_c75ab1a5c9ad6c6f,29.257641921397383,70.74235807860262,1,18.777292576419214,81.22270742358079
marslike,4078_s44,4078,44,MERGED50_c79ff93d590f9bda,63.52941176470588,36.47058823529412,1,63.52941176470588,36.47058823529412
marslike,4081_s44,4081,44,MERGED50_c7c021d8ab4041ec,31.932773109243694,68.0672268907563,1,31.932773109243694,68.0672268907563
marslike,4084_s44,4084,44,MERGED50_c7f03ab966fff9af,30.76923076923077,69.23076923076923,1,19.753086419753085,80.24691358024691
marslike,4096_s44,4096,44,MERGED50_c84242fb3de977b7,53.23741007194245,46.76258992805755,1,53.23741007194245,46.76258992805755
marslike,4121_s44,4121,44,MERGED50_c9f6c384862b1fe4,43.04932735426009,56.95067264573991,1,24.242424242424242,75.75757575757575
marslike,4167_s44,4167,44,MERGED50_cce784180d050396,33.89830508474576,66.10169491525424,1,33.89830508474576,66.10169491525424
marslike,4174_s44,4174,44,MERGED50_cd0a1fdd85de8ab1,47.22222222222222,52.77777777777778,1,23.456790123456788,76.54320987654322
marslike,4188_s44,4188,44,MERGED50_cddc29167df62ef9,24.731182795698924,75.26881720430107,1,24.731182795698924,75.26881720430107
marslike,4189_s44,4189,44,MERGED50_cdeb5e55f9b42a2d,46.601941747572816,53.398058252427184,1,21.153846153846153,78.84615384615384
marslike,4191_s44,4191,44,MERGED50_cdfbd57f3bb21d20,53.84615384615385,46.15384615384615,1,53.84615384615385,46.15384615384615
marslike,4198_s44,4198,44,MERGED50_ce9430b3548fb97f,15.74074074074074,84.25925925925927,0,15.74074074074074,84.25925925925927
marslike,4208_s44,4208,44,MERGED50_ceee00040657071c,40.64171122994652,59.35828877005348,1,20.28985507246377,79.71014492753623
marslike,4231_s44,4231,44,MERGED50_d05dd345e17ccbad,56.060606060606055,43.939393939393945,1,19.444444444444446,80.55555555555556
marslike,4248_s44,4248,44,MERGED50_d1669aedc2240498,36.933797909407666,63.066202090592334,1,20.27027027027027,79.72972972972973
marslike,4277_s44,4277,44,MERGED50_d33811d5beca09c4,71.68141592920354,28.31858407079646,1,71.68141592920354,28.31858407079646
marslike,4307_s44,4307,44,MERGED50_d46d768da670065d,27.884615384615387,72.11538461538461,1,27.884615384615387,72.11538461538461
marslike,4338_s44,4338,44,MERGED50_d63aedec8517f781,54.80225988700565,45.19774011299435,1,16.94915254237288,83.05084745762713
marslike,4339_s44,4339,44,MERGED50_d646f7b19527e834,32.666666666666664,67.33333333333334,1,17.647058823529413,82.35294117647058
marslike,4366_s44,4366,44,MERGED50_d79dcc8b60502ff1,39.91323210412148,60.08676789587852,1,28.846153846153843,71.15384615384616
marslike,4430_s44,4430,44,MERGED50_dbd87a83d6fc84aa,23.655913978494624,76.34408602150538,1,18.772563176895307,81.2274368231047
marslike,4444_s44,4444,44,MERGED50_dcf2317213ccfe3c,47.674418604651166,52.325581395348834,1,35.294117647058826,64.70588235294117
marslike,4450_s44,4450,44,MERGED50_dd2e6125e1a265fe,31.32530120481928,68.67469879518072,1,19.27710843373494,80.72289156626506
marslike,4460_s44,4460,44,MERGED50_dd88294982766a63,52.42290748898678,47.57709251101322,1,17.77777777777778,82.22222222222223
marslike,4473_s44,4473,44,MERGED50_de3037fc7a3630e5,26.08695652173913,73.91304347826087,1,22.82608695652174,77.17391304347827
marslike,4477_s44,4477,44,MERGED50_de83bc5e0f478a3f,36.76470588235294,63.23529411764706,1,36.76470588235294,63.23529411764706
marslike,4482_s44,4482,44,MERGED50_debafa50f2edd0c3,54.58333333333333,45.41666666666667,1,27.941176470588236,72.05882352941177
marslike,4494_s44,4494,44,MERGED50_df902d078f750801,27.55102040816326,72.44897959183675,1,27.55102040816326,72.44897959183675
marslike,4504_s44,4504,44,MERGED50_e0b9c4be3893b47f,44.26966292134831,55.73033707865169,1,17.91044776119403,82.08955223880596
marslike,4519_s44,4519,44,MERGED50_e212773ad22e28b2,53.11355311355312,46.88644688644688,1,18.487394957983195,81.5126050420168
marslike,4520_s44,4520,44,MERGED50_e231cb7424a6a4cc,34.92063492063492,65.07936507936509,1,20.0,80.0
marslike,4529_s44,4529,44,MERGED50_e2efec855aee89e2,33.57142857142857,66.42857142857143,1,19.230769230769234,80.76923076923077
marslike,4550_s44,4550,44,MERGED50_e42151b516d32088,26.31578947368421,73.6842105263158,1,26.31578947368421,73.6842105263158
marslike,4555_s44,4555,44,MERGED50_e475439234c7647e,58.16993464052288,41.83006535947712,1,24.242424242424242,75.75757575757575
marslike,4576_s44,4576,44,MERGED50_e5ff27e33cc22509,32.69230769230769,67.3076923076923,1,19.230769230769234,80.76923076923077
marslike,4599_s44,4599,44,MERGED50_e77ba9164be0680a,46.017699115044245,53.982300884955755,1,18.181818181818183,81.81818181818181
marslike,4641_s44,4641,44,MERGED50_e9c1dfc7c71e4fbc,44.662921348314605,55.337078651685395,1,21.951219512195124,78.04878048780488
marslike,4650_s44,4650,44,MERGED50_ea9029ad82f47cd2,23.684210526315788,76.31578947368422,0,23.684210526315788,76.31578947368422
marslike,4685_s44,4685,44,MERGED50_ec88cbd03a7591af,49.33586337760911,50.66413662239089,1,17.647058823529413,82.35294117647058
marslike,4703_s44,4703,44,MERGED50_ed73874f8aff14ec,46.695095948827294,53.304904051172706,1,19.17808219178082,80.82191780821918
marslike,4705_s44,4705,44,MERGED50_ed83b9c72b29bec9,47.09976798143852,52.90023201856148,1,18.64406779661017,81.35593220338983
marslike,4706_s44,4706,44,MERGED50_ed883dba8938761b,42.39543726235742,57.60456273764258,1,33.82352941176471,66.17647058823529
marslike,4714_s44,4714,44,MERGED50_eddd8b84fbb094df,45.16129032258064,54.83870967741936,1,45.16129032258064,54.83870967741936
marslike,4722_s44,4722,44,MERGED50_ee9ac1679f924fe0,15.686274509803921,84.31372549019608,0,15.686274509803921,84.31372549019608
marslike,4727_s44,4727,44,MERGED50_eeab14de56108434,48.18652849740933,51.81347150259067,1,25.925925925925924,74.07407407407408
marslike,4728_s44,4728,44,MERGED50_eebe608c1dc4845c,47.176079734219265,52.823920265780735,1,22.058823529411764,77.94117647058823
marslike,4751_s44,4751,44,MERGED50_f038619a0231ba7e,43.42105263157895,56.57894736842105,1,19.736842105263158,80.26315789473685
marslike,4763_s44,4763,44,MERGED50_f13c72cd8d45ebe7,34.523809523809526,65.47619047619048,1,27.027027027027028,72.97297297297297
marslike,4795_s44,4795,44,MERGED50_f2cc0874cbb65938,40.0,60.0,1,40.0,60.0
marslike,4812_s44,4812,44,MERGED50_f43a6e20b5945044,48.11715481171548,51.88284518828452,1,17.56756756756757,82.43243243243244
marslike,4824_s44,4824,44,MERGED50_f4ee08c1c2850382,28.169014084507044,71.83098591549296,0,28.169014084507044,71.83098591549296
marslike,4826_s44,4826,44,MERGED50_f4fc13f6a35cece9,49.47643979057592,50.52356020942408,1,14.965986394557824,85.03401360544217
marslike,4828_s44,4828,44,MERGED50_f50b9fbf99080303,33.00970873786408,66.99029126213591,1,33.00970873786408,66.99029126213591
marslike,4844_s44,4844,44,MERGED50_f5fc15383ffa145c,36.44859813084112,63.55140186915888,1,24.299065420560748,75.70093457943925
marslike,4852_s44,4852,44,MERGED50_f66fbf9aead0a729,45.54216867469879,54.45783132530121,1,16.666666666666664,83.33333333333334
marslike,4868_s44,4868,44,MERGED50_f77547d110548b22,50.649350649350644,49.350649350649356,1,19.230769230769234,80.76923076923077
marslike,4878_s44,4878,44,MERGED50_f80b1bfa68a5055b,39.473684210526315,60.526315789473685,1,18.96551724137931,81.0344827586207
marslike,4882_s44,4882,44,MERGED50_f85af1cfd77fe329,17.741935483870968,82.25806451612902,0,17.741935483870968,82.25806451612902
marslike,4890_s44,4890,44,MERGED50_f8f2c16d148835db,36.89320388349515,63.10679611650485,1,20.652173913043477,79.34782608695653
marslike,4894_s44,4894,44,MERGED50_f9b2afb323193f2d,27.33812949640288,72.66187050359713,0,27.33812949640288,72.66187050359713
marslike,4906_s44,4906,44,MERGED50_faa39422296b7aca,54.929577464788736,45.070422535211264,1,17.80821917808219,82.1917808219178
marslike,4928_s44,4928,44,MERGED50_fc3b933e66dbd079,30.649350649350648,69.35064935064935,1,28.735632183908045,71.26436781609195
marslike,4935_s44,4935,44,MERGED50_fc6832bf8f311645,42.368421052631575,57.631578947368425,1,16.535433070866144,83.46456692913385
marslike,4974_s44,4974,44,MERGED50_fec23b05266c6445,42.51497005988024,57.48502994011976,1,16.901408450704224,83.09859154929578
marslike,4997_s44,4997,44,MERGED50_ffe58f76fbf1c3d1,35.526315789473685,64.47368421052632,0,35.526315789473685,64.47368421052632
marslike,4999_s44,4999,44,MERGED50_fff98652c2cd13ef,44.36619718309859,55.63380281690141,1,15.957446808510639,84.04255319148936
marslike,5003_s44,5003,44,MERGED50_00120ac4459afbdb,22.058823529411764,77.94117647058823,0,22.058823529411764,77.94117647058823
marslike,5008_s44,5008,44,MERGED50_0032c81cd7cab7ac,20.8955223880597,79.1044776119403,0,20.8955223880597,79.1044776119403
marslike,5025_s44,5025,44,MERGED50_00dde5a176ea8d7f,18.333333333333332,81.66666666666667,0,18.333333333333332,81.66666666666667
marslike,5037_s44,5037,44,MERGED50_017b6f29c6d8b633,19.230769230769234,80.76923076923077,0,19.230769230769234,80.76923076923077
marslike,5040_s44,5040,44,MERGED50_01942ab7f57ed721,18.571428571428573,81.42857142857143,0,18.571428571428573,81.42857142857143
marslike,5051_s44,5051,44,MERGED50_0230fd9b3fc7499a,15.714285714285714,84.28571428571429,0,15.714285714285714,84.28571428571429
marslike,5055_s44,5055,44,MERGED50_026479af6aa24b0c,16.363636363636363,83.63636363636364,0,16.363636363636363,83.63636363636364
marslike,5065_s44,5065,44,MERGED50_02feb0913a030592,18.29268292682927,81.70731707317073,0,18.29268292682927,81.70731707317073
marslike,5070_s44,5070,44,MERGED50_032dbc2eb5018b1c,16.94915254237288,83.05084745762713,0,16.94915254237288,83.05084745762713
marslike,5076_s44,5076,44,MERGED50_036399fc2c0cccb7,20.0,80.0,0,20.0,80.0
marslike,5080_s44,5080,44,MERGED50_03796420107aef19,70.96774193548387,29.032258064516128,0,70.96774193548387,29.032258064516128
marslike,5088_s44,5088,44,MERGED50_03c0a40f99dc781c,14.925373134328357,85.07462686567165,0,14.925373134328357,85.07462686567165
marslike,5089_s44,5089,44,MERGED50_03c2e6c187473265,22.22222222222222,77.77777777777777,0,22.22222222222222,77.77777777777777
marslike,5095_s44,5095,44,MERGED50_03db67f5ccc79c0e,22.727272727272727,77.27272727272728,0,22.727272727272727,77.27272727272728
marslike,5123_s44,5123,44,MERGED50_05a26bba040196ba,22.058823529411764,77.94117647058823,0,22.058823529411764,77.94117647058823
marslike,5131_s44,5131,44,MERGED50_05e88b6f0885c311,23.25581395348837,76.74418604651163,0,23.25581395348837,76.74418604651163
marslike,5138_s44,5138,44,MERGED50_0617e4c0228d6fb6,20.212765957446805,79.7872340425532,0,20.212765957446805,79.7872340425532
marslike,5150_s44,5150,44,MERGED50_0658641ef48a2727,17.28395061728395,82.71604938271605,0,17.28395061728395,82.71604938271605
marslike,5165_s44,5165,44,MERGED50_07072a9a4444b12d,16.666666666666664,83.33333333333334,0,16.666666666666664,83.33333333333334
marslike,5173_s44,5173,44,MERGED50_0766020e50efe4ea,20.212765957446805,79.7872340425532,0,20.212765957446805,79.7872340425532
marslike,5177_s44,5177,44,MERGED50_07a1d9c0df06e230,16.883116883116884,83.11688311688312,0,16.883116883116884,83.11688311688312
marslike,5181_s44,5181,44,MERGED50_07aec71e4d97a4d0,17.80821917808219,82.1917808219178,0,17.80821917808219,82.1917808219178
marslike,5187_s44,5187,44,MERGED50_07e99b5bc195d497,19.298245614035086,80.70175438596492,0,19.298245614035086,80.70175438596492
marslike,5197_s44,5197,44,MERGED50_08e0ff1a206018df,17.77777777777778,82.22222222222223,0,17.77777777777778,82.22222222222223
marslike,5206_s44,5206,44,MERGED50_094c5a9d4692919d,20.0,80.0,0,20.0,80.0
marslike,5214_s44,5214,44,MERGED50_09b58931be2e6dd7,50.588235294117645,49.411764705882355,0,50.588235294117645,49.411764705882355
marslike,5234_s44,5234,44,MERGED50_0a59d788503e05b0,14.285714285714285,85.71428571428572,0,14.285714285714285,85.71428571428572
marslike,5242_s44,5242,44,MERGED50_0aa1d3066901a600,16.071428571428573,83.92857142857143,0,16.071428571428573,83.92857142857143
marslike,5243_s44,5243,44,MERGED50_0aa29fbf0959eb32,25.0,75.0,0,25.0,75.0
marslike,5255_s44,5255,44,MERGED50_0b1882a8e996db17,39.705882352941174,60.294117647058826,0,39.705882352941174,60.294117647058826
marslike,5264_s44,5264,44,MERGED50_0b6344ff33e8afaf,17.346938775510203,82.65306122448979,0,17.346938775510203,82.65306122448979
marslike,5279_s44,5279,44,MERGED50_0bef9f9d0a8f8775,42.64705882352941,57.35294117647059,0,42.64705882352941,57.35294117647059
marslike,5298_s44,5298,44,MERGED50_0cf62e1ccb94abd0,16.417910447761194,83.58208955223881,0,16.417910447761194,83.58208955223881
marslike,5317_s44,5317,44,MERGED50_0de5d82f449aae02,18.51851851851852,81.48148148148148,0,18.51851851851852,81.48148148148148
marslike,5338_s44,5338,44,MERGED50_0e8e0624ad32891d,16.853932584269664,83.14606741573033,0,16.853932584269664,83.14606741573033
marslike,5339_s44,5339,44,MERGED50_0ea09acdf6f8b5d3,20.0,80.0,0,20.0,80.0
marslike,5340_s44,5340,44,MERGED50_0eaff4ebc03b683a,15.909090909090908,84.0909090909091,0,15.909090909090908,84.0909090909091
marslike,5354_s44,5354,44,MERGED50_0f8092eecccca48e,21.25984251968504,78.74015748031496,0,21.25984251968504,78.74015748031496
marslike,5373_s44,5373,44,MERGED50_1052cd8ef9c7243a,15.068493150684931,84.93150684931507,0,15.068493150684931,84.93150684931507
marslike,5380_s44,5380,44,MERGED50_10841adedd45e76e,18.75,81.25,0,18.75,81.25
marslike,5394_s44,5394,44,MERGED50_11499e85c66a4092,39.543726235741445,60.456273764258555,0,39.543726235741445,60.456273764258555
marslike,5423_s44,5423,44,MERGED50_12dd5cd19acc7e20,50.0,50.0,0,50.0,50.0
marslike,5428_s44,5428,44,MERGED50_12e93fded623c2e1,16.091954022988507,83.9080459770115,0,16.091954022988507,83.9080459770115
marslike,5438_s44,5438,44,MERGED50_135575845b910841,21.176470588235293,78.82352941176471,0,21.176470588235293,78.82352941176471
marslike,5447_s44,5447,44,MERGED50_13b18f1252e84741,19.631901840490798,80.3680981595092,0,19.631901840490798,80.3680981595092
marslike,5449_s44,5449,44,MERGED50_13bea424a5f6e1a5,19.858156028368796,80.1418439716312,0,19.858156028368796,80.1418439716312
marslike,5455_s44,5455,44,MERGED50_143fd4b2ee48536b,17.24137931034483,82.75862068965517,0,17.24137931034483,82.75862068965517
marslike,5460_s44,5460,44,MERGED50_147c853898014120,26.08695652173913,73.91304347826087,0,26.08695652173913,73.91304347826087
marslike,5461_s44,5461,44,MERGED50_147d2013d65fc512,16.964285714285715,83.03571428571428,0,16.964285714285715,83.03571428571428
marslike,5463_s44,5463,44,MERGED50_147fd6b01d85a456,19.298245614035086,80.70175438596492,0,19.298245614035086,80.70175438596492
marslike,5464_s44,5464,44,MERGED50_14801d20b7ddca47,16.666666666666664,83.33333333333334,0,16.666666666666664,83.33333333333334
marslike,5496_s44,5496,44,MERGED50_15f124865ab1bdde,15.909090909090908,84.0909090909091,0,15.909090909090908,84.0909090909091
marslike,5543_s44,5543,44,MERGED50_17b9fadb9ce7a553,17.24137931034483,82.75862068965517,0,17.24137931034483,82.75862068965517
marslike,5545_s44,5545,44,MERGED50_17cc67d2a7cdcd32,21.153846153846153,78.84615384615384,0,21.153846153846153,78.84615384615384
marslike,5550_s44,5550,44,MERGED50_17f7da5b4fd6edbd,53.333333333333336,46.666666666666664,0,53.333333333333336,46.666666666666664
marslike,5594_s44,5594,44,MERGED50_19d1d1e7a0e2637f,20.23121387283237,79.76878612716763,0,20.23121387283237,79.76878612716763
marslike,5604_s44,5604,44,MERGED50_1a871ed70368ae12,16.05839416058394,83.94160583941606,0,16.05839416058394,83.94160583941606
marslike,5605_s44,5605,44,MERGED50_1a876c5efeac5087,19.11764705882353,80.88235294117646,0,19.11764705882353,80.88235294117646
marslike,5633_s44,5633,44,MERGED50_1c30005406d38112,35.294117647058826,64.70588235294117,0,35.294117647058826,64.70588235294117
marslike,5641_s44,5641,44,MERGED50_1c74737af57a3b41,15.730337078651685,84.26966292134831,0,15.730337078651685,84.26966292134831
marslike,5653_s44,5653,44,MERGED50_1d0a2e0cfd4a49ed,18.75,81.25,0,18.75,81.25
marslike,5669_s44,5669,44,MERGED50_1d8b828b93987a54,20.967741935483872,79.03225806451613,0,20.967741935483872,79.03225806451613
marslike,5674_s44,5674,44,MERGED50_1dca57cac228f5ba,17.91044776119403,82.08955223880596,0,17.91044776119403,82.08955223880596
marslike,5697_s44,5697,44,MERGED50_1e8cd1176472ec23,17.475728155339805,82.52427184466019,0,17.475728155339805,82.52427184466019
marslike,5705_s44,5705,44,MERGED50_1f0319b34770bb4e,17.857142857142858,82.14285714285714,0,17.857142857142858,82.14285714285714
marslike,5711_s44,5711,44,MERGED50_1f5b82705668d318,19.11764705882353,80.88235294117646,0,19.11764705882353,80.88235294117646
marslike,5713_s44,5713,44,MERGED50_1f69c38cc82badcf,66.0377358490566,33.9622641509434,0,66.0377358490566,33.9622641509434
marslike,5714_s44,5714,44,MERGED50_1f72254b20f2bfd1,19.696969696969695,80.30303030303031,0,19.696969696969695,80.30303030303031
marslike,5717_s44,5717,44,MERGED50_1f774c939473b487,25.0,75.0,0,25.0,75.0
marslike,5720_s44,5720,44,MERGED50_1f91ad6122624770,13.986013986013987,86.01398601398601,0,13.986013986013987,86.01398601398601
marslike,5750_s44,5750,44,MERGED50_20eadc13a183a77b,17.525773195876287,82.47422680412372,0,17.525773195876287,82.47422680412372
marslike,5755_s44,5755,44,MERGED50_21522a91acb8d5b4,19.642857142857142,80.35714285714286,0,19.642857142857142,80.35714285714286
marslike,5821_s44,5821,44,MERGED50_23bacdc8fa9679cf,15.714285714285714,84.28571428571429,0,15.714285714285714,84.28571428571429
marslike,5826_s44,5826,44,MERGED50_2406f5f5cee4d0e3,27.27272727272727,72.72727272727273,0,27.27272727272727,72.72727272727273
marslike,5827_s44,5827,44,MERGED50_241513ee4f2a5141,16.27906976744186,83.72093023255815,0,16.27906976744186,83.72093023255815
marslike,5842_s44,5842,44,MERGED50_24bd4658575e2d5f,40.38461538461539,59.61538461538461,0,40.38461538461539,59.61538461538461
marslike,5843_s44,5843,44,MERGED50_24c7a53a67519e41,25.806451612903224,74.19354838709677,0,25.806451612903224,74.19354838709677
marslike,5844_s44,5844,44,MERGED50_24cfd77c882e4386,17.92452830188679,82.0754716981132,0,17.92452830188679,82.0754716981132
marslike,5865_s44,5865,44,MERGED50_2585ac52fd7648cb,20.0,80.0,0,20.0,80.0
marslike,5873_s44,5873,44,MERGED50_25ec6356e1075dd9,19.318181818181817,80.68181818181819,0,19.318181818181817,80.68181818181819
marslike,5874_s44,5874,44,MERGED50_25fb5ac1b1f5982d,17.24137931034483,82.75862068965517,0,17.24137931034483,82.75862068965517
marslike,5876_s44,5876,44,MERGED50_261269a44bdb5e4e,22.807017543859647,77.19298245614036,0,22.807017543859647,77.19298245614036
marslike,5877_s44,5877,44,MERGED50_26245ee18911017f,22.0,78.0,0,22.0,78.0
marslike,5904_s44,5904,44,MERGED50_275d875a20c2086e,34.43037974683544,65.56962025316456,0,34.43037974683544,65.56962025316456
marslike,5937_s44,5937,44,MERGED50_28cc2c2954f1f9af,15.625,84.375,0,15.625,84.375
marslike,5963_s44,5963,44,MERGED50_29b73def492c9f44,20.754716981132077,79.24528301886792,0,20.754716981132077,79.24528301886792
marslike,5965_s44,5965,44,MERGED50_29dec82371754969,18.0327868852459,81.9672131147541,0,18.0327868852459,81.9672131147541
marslike,5966_s44,5966,44,MERGED50_29e894be39de3ccc,15.625,84.375,0,15.625,84.375
marslike,5967_s44,5967,44,MERGED50_29f3849fa5c83b6b,36.53846153846153,63.46153846153847,0,36.53846153846153,63.46153846153847
marslike,5988_s44,5988,44,MERGED50_2ac5902fdbf7595a,16.0,84.0,0,16.0,84.0
marslike,5991_s44,5991,44,MERGED50_2af00ba0a63b54c7,23.655913978494624,76.34408602150538,0,23.655913978494624,76.34408602150538
marslike,6013_s44,6013,44,MERGED50_2bf87492134fc0dc,23.728813559322035,76.27118644067797,0,23.728813559322035,76.27118644067797
marslike,6030_s44,6030,44,MERGED50_2ca9303b4c59fbe3,18.29268292682927,81.70731707317073,0,18.29268292682927,81.70731707317073
marslike,6037_s44,6037,44,MERGED50_2d02571f78bd5b1f,19.736842105263158,80.26315789473685,0,19.736842105263158,80.26315789473685
marslike,6038_s44,6038,44,MERGED50_2d082ed9eda7ac7c,14.864864864864865,85.13513513513513,0,14.864864864864865,85.13513513513513
marslike,6075_s44,6075,44,MERGED50_2edca9e118ffb9d8,18.51851851851852,81.48148148148148,0,18.51851851851852,81.48148148148148
marslike,6080_s44,6080,44,MERGED50_2f3e2ccaa26b49c8,21.73913043478261,78.26086956521739,0,21.73913043478261,78.26086956521739
marslike,6086_s44,6086,44,MERGED50_2f886770df068b4e,26.47058823529412,73.52941176470588,0,26.47058823529412,73.52941176470588
marslike,6087_s44,6087,44,MERGED50_2f9586f2a5b11d8a,45.588235294117645,54.411764705882355,0,45.588235294117645,54.411764705882355
marslike,6103_s44,6103,44,MERGED50_30bfcb889780830f,20.0,80.0,0,20.0,80.0
marslike,6104_s44,6104,44,MERGED50_30c34d730d4ccf94,29.411764705882355,70.58823529411765,0,29.411764705882355,70.58823529411765
marslike,6116_s44,6116,44,MERGED50_313ca9ab59e17c8f,49.693251533742334,50.306748466257666,0,49.693251533742334,50.306748466257666
marslike,6181_s44,6181,44,MERGED50_33e35be905d9378c,15.942028985507244,84.05797101449275,0,15.942028985507244,84.05797101449275
marslike,6182_s44,6182,44,MERGED50_33e51a073473041f,15.447154471544716,84.55284552845528,0,15.447154471544716,84.55284552845528
marslike,6193_s44,6193,44,MERGED50_3474136b0bf6193e,20.28985507246377,79.71014492753623,0,20.28985507246377,79.71014492753623
marslike,6194_s44,6194,44,MERGED50_347cd78b861b17af,25.0,75.0,0,25.0,75.0
marslike,6204_s44,6204,44,MERGED50_3503dae89ca3dfce,15.625,84.375,0,15.625,84.375
marslike,6207_s44,6207,44,MERGED50_35122db13fdb8b07,15.555555555555555,84.44444444444444,0,15.555555555555555,84.44444444444444
marslike,6209_s44,6209,44,MERGED50_3520584afc8a33ad,16.049382716049383,83.95061728395062,0,16.049382716049383,83.95061728395062
marslike,6212_s44,6212,44,MERGED50_353562fb552e0292,17.24137931034483,82.75862068965517,0,17.24137931034483,82.75862068965517
marslike,6214_s44,6214,44,MERGED50_35410a764aa25a8b,28.235294117647058,71.76470588235294,0,28.235294117647058,71.76470588235294
marslike,6231_s44,6231,44,MERGED50_362608d0e96165c5,17.307692307692307,82.6923076923077,0,17.307692307692307,82.6923076923077
marslike,6264_s44,6264,44,MERGED50_37e7309400ab7fbf,18.96551724137931,81.0344827586207,0,18.96551724137931,81.0344827586207
marslike,6273_s44,6273,44,MERGED50_38192c92ace9c2b2,25.806451612903224,74.19354838709677,0,25.806451612903224,74.19354838709677
marslike,6310_s44,6310,44,MERGED50_3a48efc48adf6791,21.73913043478261,78.26086956521739,0,21.73913043478261,78.26086956521739
marslike,6322_s44,6322,44,MERGED50_3aee623fb946d49c,15.503875968992247,84.49612403100775,0,15.503875968992247,84.49612403100775
marslike,6324_s44,6324,44,MERGED50_3af9c2daf4a97a07,16.666666666666664,83.33333333333334,0,16.666666666666664,83.33333333333334
marslike,6335_s44,6335,44,MERGED50_3b8bb8db14e2c466,20.3125,79.6875,0,20.3125,79.6875
marslike,6355_s44,6355,44,MERGED50_3c864b0b094bc09e,29.411764705882355,70.58823529411765,0,29.411764705882355,70.58823529411765
marslike,6380_s44,6380,44,MERGED50_3db50175a26d1f53,18.055555555555554,81.94444444444444,0,18.055555555555554,81.94444444444444
marslike,6388_s44,6388,44,MERGED50_3e0f29729006fdc8,17.391304347826086,82.6086956521739,0,17.391304347826086,82.6086956521739
marslike,6394_s44,6394,44,MERGED50_3e31db176008bf4f,16.101694915254235,83.89830508474577,0,16.101694915254235,83.89830508474577
marslike,6413_s44,6413,44,MERGED50_3f23cbc1acbf3202,15.053763440860216,84.94623655913978,0,15.053763440860216,84.94623655913978
marslike,6422_s44,6422,44,MERGED50_3fc4275573c5146c,18.75,81.25,0,18.75,81.25
marslike,6431_s44,6431,44,MERGED50_406189f9b8104f91,38.82352941176471,61.17647058823529,0,38.82352941176471,61.17647058823529
marslike,6442_s44,6442,44,MERGED50_40fdd5d893e97c5a,18.181818181818183,81.81818181818181,0,18.181818181818183,81.81818181818181
marslike,6468_s44,6468,44,MERGED50_424da7730788ae77,31.57894736842105,68.42105263157895,0,31.57894736842105,68.42105263157895
marslike,6473_s44,6473,44,MERGED50_42a2fac0542f7e06,18.75,81.25,0,18.75,81.25
marslike,6474_s44,6474,44,MERGED50_42a55d455ae1cf3c,14.285714285714285,85.71428571428572,0,14.285714285714285,85.71428571428572
marslike,6482_s44,6482,44,MERGED50_42e695e93eac8e17,22.666666666666664,77.33333333333334,0,22.666666666666664,77.33333333333334
marslike,6488_s44,6488,44,MERGED50_42fccac0c21ef9ac,17.582417582417584,82.41758241758242,0,17.582417582417584,82.41758241758242
marslike,6506_s44,6506,44,MERGED50_43ccc70d8f307649,17.647058823529413,82.35294117647058,0,17.647058823529413,82.35294117647058
marslike,6514_s44,6514,44,MERGED50_4418dd3863583116,16.94915254237288,83.05084745762713,0,16.94915254237288,83.05084745762713
marslike,6520_s44,6520,44,MERGED50_445790f1b653abfb,41.104294478527606,58.895705521472394,0,41.104294478527606,58.895705521472394
marslike,6525_s44,6525,44,MERGED50_449a20f91c933e1f,35.294117647058826,64.70588235294117,0,35.294117647058826,64.70588235294117
marslike,6539_s44,6539,44,MERGED50_45027739af12f05f,17.741935483870968,82.25806451612902,0,17.741935483870968,82.25806451612902
marslike,6553_s44,6553,44,MERGED50_45a6672b71c24464,16.666666666666664,83.33333333333334,0,16.666666666666664,83.33333333333334
marslike,6562_s44,6562,44,MERGED50_4630aadbf92ba041,61.34969325153374,38.65030674846626,0,61.34969325153374,38.65030674846626
marslike,6591_s44,6591,44,MERGED50_47d6ad19027377fc,16.129032258064516,83.87096774193549,0,16.129032258064516,83.87096774193549
marslike,6612_s44,6612,44,MERGED50_48d5cb95348a563c,22.82608695652174,77.17391304347827,0,22.82608695652174,77.17391304347827
marslike,6620_s44,6620,44,MERGED50_48f847157815479d,22.93577981651376,77.06422018348624,0,22.93577981651376,77.06422018348624
marslike,6629_s44,6629,44,MERGED50_4945f493e4a8fba9,31.11111111111111,68.88888888888889,0,31.11111111111111,68.88888888888889
marslike,6642_s44,6642,44,MERGED50_49c30e1f114f8f32,40.0,60.0,0,40.0,60.0
marslike,6649_s44,6649,44,MERGED50_4a15fafd501860ab,19.17808219178082,80.82191780821918,0,19.17808219178082,80.82191780821918
marslike,6652_s44,6652,44,MERGED50_4a6d34cdbd9b0264,22.36842105263158,77.63157894736842,0,22.36842105263158,77.63157894736842
marslike,6665_s44,6665,44,MERGED50_4b22e024e8c209ad,18.91891891891892,81.08108108108108,0,18.91891891891892,81.08108108108108
marslike,6666_s44,6666,44,MERGED50_4b2375a288029e4f,18.571428571428573,81.42857142857143,0,18.571428571428573,81.42857142857143
marslike,6673_s44,6673,44,MERGED50_4b623b2300f207ed,26.436781609195403,73.5632183908046,0,26.436781609195403,73.5632183908046
marslike,6676_s44,6676,44,MERGED50_4b84e2abf6d565e2,17.647058823529413,82.35294117647058,0,17.647058823529413,82.35294117647058
marslike,6689_s44,6689,44,MERGED50_4c0e7b28838a602e,21.428571428571427,78.57142857142857,0,21.428571428571427,78.57142857142857
marslike,6723_s44,6723,44,MERGED50_4d7d24b19f3a3629,19.047619047619047,80.95238095238095,0,19.047619047619047,80.95238095238095
marslike,6743_s44,6743,44,MERGED50_4ea6a62082f36318,19.718309859154928,80.28169014084507,0,19.718309859154928,80.28169014084507
marslike,6745_s44,6745,44,MERGED50_4eb1f8533467fad1,19.736842105263158,80.26315789473685,0,19.736842105263158,80.26315789473685
marslike,6766_s44,6766,44,MERGED50_4fb0d99db340f941,38.46153846153847,61.53846153846153,0,38.46153846153847,61.53846153846153
marslike,6770_s44,6770,44,MERGED50_502f987829931ca6,21.052631578947366,78.94736842105263,0,21.052631578947366,78.94736842105263
marslike,6803_s44,6803,44,MERGED50_51f742b8a67d12cd,18.96551724137931,81.0344827586207,0,18.96551724137931,81.0344827586207
marslike,6819_s44,6819,44,MERGED50_52b7b17881927c93,25.0,75.0,0,25.0,75.0
marslike,6837_s44,6837,44,MERGED50_53b7bd02baf2cc90,19.491525423728813,80.50847457627118,0,19.491525423728813,80.50847457627118
marslike,6849_s44,6849,44,MERGED50_540cd867937420f9,21.53846153846154,78.46153846153845,0,21.53846153846154,78.46153846153845
marslike,6855_s44,6855,44,MERGED50_547c588dfc5a3a81,23.52941176470588,76.47058823529412,0,23.52941176470588,76.47058823529412
marslike,6880_s44,6880,44,MERGED50_5570b1208b43496e,17.741935483870968,82.25806451612902,0,17.741935483870968,82.25806451612902
marslike,6895_s44,6895,44,MERGED50_56378e4b0fd3b846,18.64406779661017,81.35593220338983,0,18.64406779661017,81.35593220338983
marslike,6898_s44,6898,44,MERGED50_565ea2dd8f94565e,15.384615384615385,84.61538461538461,0,15.384615384615385,84.61538461538461
marslike,6903_s44,6903,44,MERGED50_56852301d26697d3,45.83333333333333,54.16666666666667,0,45.83333333333333,54.16666666666667
marslike,6908_s44,6908,44,MERGED50_56bfd61144d2abb2,18.58407079646018,81.41592920353982,0,18.58407079646018,81.41592920353982
marslike,6951_s44,6951,44,MERGED50_59114f30f3d097ae,25.203252032520325,74.79674796747967,0,25.203252032520325,74.79674796747967
marslike,6953_s44,6953,44,MERGED50_5924e83f975f76be,31.666666666666664,68.33333333333334,0,31.666666666666664,68.33333333333334
marslike,6954_s44,6954,44,MERGED50_5929ffb9c60a4412,17.307692307692307,82.6923076923077,0,17.307692307692307,82.6923076923077
marslike,6963_s44,6963,44,MERGED50_599e6e55f940e1ce,18.461538461538463,81.53846153846153,0,18.461538461538463,81.53846153846153
marslike,6975_s44,6975,44,MERGED50_5a380ea2c0115c7d,27.941176470588236,72.05882352941177,0,27.941176470588236,72.05882352941177
marslike,6978_s44,6978,44,MERGED50_5a48ae31dc66492a,22.033898305084744,77.96610169491525,0,22.033898305084744,77.96610169491525
marslike,7001_s44,7001,44,MERGED50_5b49db4343a21100,24.137931034482758,75.86206896551724,0,24.137931034482758,75.86206896551724
marslike,7003_s44,7003,44,MERGED50_5b5708e1f2afd667,20.535714285714285,79.46428571428572,0,20.535714285714285,79.46428571428572
marslike,7027_s44,7027,44,MERGED50_5c933189d3e164a0,17.599999999999998,82.4,0,17.599999999999998,82.4
marslike,7040_s44,7040,44,MERGED50_5d3d09336641f19d,16.666666666666664,83.33333333333334,0,16.666666666666664,83.33333333333334
marslike,7044_s44,7044,44,MERGED50_5d5f19f626fc706e,16.43835616438356,83.56164383561644,0,16.43835616438356,83.56164383561644
marslike,7048_s44,7048,44,MERGED50_5daa2035440006a5,22.413793103448278,77.58620689655172,0,22.413793103448278,77.58620689655172
marslike,7050_s44,7050,44,MERGED50_5dc5453d8984c5c4,25.153374233128833,74.84662576687117,0,25.153374233128833,74.84662576687117
marslike,7065_s44,7065,44,MERGED50_5ed18bdf49919fa5,17.1875,82.8125,0,17.1875,82.8125
marslike,7070_s44,7070,44,MERGED50_5ed9ed1beea0f58f,17.741935483870968,82.25806451612902,0,17.741935483870968,82.25806451612902
marslike,7071_s44,7071,44,MERGED50_5eee18b240a0f0a7,14.0625,85.9375,0,14.0625,85.9375
marslike,7095_s44,7095,44,MERGED50_602d43cdb00455f8,20.0,80.0,0,20.0,80.0
marslike,7097_s44,7097,44,MERGED50_6045ba847e8f846b,16.8141592920354,83.1858407079646,0,16.8141592920354,83.1858407079646
marslike,7122_s44,7122,44,MERGED50_617bb484c96256b2,34.61538461538461,65.38461538461539,0,34.61538461538461,65.38461538461539
marslike,7133_s44,7133,44,MERGED50_6217b8cd30fde9df,17.741935483870968,82.25806451612902,0,17.741935483870968,82.25806451612902
marslike,7135_s44,7135,44,MERGED50_6233950c887b15a7,21.53846153846154,78.46153846153845,0,21.53846153846154,78.46153846153845
marslike,7150_s44,7150,44,MERGED50_62987481b2dadf06,18.51851851851852,81.48148148148148,0,18.51851851851852,81.48148148148148
marslike,7152_s44,7152,44,MERGED50_62a357caa46df845,25.0,75.0,0,25.0,75.0
marslike,7160_s44,7160,44,MERGED50_6327114bd07f720f,16.923076923076923,83.07692307692308,0,16.923076923076923,83.07692307692308
marslike,7168_s44,7168,44,MERGED50_6395254a5bd5dd2c,18.269230769230766,81.73076923076923,0,18.269230769230766,81.73076923076923
marslike,7183_s44,7183,44,MERGED50_64705ba38e0b51dc,26.47058823529412,73.52941176470588,0,26.47058823529412,73.52941176470588
marslike,7195_s44,7195,44,MERGED50_650351c2cd5cf77e,29.707112970711297,70.2928870292887,0,29.707112970711297,70.2928870292887
marslike,7197_s44,7197,44,MERGED50_653ec4763eb412a1,18.333333333333332,81.66666666666667,0,18.333333333333332,81.66666666666667
marslike,7217_s44,7217,44,MERGED50_667588968c252136,21.818181818181817,78.18181818181819,0,21.818181818181817,78.18181818181819
marslike,7231_s44,7231,44,MERGED50_670837b20e477e02,17.045454545454543,82.95454545454545,0,17.045454545454543,82.95454545454545
marslike,7245_s44,7245,44,MERGED50_67e3868529881018,17.391304347826086,82.6086956521739,0,17.391304347826086,82.6086956521739
marslike,7251_s44,7251,44,MERGED50_68107caeadec6b78,16.0,84.0,0,16.0,84.0
marslike,7264_s44,7264,44,MERGED50_687d778af8239675,26.31578947368421,73.6842105263158,0,26.31578947368421,73.6842105263158
marslike,7266_s44,7266,44,MERGED50_688a4dcbcc054990,15.873015873015872,84.12698412698413,0,15.873015873015872,84.12698412698413
marslike,7271_s44,7271,44,MERGED50_68adbd18b7bdddc3,33.33333333333333,66.66666666666667,0,33.33333333333333,66.66666666666667
marslike,7278_s44,7278,44,MERGED50_68e4391f76a4dbba,27.631578947368425,72.36842105263158,0,27.631578947368425,72.36842105263158
marslike,7281_s44,7281,44,MERGED50_691bacb9ea513afd,16.27906976744186,83.72093023255815,0,16.27906976744186,83.72093023255815
marslike,7285_s44,7285,44,MERGED50_693c7383e2ed59d2,20.27027027027027,79.72972972972973,0,20.27027027027027,79.72972972972973
marslike,7290_s44,7290,44,MERGED50_69bc4be0ac8090b0,17.307692307692307,82.6923076923077,0,17.307692307692307,82.6923076923077
marslike,7362_s44,7362,44,MERGED50_6ceed98535a68f5a,20.689655172413794,79.3103448275862,0,20.689655172413794,79.3103448275862
marslike,7373_s44,7373,44,MERGED50_6dc87f44a6391753,15.32258064516129,84.6774193548387,0,15.32258064516129,84.6774193548387
marslike,7420_s44,7420,44,MERGED50_6fddf71bc6160f79,18.333333333333332,81.66666666666667,0,18.333333333333332,81.66666666666667
marslike,7444_s44,7444,44,MERGED50_70c22da27e20837f,18.478260869565215,81.52173913043478,0,18.478260869565215,81.52173913043478
marslike,7463_s44,7463,44,MERGED50_71a1363a3456661b,17.307692307692307,82.6923076923077,0,17.307692307692307,82.6923076923077
marslike,7467_s44,7467,44,MERGED50_71e3a68e00110edb,15.254237288135593,84.7457627118644,0,15.254237288135593,84.7457627118644
marslike,7468_s44,7468,44,MERGED50_71ed034ebd45def7,16.417910447761194,83.58208955223881,0,16.417910447761194,83.58208955223881
marslike,7484_s44,7484,44,MERGED50_72fb0801591bf5f6,20.0,80.0,0,20.0,80.0
marslike,7492_s44,7492,44,MERGED50_738592fe12ebcde7,21.428571428571427,78.57142857142857,0,21.428571428571427,78.57142857142857
marslike,7524_s44,7524,44,MERGED50_757bc35b61884136,27.011494252873565,72.98850574712644,0,27.011494252873565,72.98850574712644
marslike,7533_s44,7533,44,MERGED50_76101e0935b3e9dc,16.666666666666664,83.33333333333334,0,16.666666666666664,83.33333333333334
marslike,7535_s44,7535,44,MERGED50_7631dcb152249a13,15.476190476190476,84.52380952380952,0,15.476190476190476,84.52380952380952
marslike,7537_s44,7537,44,MERGED50_76450eb06c0e04de,24.324324324324326,75.67567567567568,0,24.324324324324326,75.67567567567568
marslike,7601_s44,7601,44,MERGED50_792761051a6a7016,19.696969696969695,80.30303030303031,0,19.696969696969695,80.30303030303031
marslike,7604_s44,7604,44,MERGED50_796058c50cdd798b,35.2112676056338,64.7887323943662,0,35.2112676056338,64.7887323943662
marslike,7617_s44,7617,44,MERGED50_7a27fb29c8fc28f4,18.571428571428573,81.42857142857143,0,18.571428571428573,81.42857142857143
marslike,7636_s44,7636,44,MERGED50_7ae8117e5c09f5d5,32.69230769230769,67.3076923076923,0,32.69230769230769,67.3076923076923
marslike,7642_s44,7642,44,MERGED50_7b215ecb59372f4f,33.82352941176471,66.17647058823529,0,33.82352941176471,66.17647058823529
marslike,7663_s44,7663,44,MERGED50_7c264343daf69541,17.24137931034483,82.75862068965517,0,17.24137931034483,82.75862068965517
marslike,7675_s44,7675,44,MERGED50_7cd35cd8469747a8,18.666666666666668,81.33333333333333,0,18.666666666666668,81.33333333333333
marslike,7697_s44,7697,44,MERGED50_7e1088e5dd6400c0,26.666666666666668,73.33333333333333,0,26.666666666666668,73.33333333333333
marslike,7699_s44,7699,44,MERGED50_7e1e8b4f51632d8a,39.50617283950617,60.49382716049383,0,39.50617283950617,60.49382716049383
marslike,7703_s44,7703,44,MERGED50_7e64d80f4c1965e8,18.64406779661017,81.35593220338983,0,18.64406779661017,81.35593220338983
marslike,7718_s44,7718,44,MERGED50_7f0b1833a7c62c70,17.5,82.5,0,17.5,82.5
marslike,7744_s44,7744,44,MERGED50_807af3a929116495,16.470588235294116,83.52941176470588,0,16.470588235294116,83.52941176470588
marslike,7756_s44,7756,44,MERGED50_81660d5bbb003085,17.741935483870968,82.25806451612902,0,17.741935483870968,82.25806451612902
marslike,7762_s44,7762,44,MERGED50_81b111db32052843,22.123893805309734,77.87610619469027,0,22.123893805309734,77.87610619469027
marslike,7764_s44,7764,44,MERGED50_81d552e81785d800,30.58823529411765,69.41176470588235,0,30.58823529411765,69.41176470588235
marslike,7770_s44,7770,44,MERGED50_820af6778d4c0366,17.24137931034483,82.75862068965517,0,17.24137931034483,82.75862068965517
marslike,7778_s44,7778,44,MERGED50_8282e6286e5c3eed,21.052631578947366,78.94736842105263,0,21.052631578947366,78.94736842105263
marslike,7809_s44,7809,44,MERGED50_83e23b10dbd3a1f3,22.058823529411764,77.94117647058823,0,22.058823529411764,77.94117647058823
marslike,7820_s44,7820,44,MERGED50_8463230c021d95d3,28.947368421052634,71.05263157894737,0,28.947368421052634,71.05263157894737
marslike,7826_s44,7826,44,MERGED50_84b277248a067373,31.76470588235294,68.23529411764706,0,31.76470588235294,68.23529411764706
marslike,7836_s44,7836,44,MERGED50_853adea422a44ba5,42.30769230769231,57.69230769230769,0,42.30769230769231,57.69230769230769
marslike,7869_s44,7869,44,MERGED50_86ae169b7b52fcd1,26.76056338028169,73.2394366197183,0,26.76056338028169,73.2394366197183
marslike,7881_s44,7881,44,MERGED50_87094864b44257cd,15.929203539823009,84.070796460177,0,15.929203539823009,84.070796460177
marslike,7889_s44,7889,44,MERGED50_8768884a0bfc7e30,18.421052631578945,81.57894736842105,0,18.421052631578945,81.57894736842105
marslike,7919_s44,7919,44,MERGED50_89383972ddbd216a,16.666666666666664,83.33333333333334,0,16.666666666666664,83.33333333333334
marslike,7921_s44,7921,44,MERGED50_894a7d82b06c2831,18.64406779661017,81.35593220338983,0,18.64406779661017,81.35593220338983
marslike,7963_s44,7963,44,MERGED50_8afe67123d8d710b,17.75700934579439,82.24299065420561,0,17.75700934579439,82.24299065420561
marslike,7970_s44,7970,44,MERGED50_8b2b0addede766ea,20.33898305084746,79.66101694915254,0,20.33898305084746,79.66101694915254
marslike,7978_s44,7978,44,MERGED50_8b9ead7c98bfbcdc,16.470588235294116,83.52941176470588,0,16.470588235294116,83.52941176470588
marslike,8004_s44,8004,44,MERGED50_8d0cde9700bb9d80,18.181818181818183,81.81818181818181,0,18.181818181818183,81.81818181818181
marslike,8013_s44,8013,44,MERGED50_8db6ec1218a81b50,19.41747572815534,80.58252427184466,0,19.41747572815534,80.58252427184466
marslike,8031_s44,8031,44,MERGED50_8e8250e4f4eac3cf,18.91891891891892,81.08108108108108,0,18.91891891891892,81.08108108108108
marslike,8052_s44,8052,44,MERGED50_8fe3812776a8f0c2,35.2112676056338,64.7887323943662,0,35.2112676056338,64.7887323943662
marslike,8074_s44,8074,44,MERGED50_913f3e7d0e904399,16.666666666666664,83.33333333333334,0,16.666666666666664,83.33333333333334
marslike,8080_s44,8080,44,MERGED50_91a52be43566572f,67.85714285714286,32.14285714285714,0,67.85714285714286,32.14285714285714
marslike,8098_s44,8098,44,MERGED50_92bca6b9cbd3178f,18.421052631578945,81.57894736842105,0,18.421052631578945,81.57894736842105
marslike,8101_s44,8101,44,MERGED50_92dbf8199154c75c,18.823529411764707,81.17647058823529,0,18.823529411764707,81.17647058823529
marslike,8135_s44,8135,44,MERGED50_95109eb655c7b38d,15.18987341772152,84.81012658227849,0,15.18987341772152,84.81012658227849
marslike,8142_s44,8142,44,MERGED50_955b91b268c974aa,34.84848484848485,65.15151515151516,0,34.84848484848485,65.15151515151516
marslike,8183_s44,8183,44,MERGED50_97eea6d24965e0f3,21.21212121212121,78.78787878787878,0,21.21212121212121,78.78787878787878
marslike,8221_s44,8221,44,MERGED50_9a1bf0d71b788b9b,20.689655172413794,79.3103448275862,0,20.689655172413794,79.3103448275862
marslike,8223_s44,8223,44,MERGED50_9a448a7728042d21,26.82926829268293,73.17073170731707,0,26.82926829268293,73.17073170731707
marslike,8254_s44,8254,44,MERGED50_9bfed2b441cce599,22.727272727272727,77.27272727272728,0,22.727272727272727,77.27272727272728
marslike,8264_s44,8264,44,MERGED50_9ca8e6b4eeb622c6,22.82608695652174,77.17391304347827,0,22.82608695652174,77.17391304347827
marslike,8331_s44,8331,44,MERGED50_a051dcf0f9fab1c9,17.333333333333336,82.66666666666666,0,17.333333333333336,82.66666666666666
marslike,8352_s44,8352,44,MERGED50_a18cfcc082ea880e,32.69230769230769,67.3076923076923,0,32.69230769230769,67.3076923076923
marslike,8362_s44,8362,44,MERGED50_a1efcdd0378689ba,26.027397260273972,73.97260273972603,0,26.027397260273972,73.97260273972603
marslike,8392_s44,8392,44,MERGED50_a3497c1ad265182a,24.096385542168676,75.90361445783132,0,24.096385542168676,75.90361445783132
marslike,8394_s44,8394,44,MERGED50_a355c8c9a89a7d47,16.901408450704224,83.09859154929578,0,16.901408450704224,83.09859154929578
marslike,8419_s44,8419,44,MERGED50_a4ae209f73527935,19.35483870967742,80.64516129032258,0,19.35483870967742,80.64516129032258
marslike,8426_s44,8426,44,MERGED50_a4fdcf76b2258dda,16.129032258064516,83.87096774193549,0,16.129032258064516,83.87096774193549
marslike,8438_s44,8438,44,MERGED50_a5d1f4859fe708c9,38.23529411764706,61.76470588235294,0,38.23529411764706,61.76470588235294
marslike,8440_s44,8440,44,MERGED50_a5f91fce1b37a666,19.642857142857142,80.35714285714286,0,19.642857142857142,80.35714285714286
marslike,8478_s44,8478,44,MERGED50_a7feed9247259c87,25.675675675675674,74.32432432432432,0,25.675675675675674,74.32432432432432
marslike,8508_s44,8508,44,MERGED50_a9b948fe856ca247,14.583333333333334,85.41666666666667,0,14.583333333333334,85.41666666666667
marslike,8511_s44,8511,44,MERGED50_a9f80a7379d0f7da,16.363636363636363,83.63636363636364,0,16.363636363636363,83.63636363636364
marslike,8516_s44,8516,44,MERGED50_aa344f33ace3be05,19.54022988505747,80.45977011494253,0,19.54022988505747,80.45977011494253
marslike,8546_s44,8546,44,MERGED50_abd0a692e32fbdf1,14.705882352941178,85.29411764705883,0,14.705882352941178,85.29411764705883
marslike,8564_s44,8564,44,MERGED50_acdefa8bd992b916,24.444444444444443,75.55555555555556,0,24.444444444444443,75.55555555555556
marslike,8588_s44,8588,44,MERGED50_adc671cb4ae7d186,19.753086419753085,80.24691358024691,0,19.753086419753085,80.24691358024691
marslike,8597_s44,8597,44,MERGED50_ae165094ff8651d8,20.0,80.0,0,20.0,80.0
marslike,8632_s44,8632,44,MERGED50_b00b701c8f32ad16,16.071428571428573,83.92857142857143,0,16.071428571428573,83.92857142857143
marslike,8659_s44,8659,44,MERGED50_b18dab0af958cfaf,24.501424501424502,75.49857549857549,0,24.501424501424502,75.49857549857549
marslike,8664_s44,8664,44,MERGED50_b2040b146ebdabc6,19.35483870967742,80.64516129032258,0,19.35483870967742,80.64516129032258
marslike,8665_s44,8665,44,MERGED50_b212850ac5de770b,21.052631578947366,78.94736842105263,0,21.052631578947366,78.94736842105263
marslike,8669_s44,8669,44,MERGED50_b229d1eacbfd10b6,23.333333333333332,76.66666666666667,0,23.333333333333332,76.66666666666667
marslike,8694_s44,8694,44,MERGED50_b3a497d1d26020d6,20.588235294117645,79.41176470588235,0,20.588235294117645,79.41176470588235
marslike,8695_s44,8695,44,MERGED50_b3a4cfe045fd9989,37.28813559322034,62.71186440677966,0,37.28813559322034,62.71186440677966
marslike,8698_s44,8698,44,MERGED50_b3bb65adfff9daf2,17.741935483870968,82.25806451612902,0,17.741935483870968,82.25806451612902
marslike,8700_s44,8700,44,MERGED50_b3f321e22f11cc82,17.647058823529413,82.35294117647058,0,17.647058823529413,82.35294117647058
marslike,8736_s44,8736,44,MERGED50_b65df610d68c155a,16.483516483516482,83.51648351648352,0,16.483516483516482,83.51648351648352
marslike,8741_s44,8741,44,MERGED50_b68c819689991a27,18.26086956521739,81.73913043478261,0,18.26086956521739,81.73913043478261
marslike,8744_s44,8744,44,MERGED50_b6c816da2427cc90,21.875,78.125,0,21.875,78.125
marslike,8766_s44,8766,44,MERGED50_b7f531bb4562b6f2,15.625,84.375,0,15.625,84.375
marslike,8779_s44,8779,44,MERGED50_b88dc71c6f194efe,27.835051546391753,72.16494845360825,0,27.835051546391753,72.16494845360825
marslike,8789_s44,8789,44,MERGED50_b8f528c570ea3221,18.902439024390244,81.09756097560975,0,18.902439024390244,81.09756097560975
marslike,8797_s44,8797,44,MERGED50_b982b3f10d07a74c,36.3013698630137,63.6986301369863,0,36.3013698630137,63.6986301369863
marslike,8798_s44,8798,44,MERGED50_b997d79f0089e50e,14.666666666666666,85.33333333333333,0,14.666666666666666,85.33333333333333
marslike,8801_s44,8801,44,MERGED50_b9d3d77689ac3e1d,17.24137931034483,82.75862068965517,0,17.24137931034483,82.75862068965517
marslike,8814_s44,8814,44,MERGED50_baba6c2d80cf30c9,17.741935483870968,82.25806451612902,0,17.741935483870968,82.25806451612902
marslike,8834_s44,8834,44,MERGED50_bba3f551db7bd43f,15.294117647058824,84.70588235294117,0,15.294117647058824,84.70588235294117
marslike,8835_s44,8835,44,MERGED50_bba8cc2d5bd0c168,28.767123287671232,71.23287671232876,0,28.767123287671232,71.23287671232876
marslike,8871_s44,8871,44,MERGED50_be49b65299ff58dd,17.829457364341085,82.17054263565892,0,17.829457364341085,82.17054263565892
marslike,8873_s44,8873,44,MERGED50_be5633b63643cb1f,18.51851851851852,81.48148148148148,0,18.51851851851852,81.48148148148148
marslike,8905_s44,8905,44,MERGED50_bfd95b10d1db27b9,23.943661971830984,76.05633802816902,0,23.943661971830984,76.05633802816902
marslike,8910_s44,8910,44,MERGED50_c02074ae8af28040,20.224719101123593,79.7752808988764,0,20.224719101123593,79.7752808988764
marslike,8930_s44,8930,44,MERGED50_c16cf7f3af0975de,17.02127659574468,82.97872340425532,0,17.02127659574468,82.97872340425532
marslike,8942_s44,8942,44,MERGED50_c23d0fea52a85c1b,43.333333333333336,56.666666666666664,0,43.333333333333336,56.666666666666664
marslike,8944_s44,8944,44,MERGED50_c2586afb51a5a52c,52.10084033613446,47.89915966386554,0,52.10084033613446,47.89915966386554
marslike,8956_s44,8956,44,MERGED50_c2bf06b38a154f21,18.461538461538463,81.53846153846153,0,18.461538461538463,81.53846153846153
marslike,8961_s44,8961,44,MERGED50_c329bce2d0e4b295,15.18987341772152,84.81012658227849,0,15.18987341772152,84.81012658227849
marslike,8964_s44,8964,44,MERGED50_c34b1cbe86174be5,18.823529411764707,81.17647058823529,0,18.823529411764707,81.17647058823529
marslike,8984_s44,8984,44,MERGED50_c4360c3fddd8468a,17.582417582417584,82.41758241758242,0,17.582417582417584,82.41758241758242
marslike,8988_s44,8988,44,MERGED50_c48ad83485088d38,15.254237288135593,84.7457627118644,0,15.254237288135593,84.7457627118644
marslike,9041_s44,9041,44,MERGED50_c7d55b69a0a6233e,19.81132075471698,80.18867924528303,0,19.81132075471698,80.18867924528303
marslike,9063_s44,9063,44,MERGED50_c914ed0a355ee89e,30.0,70.0,0,30.0,70.0
marslike,9070_s44,9070,44,MERGED50_c9903774eb03e603,22.857142857142858,77.14285714285714,0,22.857142857142858,77.14285714285714
marslike,9092_s44,9092,44,MERGED50_ca9de43133350a10,19.607843137254903,80.3921568627451,0,19.607843137254903,80.3921568627451
marslike,9106_s44,9106,44,MERGED50_cb78e2968f48f3d2,17.17171717171717,82.82828282828282,0,17.17171717171717,82.82828282828282
marslike,9130_s44,9130,44,MERGED50_cd1bb57d9ab91a4a,36.53846153846153,63.46153846153847,0,36.53846153846153,63.46153846153847
marslike,9139_s44,9139,44,MERGED50_cd75cd08c87c1549,15.0,85.0,0,15.0,85.0
marslike,9141_s44,9141,44,MERGED50_cd85ddd13cf2ddce,20.212765957446805,79.7872340425532,0,20.212765957446805,79.7872340425532
marslike,9155_s44,9155,44,MERGED50_ce48365316b03709,30.0,70.0,0,30.0,70.0
marslike,9163_s44,9163,44,MERGED50_cecad5268192bee1,27.27272727272727,72.72727272727273,0,27.27272727272727,72.72727272727273
marslike,9188_s44,9188,44,MERGED50_cffed6b75a3390a0,22.085889570552148,77.91411042944785,0,22.085889570552148,77.91411042944785
marslike,9189_s44,9189,44,MERGED50_d02649ec3735c6a8,29.411764705882355,70.58823529411765,0,29.411764705882355,70.58823529411765
marslike,9195_s44,9195,44,MERGED50_d042ba98350f0223,18.64406779661017,81.35593220338983,0,18.64406779661017,81.35593220338983
marslike,9196_s44,9196,44,MERGED50_d0451f292fdd4825,46.236559139784944,53.763440860215056,0,46.236559139784944,53.763440860215056
marslike,9200_s44,9200,44,MERGED50_d07148d7cc46d728,18.91891891891892,81.08108108108108,0,18.91891891891892,81.08108108108108
marslike,9201_s44,9201,44,MERGED50_d07723c3c82fb0ab,20.967741935483872,79.03225806451613,0,20.967741935483872,79.03225806451613
marslike,9205_s44,9205,44,MERGED50_d09d80c405f7b5a1,17.24137931034483,82.75862068965517,0,17.24137931034483,82.75862068965517
marslike,9209_s44,9209,44,MERGED50_d0af3226ca1b63b2,17.24137931034483,82.75862068965517,0,17.24137931034483,82.75862068965517
marslike,9211_s44,9211,44,MERGED50_d0bf268fee63a84a,28.846153846153843,71.15384615384616,0,28.846153846153843,71.15384615384616
marslike,9217_s44,9217,44,MERGED50_d0ffc938c6ae9c9b,24.242424242424242,75.75757575757575,0,24.242424242424242,75.75757575757575
marslike,9232_s44,9232,44,MERGED50_d1fd18fe9f8bf430,40.78947368421053,59.21052631578947,0,40.78947368421053,59.21052631578947
marslike,9240_s44,9240,44,MERGED50_d26fa704847d6ebb,21.052631578947366,78.94736842105263,0,21.052631578947366,78.94736842105263
marslike,9246_s44,9246,44,MERGED50_d2989afb5590ff4a,16.923076923076923,83.07692307692308,0,16.923076923076923,83.07692307692308
marslike,9247_s44,9247,44,MERGED50_d2b2c0c110168d2c,18.269230769230766,81.73076923076923,0,18.269230769230766,81.73076923076923
marslike,9253_s44,9253,44,MERGED50_d30e98b82319cad6,17.24137931034483,82.75862068965517,0,17.24137931034483,82.75862068965517
marslike,9258_s44,9258,44,MERGED50_d3578adf8ebce73c,36.76470588235294,63.23529411764706,0,36.76470588235294,63.23529411764706
marslike,9277_s44,9277,44,MERGED50_d43898cd564c36c3,27.77777777777778,72.22222222222223,0,27.77777777777778,72.22222222222223
marslike,9282_s44,9282,44,MERGED50_d4965f1d9df617bd,17.857142857142858,82.14285714285714,0,17.857142857142858,82.14285714285714
marslike,9295_s44,9295,44,MERGED50_d53ef329ff96171d,35.294117647058826,64.70588235294117,0,35.294117647058826,64.70588235294117
marslike,9311_s44,9311,44,MERGED50_d6280cfb71d3a4c1,18.30985915492958,81.69014084507042,0,18.30985915492958,81.69014084507042
marslike,9321_s44,9321,44,MERGED50_d6e09313bf06978d,31.818181818181817,68.18181818181819,0,31.818181818181817,68.18181818181819
marslike,9330_s44,9330,44,MERGED50_d778bd05e75ae364,19.35483870967742,80.64516129032258,0,19.35483870967742,80.64516129032258
marslike,9334_s44,9334,44,MERGED50_d79469deffa12d80,15.384615384615385,84.61538461538461,0,15.384615384615385,84.61538461538461
marslike,9335_s44,9335,44,MERGED50_d79940d36e9902fe,36.53846153846153,63.46153846153847,0,36.53846153846153,63.46153846153847
marslike,9338_s44,9338,44,MERGED50_d7dcd5acb4952cf0,21.052631578947366,78.94736842105263,0,21.052631578947366,78.94736842105263
marslike,9348_s44,9348,44,MERGED50_d85d83bcb87f733a,23.333333333333332,76.66666666666667,0,23.333333333333332,76.66666666666667
marslike,9374_s44,9374,44,MERGED50_d99cf832b8b84bef,30.88235294117647,69.11764705882354,0,30.88235294117647,69.11764705882354
marslike,9380_s44,9380,44,MERGED50_d9fd57141ebc3d22,17.543859649122805,82.45614035087719,0,17.543859649122805,82.45614035087719
marslike,9416_s44,9416,44,MERGED50_dc45cdc80018a1bf,17.647058823529413,82.35294117647058,0,17.647058823529413,82.35294117647058
marslike,9474_s44,9474,44,MERGED50_dff46de051b6efb5,16.50485436893204,83.49514563106796,0,16.50485436893204,83.49514563106796
marslike,9484_s44,9484,44,MERGED50_e09f9c3dbf4ea0e9,27.941176470588236,72.05882352941177,0,27.941176470588236,72.05882352941177
marslike,9503_s44,9503,44,MERGED50_e164584bfe2b2e74,16.988416988416986,83.01158301158301,0,16.988416988416986,83.01158301158301
marslike,9512_s44,9512,44,MERGED50_e1a40139804a88d9,24.390243902439025,75.60975609756098,0,24.390243902439025,75.60975609756098
marslike,9517_s44,9517,44,MERGED50_e2000caed39247ca,32.94117647058823,67.05882352941177,0,32.94117647058823,67.05882352941177
marslike,9531_s44,9531,44,MERGED50_e2e439832f22278a,25.0,75.0,0,25.0,75.0
marslike,9565_s44,9565,44,MERGED50_e54f8296e356537b,16.129032258064516,83.87096774193549,0,16.129032258064516,83.87096774193549
marslike,9566_s44,9566,44,MERGED50_e55d9307a343c249,15.238095238095239,84.76190476190476,0,15.238095238095239,84.76190476190476
marslike,9568_s44,9568,44,MERGED50_e582a30dfdf74fe6,30.88235294117647,69.11764705882354,0,30.88235294117647,69.11764705882354
marslike,9574_s44,9574,44,MERGED50_e6247ba6c6b695eb,20.253164556962027,79.74683544303798,0,20.253164556962027,79.74683544303798
marslike,9586_s44,9586,44,MERGED50_e6cdd453a12b4091,17.307692307692307,82.6923076923077,0,17.307692307692307,82.6923076923077
marslike,9587_s44,9587,44,MERGED50_e6d8c4bdd1200d10,22.807017543859647,77.19298245614036,0,22.807017543859647,77.19298245614036
marslike,9588_s44,9588,44,MERGED50_e6dcd99f918cf93d,25.0,75.0,0,25.0,75.0
marslike,9606_s44,9606,44,MERGED50_e7b4d8064e199895,26.666666666666668,73.33333333333333,0,26.666666666666668,73.33333333333333
marslike,9607_s44,9607,44,MERGED50_e7da7981ba4f2f16,21.666666666666668,78.33333333333333,0,21.666666666666668,78.33333333333333
marslike,9627_s44,9627,44,MERGED50_e91a1fd49f3101bc,25.757575757575758,74.24242424242425,0,25.757575757575758,74.24242424242425
marslike,9631_s44,9631,44,MERGED50_e99c45b9a94f085f,19.642857142857142,80.35714285714286,0,19.642857142857142,80.35714285714286
marslike,9641_s44,9641,44,MERGED50_e9d99cc5e6292894,33.82352941176471,66.17647058823529,0,33.82352941176471,66.17647058823529
marslike,9649_s44,9649,44,MERGED50_ea33d0de8a436a13,21.666666666666668,78.33333333333333,0,21.666666666666668,78.33333333333333
marslike,9671_s44,9671,44,MERGED50_eb7e23382856eb83,19.230769230769234,80.76923076923077,0,19.230769230769234,80.76923076923077
marslike,9676_s44,9676,44,MERGED50_ebb0627ef86d8289,17.94871794871795,82.05128205128204,0,17.94871794871795,82.05128205128204
marslike,9695_s44,9695,44,MERGED50_ed84737f8ef88d22,27.956989247311824,72.04301075268818,0,27.956989247311824,72.04301075268818
marslike,9715_s44,9715,44,MERGED50_ee6d1e4201af690e,36.36363636363637,63.63636363636363,0,36.36363636363637,63.63636363636363
marslike,9757_s44,9757,44,MERGED50_f039e10e8b8bc553,45.0,55.0,0,45.0,55.0
marslike,9758_s44,9758,44,MERGED50_f03adcc1dcaf01e8,18.89763779527559,81.10236220472441,0,18.89763779527559,81.10236220472441
marslike,9763_s44,9763,44,MERGED50_f0ad730bcc677300,50.0,50.0,0,50.0,50.0
marslike,9765_s44,9765,44,MERGED50_f0e32798b84a33a1,18.51851851851852,81.48148148148148,0,18.51851851851852,81.48148148148148
marslike,9767_s44,9767,44,MERGED50_f0f827b4fec41d82,15.714285714285714,84.28571428571429,0,15.714285714285714,84.28571428571429
marslike,9775_s44,9775,44,MERGED50_f17ef6b64544ffdf,21.153846153846153,78.84615384615384,0,21.153846153846153,78.84615384615384
marslike,9792_s44,9792,44,MERGED50_f265575e5187e015,25.71428571428571,74.28571428571429,0,25.71428571428571,74.28571428571429
marslike,9802_s44,9802,44,MERGED50_f3180dcf80d90f58,14.545454545454545,85.45454545454545,0,14.545454545454545,85.45454545454545
marslike,9807_s44,9807,44,MERGED50_f344a95ef85731a2,20.253164556962027,79.74683544303798,0,20.253164556962027,79.74683544303798
marslike,9810_s44,9810,44,MERGED50_f35bc6da16a111c0,38.333333333333336,61.666666666666664,0,38.333333333333336,61.666666666666664
marslike,9868_s44,9868,44,MERGED50_f7617127b808e426,23.456790123456788,76.54320987654322,0,23.456790123456788,76.54320987654322
marslike,9873_s44,9873,44,MERGED50_f79bae3cc3e416b4,17.647058823529413,82.35294117647058,0,17.647058823529413,82.35294117647058
marslike,9877_s44,9877,44,MERGED50_f7d74b719dc9b240,18.96551724137931,81.0344827586207,0,18.96551724137931,81.0344827586207
marslike,9886_s44,9886,44,MERGED50_f8c8db392295aa86,15.789473684210526,84.21052631578948,0,15.789473684210526,84.21052631578948
marslike,9895_s44,9895,44,MERGED50_f93a972acffe2ad8,19.393939393939394,80.60606060606061,0,19.393939393939394,80.60606060606061
marslike,9900_s44,9900,44,MERGED50_f9b5a78517a52380,17.543859649122805,82.45614035087719,0,17.543859649122805,82.45614035087719
marslike,9902_s44,9902,44,MERGED50_f9c7630fa4182477,35.58282208588957,64.41717791411043,0,35.58282208588957,64.41717791411043
marslike,9922_s44,9922,44,MERGED50_fb72f76a29855db7,18.421052631578945,81.57894736842105,0,18.421052631578945,81.57894736842105
marslike,9936_s44,9936,44,MERGED50_fc0a4279a4517faf,17.647058823529413,82.35294117647058,0,17.647058823529413,82.35294117647058
marslike,9949_s44,9949,44,MERGED50_fd010872f0a3865e,26.31578947368421,73.6842105263158,0,26.31578947368421,73.6842105263158
marslike,9966_s44,9966,44,MERGED50_fe15e399020f5618,15.841584158415841,84.15841584158416,0,15.841584158415841,84.15841584158416
marslike,9974_s44,9974,44,MERGED50_fe837b08b2a979bb,26.984126984126984,73.01587301587301,0,26.984126984126984,73.01587301587301
