method,backbone_id,seed_left,seed_right,seed_pair_identity_pct,seed_pair_diversity_pct
base,0007,42,43,69.90990990990991,30.090090090090094
base,0007,42,44,75.67567567567568,24.32432432432432
base,0007,43,44,73.15315315315316,26.84684684684685
base,0014,42,43,76.72955974842768,23.27044025157232
base,0014,42,44,50.314465408805034,49.685534591194966
base,0014,43,44,47.16981132075472,52.83018867924528
base,0026,42,43,68.70748299319727,31.292517006802722
base,0026,42,44,72.10884353741497,27.89115646258503
base,0026,43,44,71.08843537414967,28.91156462585034
base,0049,42,43,65.05376344086021,34.946236559139784
base,0049,42,44,61.82795698924731,38.17204301075269
base,0049,43,44,69.89247311827957,30.107526881720425
base,0060,42,43,75.84745762711864,24.152542372881356
base,0060,42,44,71.1864406779661,28.8135593220339
base,0060,43,44,72.88135593220339,27.118644067796616
base,0062,42,43,71.64179104477611,28.358208955223883
base,0062,42,44,68.65671641791045,31.343283582089555
base,0062,43,44,80.59701492537313,19.402985074626866
base,0076,42,43,58.333333333333336,41.666666666666664
base,0076,42,44,52.38095238095239,47.61904761904761
base,0076,43,44,40.476190476190474,59.523809523809526
base,0095,42,43,75.0,25.0
base,0095,42,44,73.84615384615385,26.15384615384615
base,0095,43,44,75.38461538461539,24.615384615384617
base,0115,42,43,73.38403041825094,26.615969581749056
base,0115,42,44,71.86311787072243,28.136882129277563
base,0115,43,44,69.20152091254754,30.798479087452467
base,0128,42,43,69.28571428571428,30.714285714285715
base,0128,42,44,58.57142857142858,41.42857142857142
base,0128,43,44,63.57142857142857,36.42857142857143
base,0146,42,43,69.42148760330579,30.57851239669421
base,0146,42,44,64.46280991735537,35.537190082644635
base,0146,43,44,68.59504132231406,31.404958677685947
base,0153,42,43,70.37037037037037,29.629629629629626
base,0153,42,44,72.8395061728395,27.160493827160494
base,0153,43,44,72.8395061728395,27.160493827160494
base,0154,42,43,70.53140096618358,29.468599033816425
base,0154,42,44,72.94685990338165,27.053140096618357
base,0154,43,44,70.04830917874396,29.951690821256037
base,0161,42,43,76.5281173594132,23.471882640586795
base,0161,42,44,74.32762836185819,25.67237163814181
base,0161,43,44,77.50611246943765,22.49388753056235
base,0168,42,43,71.62162162162163,28.37837837837838
base,0168,42,44,48.1981981981982,51.80180180180181
base,0168,43,44,51.80180180180181,48.19819819819819
base,0173,42,43,73.62637362637363,26.37362637362637
base,0173,42,44,74.41130298273156,25.588697017268448
base,0173,43,44,76.29513343799059,23.704866562009418
base,0193,42,43,76.31578947368422,23.684210526315784
base,0193,42,44,77.19298245614034,22.807017543859654
base,0193,43,44,76.31578947368422,23.684210526315784
base,0219,42,43,67.15328467153284,32.846715328467155
base,0219,42,44,72.99270072992701,27.00729927007299
base,0219,43,44,68.61313868613139,31.386861313868607
base,0226,42,43,75.1937984496124,24.8062015503876
base,0226,42,44,73.64341085271317,26.356589147286826
base,0226,43,44,71.31782945736434,28.682170542635653
base,0233,42,43,63.29113924050633,36.70886075949367
base,0233,42,44,67.97468354430379,32.025316455696206
base,0233,43,44,61.64556962025316,38.35443037974684
base,0238,42,43,79.3103448275862,20.68965517241379
base,0238,42,44,78.16091954022988,21.83908045977011
base,0238,43,44,74.13793103448276,25.86206896551724
base,0240,42,43,78.1456953642384,21.85430463576159
base,0240,42,44,74.17218543046357,25.82781456953642
base,0240,43,44,76.95364238410596,23.046357615894042
base,0250,42,43,73.93939393939394,26.060606060606062
base,0250,42,44,73.63636363636363,26.363636363636367
base,0250,43,44,74.84848484848486,25.15151515151515
base,0264,42,43,71.75141242937853,28.248587570621464
base,0264,42,44,76.8361581920904,23.163841807909602
base,0264,43,44,66.66666666666666,33.333333333333336
base,0265,42,43,69.04761904761905,30.952380952380953
base,0265,42,44,72.61904761904762,27.380952380952383
base,0265,43,44,79.76190476190477,20.238095238095234
base,0268,42,43,68.1118881118881,31.888111888111894
base,0268,42,44,72.86713286713287,27.132867132867133
base,0268,43,44,67.83216783216784,32.16783216783217
base,0269,42,43,77.85977859778598,22.14022140221402
base,0269,42,44,74.90774907749078,25.09225092250923
base,0269,43,44,80.07380073800738,19.926199261992615
base,0291,42,43,62.06896551724138,37.93103448275862
base,0291,42,44,77.01149425287356,22.988505747126442
base,0291,43,44,73.5632183908046,26.436781609195403
base,0298,42,43,69.35483870967742,30.645161290322577
base,0298,42,44,63.306451612903224,36.693548387096776
base,0298,43,44,64.51612903225806,35.483870967741936
base,0312,42,43,69.80198019801979,30.1980198019802
base,0312,42,44,65.84158415841584,34.15841584158416
base,0312,43,44,69.3069306930693,30.6930693069307
base,0321,42,43,72.09302325581395,27.906976744186053
base,0321,42,44,69.18604651162791,30.813953488372093
base,0321,43,44,73.83720930232558,26.16279069767442
base,0356,42,43,61.53846153846154,38.46153846153846
base,0356,42,44,65.49450549450549,34.505494505494504
base,0356,43,44,66.37362637362637,33.62637362637363
base,0358,42,43,67.88079470198676,32.11920529801324
base,0358,42,44,75.49668874172185,24.50331125827815
base,0358,43,44,71.19205298013244,28.80794701986755
base,0369,42,43,76.84210526315789,23.15789473684211
base,0369,42,44,80.7017543859649,19.298245614035093
base,0369,43,44,75.78947368421053,24.210526315789473
base,0370,42,43,63.96396396396396,36.03603603603604
base,0370,42,44,68.01801801801803,31.981981981981978
base,0370,43,44,69.81981981981981,30.180180180180184
base,0376,42,43,69.23076923076923,30.76923076923077
base,0376,42,44,67.80626780626781,32.193732193732195
base,0376,43,44,70.08547008547008,29.91452991452992
base,0384,42,43,55.118110236220474,44.881889763779526
base,0384,42,44,53.54330708661418,46.45669291338582
base,0384,43,44,66.92913385826772,33.07086614173228
base,0391,42,43,65.59633027522935,34.403669724770644
base,0391,42,44,74.31192660550458,25.688073394495415
base,0391,43,44,66.05504587155964,33.944954128440365
base,0398,42,43,75.32894736842105,24.67105263157895
base,0398,42,44,73.68421052631578,26.315789473684216
base,0398,43,44,75.6578947368421,24.342105263157897
base,0410,42,43,70.57471264367817,29.42528735632184
base,0410,42,44,73.79310344827587,26.206896551724135
base,0410,43,44,72.183908045977,27.816091954022994
base,0413,42,43,75.98944591029023,24.010554089709768
base,0413,42,44,75.06596306068602,24.934036939313987
base,0413,43,44,76.12137203166228,23.878627968337728
base,0415,42,43,72.91666666666666,27.083333333333336
base,0415,42,44,71.875,28.125
base,0415,43,44,70.13888888888889,29.861111111111114
base,0424,42,43,70.06622516556291,29.933774834437088
base,0424,42,44,72.45033112582782,27.549668874172184
base,0424,43,44,68.74172185430464,31.25827814569536
base,0428,42,43,73.83966244725738,26.160337552742618
base,0428,42,44,72.57383966244726,27.42616033755274
base,0428,43,44,71.30801687763713,28.691983122362874
base,0450,42,43,78.8659793814433,21.134020618556704
base,0450,42,44,77.83505154639175,22.164948453608247
base,0450,43,44,73.19587628865979,26.80412371134021
base,0455,42,43,71.03448275862068,28.965517241379313
base,0455,42,44,66.89655172413794,33.10344827586207
base,0455,43,44,70.34482758620689,29.655172413793107
base,0457,42,43,72.42178447276942,27.578215527230586
base,0457,42,44,72.19003476245655,27.809965237543455
base,0457,43,44,74.15990730011588,25.84009269988412
base,0462,42,43,79.2887029288703,20.711297071129707
base,0462,42,44,78.8702928870293,21.129707112970706
base,0462,43,44,77.82426778242679,22.17573221757322
base,0471,42,43,52.63157894736842,47.36842105263158
base,0471,42,44,61.65413533834586,38.34586466165414
base,0471,43,44,47.368421052631575,52.63157894736843
base,0475,42,43,73.63636363636363,26.363636363636367
base,0475,42,44,56.36363636363636,43.63636363636364
base,0475,43,44,60.909090909090914,39.090909090909086
base,0497,42,43,70.87087087087087,29.129129129129126
base,0497,42,44,70.57057057057057,29.429429429429433
base,0497,43,44,73.27327327327328,26.726726726726724
base,0512,42,43,73.20490367775831,26.795096322241683
base,0512,42,44,75.30647985989492,24.693520140105075
base,0512,43,44,70.2276707530648,29.772329246935204
base,0513,42,43,72.61538461538461,27.384615384615387
base,0513,42,44,75.53846153846155,24.461538461538456
base,0513,43,44,73.84615384615385,26.15384615384615
base,0556,42,43,65.625,34.375
base,0556,42,44,65.625,34.375
base,0556,43,44,68.75,31.25
base,0563,42,43,74.69050894085282,25.30949105914718
base,0563,42,44,76.89133425034387,23.108665749656122
base,0563,43,44,75.10316368638239,24.89683631361761
base,0615,42,43,78.24561403508771,21.75438596491228
base,0615,42,44,77.89473684210526,22.10526315789474
base,0615,43,44,81.40350877192982,18.596491228070178
base,0626,42,43,79.957805907173,20.042194092827003
base,0626,42,44,77.63713080168776,22.36286919831224
base,0626,43,44,77.84810126582279,22.151898734177212
base,0641,42,43,68.12977099236642,31.87022900763359
base,0641,42,44,65.2671755725191,34.732824427480914
base,0641,43,44,67.17557251908397,32.82442748091603
base,0646,42,43,78.18181818181819,21.818181818181813
base,0646,42,44,82.72727272727273,17.272727272727273
base,0646,43,44,81.81818181818183,18.181818181818176
base,0668,42,43,74.17417417417418,25.82582582582582
base,0668,42,44,77.47747747747748,22.522522522522525
base,0668,43,44,77.47747747747748,22.522522522522525
base,0690,42,43,77.41935483870968,22.580645161290324
base,0690,42,44,79.03225806451613,20.967741935483875
base,0690,43,44,70.96774193548387,29.032258064516125
base,0701,42,43,74.88479262672811,25.115207373271886
base,0701,42,44,78.11059907834101,21.889400921658986
base,0701,43,44,76.036866359447,23.963133640552993
base,0711,42,43,61.66666666666667,38.33333333333333
base,0711,42,44,68.33333333333333,31.666666666666664
base,0711,43,44,73.33333333333333,26.66666666666667
base,0713,42,43,78.26086956521739,21.739130434782606
base,0713,42,44,56.52173913043478,43.47826086956522
base,0713,43,44,50.72463768115942,49.27536231884058
base,0744,42,43,66.34146341463415,33.65853658536585
base,0744,42,44,63.41463414634146,36.58536585365854
base,0744,43,44,66.09756097560975,33.90243902439024
base,0747,42,43,61.245674740484425,38.754325259515575
base,0747,42,44,58.82352941176471,41.17647058823529
base,0747,43,44,60.207612456747405,39.792387543252595
base,0757,42,43,70.75471698113208,29.24528301886793
base,0757,42,44,63.20754716981132,36.79245283018868
base,0757,43,44,73.58490566037736,26.415094339622648
base,0763,42,43,74.74541751527495,25.254582484725052
base,0763,42,44,69.65376782077392,30.346232179226075
base,0763,43,44,70.26476578411406,29.735234215885942
base,0773,42,43,60.526315789473685,39.473684210526315
base,0773,42,44,72.10526315789474,27.89473684210526
base,0773,43,44,67.36842105263158,32.631578947368425
base,0799,42,43,72.01405152224825,27.985948477751755
base,0799,42,44,74.00468384074942,25.99531615925058
base,0799,43,44,76.46370023419203,23.536299765807968
base,0816,42,43,68.3288409703504,31.671159029649598
base,0816,42,44,70.08086253369272,29.919137466307276
base,0816,43,44,68.05929919137466,31.940700808625333
base,0824,42,43,78.83817427385893,21.161825726141082
base,0824,42,44,79.66804979253112,20.331950207468886
base,0824,43,44,77.80082987551867,22.199170124481327
base,0865,42,43,74.8888888888889,25.111111111111107
base,0865,42,44,75.1111111111111,24.888888888888893
base,0865,43,44,74.8888888888889,25.111111111111107
base,0918,42,43,84.32835820895522,15.671641791044777
base,0918,42,44,84.32835820895522,15.671641791044777
base,0918,43,44,83.5820895522388,16.417910447761198
base,0970,42,43,57.446808510638306,42.553191489361694
base,0970,42,44,75.53191489361703,24.468085106382976
base,0970,43,44,57.446808510638306,42.553191489361694
base,1031,42,43,29.92125984251969,70.07874015748031
base,1031,42,44,36.22047244094488,63.77952755905512
base,1031,43,44,65.35433070866141,34.645669291338585
base,1041,42,43,75.14851485148515,24.85148514851485
base,1041,42,44,74.95049504950495,25.04950495049505
base,1041,43,44,76.93069306930693,23.069306930693067
base,1061,42,43,75.92592592592592,24.07407407407407
base,1061,42,44,76.1574074074074,23.84259259259259
base,1061,43,44,74.07407407407408,25.92592592592593
base,1072,42,43,71.84873949579831,28.15126050420168
base,1072,42,44,73.52941176470588,26.470588235294112
base,1072,43,44,69.74789915966386,30.252100840336137
base,1136,42,43,67.88830715532286,32.111692844677144
base,1136,42,44,68.23734729493893,31.76265270506108
base,1136,43,44,69.63350785340315,30.36649214659686
base,1198,42,43,77.36625514403292,22.633744855967073
base,1198,42,44,76.5432098765432,23.456790123456795
base,1198,43,44,78.60082304526749,21.399176954732514
base,1209,42,43,73.46938775510205,26.530612244897956
base,1209,42,44,69.74789915966386,30.252100840336137
base,1209,43,44,70.46818727490997,29.531812725090035
base,1216,42,43,77.77777777777779,22.22222222222222
base,1216,42,44,79.07407407407408,20.925925925925924
base,1216,43,44,76.85185185185185,23.148148148148152
base,1240,42,43,77.96976241900649,22.030237580993518
base,1240,42,44,74.73002159827213,25.269978401727865
base,1240,43,44,75.5939524838013,24.406047516198704
base,1241,42,43,73.20574162679426,26.794258373205736
base,1241,42,44,73.68421052631578,26.315789473684216
base,1241,43,44,71.77033492822966,28.229665071770338
base,1267,42,43,70.99644128113879,29.00355871886121
base,1267,42,44,69.3950177935943,30.604982206405694
base,1267,43,44,71.17437722419929,28.825622775800706
base,1269,42,43,72.22222222222221,27.77777777777778
base,1269,42,44,65.55555555555556,34.44444444444444
base,1269,43,44,68.33333333333333,31.666666666666664
base,1275,42,43,74.70355731225297,25.296442687747035
base,1275,42,44,67.58893280632411,32.41106719367589
base,1275,43,44,67.19367588932806,32.80632411067194
base,1298,42,43,65.4353562005277,34.56464379947229
base,1298,42,44,68.33773087071239,31.6622691292876
base,1298,43,44,69.65699208443272,30.343007915567277
base,1316,42,43,56.676557863501486,43.323442136498514
base,1316,42,44,49.554896142433236,50.445103857566764
base,1316,43,44,57.86350148367953,42.13649851632047
base,1329,42,43,59.25925925925925,40.74074074074075
base,1329,42,44,29.629629629629626,70.37037037037037
base,1329,43,44,46.2962962962963,53.703703703703695
base,1337,42,43,78.0564263322884,21.943573667711604
base,1337,42,44,80.25078369905955,19.749216300940443
base,1337,43,44,76.48902821316614,23.510971786833856
base,1342,42,43,69.52526799387442,30.47473200612557
base,1342,42,44,69.21898928024503,30.781010719754974
base,1342,43,44,64.47166921898928,35.52833078101072
base,1345,42,43,75.35211267605634,24.647887323943664
base,1345,42,44,73.94366197183099,26.056338028169012
base,1345,43,44,78.16901408450704,21.830985915492963
base,1349,42,43,71.32867132867133,28.671328671328666
base,1349,42,44,72.02797202797203,27.97202797202797
base,1349,43,44,71.67832167832168,28.321678321678323
base,1368,42,43,68.72037914691943,31.27962085308057
base,1368,42,44,66.35071090047393,33.64928909952607
base,1368,43,44,67.29857819905213,32.70142180094787
base,1379,42,43,66.99346405228758,33.00653594771242
base,1379,42,44,62.091503267973856,37.908496732026144
base,1379,43,44,67.3202614379085,32.6797385620915
base,1380,42,43,72.43150684931507,27.568493150684937
base,1380,42,44,70.2054794520548,29.794520547945204
base,1380,43,44,69.17808219178082,30.82191780821918
base,1384,42,43,72.60981912144703,27.39018087855297
base,1384,42,44,75.45219638242894,24.547803617571063
base,1384,43,44,76.74418604651163,23.25581395348837
base,1389,42,43,65.66037735849056,34.339622641509436
base,1389,42,44,67.54716981132076,32.45283018867925
base,1389,43,44,61.886792452830186,38.113207547169814
base,1421,42,43,70.0,30.000000000000004
base,1421,42,44,73.33333333333333,26.66666666666667
base,1421,43,44,72.91666666666666,27.083333333333336
base,1427,42,43,63.69294605809128,36.30705394190872
base,1427,42,44,66.80497925311202,33.19502074688797
base,1427,43,44,65.14522821576763,34.85477178423236
base,1428,42,43,76.47058823529412,23.529411764705888
base,1428,42,44,79.14438502673798,20.85561497326203
base,1428,43,44,75.93582887700535,24.064171122994647
base,1429,42,43,64.50939457202504,35.490605427974955
base,1429,42,44,66.17954070981212,33.820459290187884
base,1429,43,44,65.55323590814196,34.44676409185804
base,1432,42,43,70.58823529411765,29.411764705882348
base,1432,42,44,71.65775401069519,28.342245989304814
base,1432,43,44,67.37967914438502,32.62032085561497
base,1433,42,43,68.5929648241206,31.407035175879393
base,1433,42,44,67.21105527638191,32.78894472361809
base,1433,43,44,67.96482412060301,32.03517587939698
base,1457,42,43,72.49575551782682,27.504244482173178
base,1457,42,44,77.75891341256367,22.24108658743633
base,1457,43,44,71.47707979626486,28.522920203735147
base,1471,42,43,73.70030581039755,26.29969418960245
base,1471,42,44,75.94291539245668,24.057084607543324
base,1471,43,44,74.10805300713558,25.891946992864423
base,1474,42,43,74.14965986394559,25.850340136054417
base,1474,42,44,78.2312925170068,21.7687074829932
base,1474,43,44,68.70748299319727,31.292517006802722
base,1494,42,43,75.38461538461539,24.615384615384617
base,1494,42,44,61.53846153846154,38.46153846153846
base,1494,43,44,50.76923076923077,49.23076923076923
base,1510,42,43,63.541666666666664,36.458333333333336
base,1510,42,44,72.13541666666666,27.864583333333336
base,1510,43,44,63.020833333333336,36.979166666666664
base,1515,42,43,72.91666666666666,27.083333333333336
base,1515,42,44,71.25,28.749999999999996
base,1515,43,44,75.41666666666667,24.583333333333336
base,1517,42,43,80.98159509202453,19.018404907975462
base,1517,42,44,80.67484662576688,19.32515337423313
base,1517,43,44,78.83435582822086,21.165644171779142
base,1521,42,43,70.58823529411765,29.411764705882348
base,1521,42,44,72.75541795665634,27.244582043343655
base,1521,43,44,70.58823529411765,29.411764705882348
base,1545,42,43,74.11167512690355,25.888324873096447
base,1545,42,44,74.61928934010153,25.380710659898476
base,1545,43,44,76.6497461928934,23.350253807106604
base,1569,42,43,73.87640449438202,26.12359550561798
base,1569,42,44,77.24719101123596,22.752808988764038
base,1569,43,44,78.37078651685393,21.62921348314607
base,1587,42,43,71.85929648241206,28.14070351758794
base,1587,42,44,69.84924623115577,30.15075376884422
base,1587,43,44,72.8643216080402,27.135678391959793
base,1589,42,43,73.39901477832512,26.60098522167488
base,1589,42,44,57.14285714285714,42.85714285714286
base,1589,43,44,59.60591133004927,40.39408866995073
base,1598,42,43,72.38307349665925,27.616926503340757
base,1598,42,44,73.94209354120267,26.05790645879733
base,1598,43,44,72.82850779510022,27.17149220489977
base,1599,42,43,80.37037037037037,19.62962962962963
base,1599,42,44,80.37037037037037,19.62962962962963
base,1599,43,44,85.55555555555556,14.444444444444448
base,1609,42,43,61.43497757847533,38.56502242152467
base,1609,42,44,72.6457399103139,27.3542600896861
base,1609,43,44,63.22869955156951,36.77130044843049
base,1623,42,43,68.10457516339869,31.895424836601304
base,1623,42,44,70.32679738562092,29.67320261437908
base,1623,43,44,73.0718954248366,26.928104575163403
base,1628,42,43,79.65217391304348,20.347826086956523
base,1628,42,44,75.13043478260869,24.869565217391308
base,1628,43,44,75.47826086956522,24.52173913043478
base,1634,42,43,77.89855072463769,22.101449275362317
base,1634,42,44,68.47826086956522,31.521739130434778
base,1634,43,44,70.65217391304348,29.34782608695652
base,1643,42,43,63.41463414634146,36.58536585365854
base,1643,42,44,57.3170731707317,42.6829268292683
base,1643,43,44,69.51219512195121,30.487804878048784
base,1644,42,43,50.49019607843137,49.50980392156863
base,1644,42,44,42.15686274509804,57.843137254901954
base,1644,43,44,56.372549019607845,43.627450980392155
base,1646,42,43,73.85159010600707,26.14840989399293
base,1646,42,44,73.32155477031802,26.67844522968198
base,1646,43,44,69.78798586572438,30.212014134275623
base,1663,42,43,75.79365079365078,24.20634920634921
base,1663,42,44,69.84126984126983,30.15873015873016
base,1663,43,44,76.98412698412699,23.015873015873012
base,1689,42,43,75.4325259515571,24.567474048442904
base,1689,42,44,72.66435986159169,27.3356401384083
base,1689,43,44,70.93425605536332,29.06574394463668
base,1692,42,43,72.23427331887203,27.76572668112798
base,1692,42,44,75.70498915401302,24.295010845986987
base,1692,43,44,77.65726681127983,22.342733188720175
base,1717,42,43,71.9298245614035,28.07017543859649
base,1717,42,44,63.59649122807017,36.40350877192983
base,1717,43,44,71.9298245614035,28.07017543859649
base,1722,42,43,63.03191489361703,36.96808510638297
base,1722,42,44,61.702127659574465,38.297872340425535
base,1722,43,44,72.3404255319149,27.6595744680851
base,1735,42,43,67.83216783216784,32.16783216783217
base,1735,42,44,66.43356643356644,33.56643356643356
base,1735,43,44,74.12587412587412,25.874125874125873
base,1741,42,43,82.87292817679558,17.12707182320442
base,1741,42,44,76.79558011049724,23.20441988950276
base,1741,43,44,80.11049723756905,19.889502762430944
base,1742,42,43,79.76190476190477,20.238095238095234
base,1742,42,44,73.21428571428571,26.785714285714292
base,1742,43,44,75.0,25.0
base,1748,42,43,72.11155378486056,27.88844621513944
base,1748,42,44,75.2988047808765,24.701195219123505
base,1748,43,44,67.33067729083665,32.66932270916335
base,1752,42,43,56.37663885578069,43.62336114421931
base,1752,42,44,57.80691299165673,42.19308700834327
base,1752,43,44,50.297973778307515,49.702026221692485
base,1792,42,43,67.5,32.49999999999999
base,1792,42,44,64.75,35.25
base,1792,43,44,70.5,29.500000000000004
base,1799,42,43,70.63492063492063,29.36507936507936
base,1799,42,44,67.06349206349206,32.936507936507944
base,1799,43,44,71.42857142857143,28.57142857142857
base,1813,42,43,73.44753747323341,26.552462526766597
base,1813,42,44,67.6659528907923,32.33404710920771
base,1813,43,44,70.2355460385439,29.764453961456105
base,1830,42,43,69.5852534562212,30.414746543778804
base,1830,42,44,71.08294930875576,28.91705069124424
base,1830,43,44,72.35023041474655,27.64976958525346
base,1844,42,43,75.38461538461539,24.615384615384617
base,1844,42,44,75.07692307692308,24.923076923076927
base,1844,43,44,73.84615384615385,26.15384615384615
base,1882,42,43,55.81395348837209,44.18604651162791
base,1882,42,44,51.162790697674424,48.837209302325576
base,1882,43,44,55.81395348837209,44.18604651162791
base,1905,42,43,71.42857142857143,28.57142857142857
base,1905,42,44,65.25096525096525,34.74903474903475
base,1905,43,44,73.35907335907336,26.640926640926644
base,1908,42,43,65.95744680851064,34.04255319148937
base,1908,42,44,68.51063829787233,31.48936170212766
base,1908,43,44,72.76595744680851,27.234042553191486
base,1909,42,43,63.28358208955224,36.71641791044776
base,1909,42,44,64.77611940298507,35.223880597014926
base,1909,43,44,68.35820895522387,31.641791044776124
base,1911,42,43,49.73821989528796,50.26178010471204
base,1911,42,44,42.93193717277487,57.06806282722513
base,1911,43,44,82.19895287958116,17.801047120418843
base,1942,42,43,67.57679180887372,32.423208191126285
base,1942,42,44,69.96587030716724,30.034129692832767
base,1942,43,44,62.79863481228669,37.20136518771331
base,1949,42,43,76.9927536231884,23.007246376811597
base,1949,42,44,75.18115942028986,24.818840579710145
base,1949,43,44,78.26086956521739,21.739130434782606
base,1951,42,43,60.0,40.0
base,1951,42,44,58.24175824175825,41.75824175824175
base,1951,43,44,70.32967032967034,29.670329670329664
base,1957,42,43,73.38709677419355,26.61290322580645
base,1957,42,44,65.86021505376344,34.13978494623656
base,1957,43,44,71.23655913978494,28.76344086021505
base,1968,42,43,62.903225806451616,37.096774193548384
base,1968,42,44,68.14516129032258,31.854838709677423
base,1968,43,44,77.82258064516128,22.17741935483871
base,1994,42,43,67.0391061452514,32.960893854748605
base,1994,42,44,71.50837988826815,28.49162011173184
base,1994,43,44,63.687150837988824,36.312849162011176
base,2004,42,43,67.36842105263158,32.631578947368425
base,2004,42,44,69.47368421052632,30.526315789473678
base,2004,43,44,73.94736842105263,26.05263157894737
base,2008,42,43,61.79966044142614,38.20033955857386
base,2008,42,44,63.83701188455009,36.16298811544991
base,2008,43,44,66.723259762309,33.276740237691
base,2012,42,43,21.686746987951807,78.3132530120482
base,2012,42,44,20.481927710843372,79.51807228915662
base,2012,43,44,61.44578313253012,38.55421686746988
base,2019,42,43,70.53824362606233,29.461756373937675
base,2019,42,44,70.82152974504248,29.17847025495751
base,2019,43,44,69.12181303116147,30.878186968838527
base,2054,42,43,66.63385826771653,33.36614173228346
base,2054,42,44,62.79527559055118,37.20472440944882
base,2054,43,44,65.35433070866141,34.645669291338585
base,2056,42,43,60.063897763578275,39.936102236421725
base,2056,42,44,61.980830670926515,38.019169329073485
base,2056,43,44,62.61980830670927,37.38019169329073
base,2075,42,43,62.829736211031175,37.170263788968825
base,2075,42,44,61.87050359712231,38.12949640287769
base,2075,43,44,69.06474820143885,30.935251798561147
base,2086,42,43,73.35164835164835,26.648351648351653
base,2086,42,44,68.13186813186813,31.868131868131865
base,2086,43,44,71.97802197802197,28.021978021978022
base,2087,42,43,59.55056179775281,40.44943820224719
base,2087,42,44,52.80898876404494,47.19101123595506
base,2087,43,44,57.30337078651685,42.69662921348315
base,2112,42,43,64.81751824817519,35.18248175182481
base,2112,42,44,67.00729927007299,32.992700729927
base,2112,43,44,66.27737226277372,33.722627737226276
base,2123,42,43,39.53488372093023,60.46511627906976
base,2123,42,44,46.51162790697674,53.48837209302326
base,2123,43,44,50.0,50.0
base,2133,42,43,72.27722772277228,27.722772277227726
base,2133,42,44,70.95709570957096,29.04290429042904
base,2133,43,44,75.24752475247524,24.752475247524753
base,2146,42,43,77.34877734877735,22.651222651222646
base,2146,42,44,76.57657657657657,23.42342342342343
base,2146,43,44,79.02187902187903,20.978120978120973
base,2153,42,43,72.80898876404494,27.191011235955052
base,2153,42,44,69.66292134831461,30.33707865168539
base,2153,43,44,76.17977528089888,23.820224719101123
base,2162,42,43,75.6923076923077,24.307692307692307
base,2162,42,44,76.92307692307693,23.076923076923073
base,2162,43,44,82.76923076923077,17.230769230769226
base,2189,42,43,49.14772727272727,50.85227272727273
base,2189,42,44,58.38068181818182,41.61931818181818
base,2189,43,44,60.08522727272727,39.91477272727273
base,2243,42,43,68.64406779661016,31.355932203389834
base,2243,42,44,71.1864406779661,28.8135593220339
base,2243,43,44,66.10169491525424,33.89830508474576
base,2250,42,43,75.77142857142857,24.22857142857143
base,2250,42,44,76.8,23.2
base,2250,43,44,75.54285714285714,24.457142857142856
base,2261,42,43,68.13417190775681,31.865828092243188
base,2261,42,44,68.86792452830188,31.132075471698116
base,2261,43,44,64.77987421383648,35.22012578616353
base,2263,42,43,79.54545454545455,20.45454545454546
base,2263,42,44,76.94805194805194,23.051948051948056
base,2263,43,44,77.59740259740259,22.4025974025974
base,2273,42,43,47.47899159663865,52.52100840336135
base,2273,42,44,36.554621848739494,63.4453781512605
base,2273,43,44,30.252100840336134,69.74789915966386
base,2279,42,43,70.50691244239631,29.493087557603694
base,2279,42,44,67.74193548387096,32.25806451612904
base,2279,43,44,73.27188940092167,26.728110599078335
base,2286,42,43,69.7841726618705,30.215827338129497
base,2286,42,44,70.93525179856115,29.06474820143885
base,2286,43,44,72.94964028776978,27.05035971223022
base,2295,42,43,73.45597897503285,26.544021024967147
base,2295,42,44,72.79894875164258,27.201051248357423
base,2295,43,44,70.69645203679369,29.303547963206313
base,2308,42,43,60.43956043956044,39.56043956043956
base,2308,42,44,64.52119309262166,35.478806907378335
base,2308,43,44,66.40502354788069,33.594976452119305
base,2323,42,43,74.53703703703704,25.462962962962965
base,2323,42,44,76.85185185185185,23.148148148148152
base,2323,43,44,74.76851851851852,25.231481481481477
base,2329,42,43,58.86524822695035,41.13475177304965
base,2329,42,44,62.4113475177305,37.5886524822695
base,2329,43,44,63.12056737588653,36.87943262411347
base,2330,42,43,42.608695652173914,57.391304347826086
base,2330,42,44,25.217391304347824,74.78260869565217
base,2330,43,44,33.04347826086956,66.95652173913044
base,2332,42,43,61.15702479338842,38.84297520661158
base,2332,42,44,58.40220385674931,41.59779614325069
base,2332,43,44,55.78512396694215,44.21487603305785
base,2358,42,43,75.79617834394905,24.20382165605095
base,2358,42,44,42.675159235668794,57.324840764331206
base,2358,43,44,49.681528662420384,50.318471337579616
base,2362,42,43,27.941176470588236,72.05882352941177
base,2362,42,44,36.76470588235294,63.23529411764706
base,2362,43,44,39.705882352941174,60.29411764705883
base,2378,42,43,69.43620178041543,30.56379821958457
base,2378,42,44,69.73293768545994,30.267062314540063
base,2378,43,44,61.42433234421365,38.57566765578635
base,2379,42,43,64.45783132530121,35.54216867469879
base,2379,42,44,71.6867469879518,28.31325301204819
base,2379,43,44,71.08433734939759,28.915662650602414
base,2400,42,43,73.80952380952381,26.190476190476186
base,2400,42,44,78.27380952380952,21.726190476190478
base,2400,43,44,74.70238095238095,25.297619047619047
base,2404,42,43,76.02591792656588,23.974082073434122
base,2404,42,44,76.88984881209502,23.11015118790497
base,2404,43,44,73.2181425485961,26.78185745140389
base,2405,42,43,70.77244258872652,29.227557411273487
base,2405,42,44,75.78288100208769,24.217118997912312
base,2405,43,44,72.23382045929019,27.766179540709814
base,2413,42,43,70.11884550084889,29.88115449915111
base,2413,42,44,73.68421052631578,26.315789473684216
base,2413,43,44,71.13752122241087,28.86247877758913
base,2425,42,43,61.78343949044586,38.21656050955414
base,2425,42,44,68.78980891719745,31.210191082802552
base,2425,43,44,69.42675159235668,30.573248407643316
base,2440,42,43,58.24175824175825,41.75824175824175
base,2440,42,44,56.043956043956044,43.956043956043956
base,2440,43,44,68.13186813186813,31.868131868131865
base,2450,42,43,77.2893772893773,22.710622710622708
base,2450,42,44,79.85347985347985,20.146520146520142
base,2450,43,44,80.21978021978022,19.780219780219777
base,2488,42,43,77.6595744680851,22.3404255319149
base,2488,42,44,81.91489361702128,18.085106382978722
base,2488,43,44,78.72340425531915,21.276595744680847
base,2500,42,43,64.65517241379311,35.3448275862069
base,2500,42,44,44.827586206896555,55.172413793103445
base,2500,43,44,56.03448275862068,43.96551724137932
base,2513,42,43,75.18142235123368,24.818577648766325
base,2513,42,44,71.55297532656023,28.44702467343977
base,2513,43,44,72.13352685050798,27.866473149492023
base,2522,42,43,41.80327868852459,58.19672131147541
base,2522,42,44,45.08196721311475,54.91803278688525
base,2522,43,44,36.885245901639344,63.11475409836065
base,2528,42,43,71.36929460580913,28.63070539419087
base,2528,42,44,73.02904564315352,26.970954356846477
base,2528,43,44,66.80497925311202,33.19502074688797
base,2534,42,43,74.55012853470437,25.449871465295626
base,2534,42,44,77.37789203084833,22.62210796915167
base,2534,43,44,75.57840616966581,24.42159383033419
base,2546,42,43,64.04657933042213,35.95342066957787
base,2546,42,44,69.5778748180495,30.42212518195051
base,2546,43,44,67.24890829694323,32.751091703056765
base,2554,42,43,79.83539094650206,20.16460905349794
base,2554,42,44,69.54732510288066,30.452674897119337
base,2554,43,44,71.60493827160494,28.395061728395067
base,2556,42,43,75.89928057553958,24.100719424460426
base,2556,42,44,71.22302158273382,28.776978417266186
base,2556,43,44,69.7841726618705,30.215827338129497
base,2563,42,43,70.70707070707071,29.292929292929294
base,2563,42,44,69.1919191919192,30.808080808080806
base,2563,43,44,68.51851851851852,31.481481481481477
base,2572,42,43,69.83695652173914,30.163043478260864
base,2572,42,44,69.56521739130434,30.434782608695656
base,2572,43,44,73.09782608695652,26.90217391304348
base,2574,42,43,71.0691823899371,28.9308176100629
base,2574,42,44,71.0691823899371,28.9308176100629
base,2574,43,44,62.893081761006286,37.106918238993714
base,2599,42,43,71.75,28.249999999999996
base,2599,42,44,72.0,28.000000000000004
base,2599,43,44,72.25,27.749999999999996
base,2601,42,43,58.921161825726145,41.078838174273855
base,2601,42,44,69.29460580912863,30.70539419087137
base,2601,43,44,62.655601659751035,37.344398340248965
base,2616,42,43,65.68627450980392,34.31372549019608
base,2616,42,44,60.29411764705882,39.70588235294118
base,2616,43,44,71.07843137254902,28.921568627450977
base,2622,42,43,65.51724137931035,34.48275862068966
base,2622,42,44,74.48275862068967,25.51724137931034
base,2622,43,44,71.72413793103448,28.27586206896552
base,2627,42,43,69.01960784313725,30.980392156862745
base,2627,42,44,70.19607843137254,29.803921568627455
base,2627,43,44,73.33333333333333,26.66666666666667
base,2636,42,43,69.63350785340315,30.36649214659686
base,2636,42,44,69.10994764397905,30.89005235602095
base,2636,43,44,71.20418848167539,28.79581151832461
base,2652,42,43,52.244165170556556,47.755834829443444
base,2652,42,44,45.421903052064636,54.578096947935364
base,2652,43,44,51.34649910233393,48.65350089766607
base,2661,42,43,73.828125,26.171875
base,2661,42,44,72.265625,27.734375
base,2661,43,44,74.609375,25.390625
base,2672,42,43,70.1492537313433,29.850746268656714
base,2672,42,44,74.6268656716418,25.373134328358205
base,2672,43,44,70.8955223880597,29.104477611940293
base,2692,42,43,62.94820717131474,37.05179282868526
base,2692,42,44,65.93625498007968,34.06374501992032
base,2692,43,44,67.72908366533864,32.27091633466136
base,2705,42,43,68.45238095238095,31.547619047619047
base,2705,42,44,71.42857142857143,28.57142857142857
base,2705,43,44,67.85714285714286,32.14285714285714
base,2727,42,43,76.5432098765432,23.456790123456795
base,2727,42,44,73.14814814814815,26.851851851851848
base,2727,43,44,77.1604938271605,22.839506172839506
base,2728,42,43,58.666666666666664,41.333333333333336
base,2728,42,44,48.0,52.0
base,2728,43,44,56.00000000000001,43.99999999999999
base,2741,42,43,72.74633123689728,27.253668763102723
base,2741,42,44,71.69811320754717,28.301886792452834
base,2741,43,44,75.47169811320755,24.52830188679245
base,2743,42,43,59.7457627118644,40.2542372881356
base,2743,42,44,66.94915254237289,33.05084745762712
base,2743,43,44,58.05084745762712,41.94915254237288
base,2802,42,43,70.95709570957096,29.04290429042904
base,2802,42,44,72.93729372937293,27.062706270627068
base,2802,43,44,76.23762376237624,23.762376237623762
base,2818,42,43,71.92118226600985,28.078817733990146
base,2818,42,44,74.38423645320196,25.615763546798032
base,2818,43,44,80.29556650246306,19.704433497536943
base,2833,42,43,60.50420168067227,39.49579831932773
base,2833,42,44,63.02521008403361,36.97478991596639
base,2833,43,44,62.18487394957983,37.81512605042017
base,2853,42,43,77.68115942028986,22.31884057971014
base,2853,42,44,77.68115942028986,22.31884057971014
base,2853,43,44,75.65217391304347,24.347826086956527
base,2859,42,43,40.14598540145985,59.85401459854014
base,2859,42,44,46.715328467153284,53.284671532846716
base,2859,43,44,54.74452554744526,45.25547445255474
base,2874,42,43,59.183673469387756,40.816326530612244
base,2874,42,44,65.3061224489796,34.693877551020414
base,2874,43,44,57.82312925170068,42.17687074829932
base,2884,42,43,67.5632911392405,32.43670886075949
base,2884,42,44,61.39240506329114,38.60759493670886
base,2884,43,44,63.13291139240506,36.86708860759494
base,2894,42,43,68.15476190476191,31.845238095238095
base,2894,42,44,68.25396825396825,31.746031746031743
base,2894,43,44,68.05555555555556,31.944444444444443
base,2903,42,43,73.10126582278481,26.89873417721519
base,2903,42,44,72.46835443037975,27.531645569620256
base,2903,43,44,70.56962025316456,29.430379746835445
base,2906,42,43,69.75308641975309,30.246913580246915
base,2906,42,44,69.1358024691358,30.864197530864203
base,2906,43,44,74.69135802469135,25.308641975308642
base,2928,42,43,70.0,30.000000000000004
base,2928,42,44,67.89473684210526,32.10526315789474
base,2928,43,44,70.0,30.000000000000004
base,2954,42,43,63.24786324786324,36.75213675213676
base,2954,42,44,24.786324786324787,75.21367521367522
base,2954,43,44,30.76923076923077,69.23076923076923
base,2978,42,43,77.25947521865889,22.740524781341108
base,2978,42,44,74.63556851311954,25.364431486880466
base,2978,43,44,76.67638483965014,23.323615160349853
base,2987,42,43,71.93877551020408,28.061224489795922
base,2987,42,44,69.64285714285714,30.35714285714286
base,2987,43,44,73.72448979591837,26.27551020408163
base,2993,42,43,70.72243346007605,29.27756653992395
base,2993,42,44,66.15969581749049,33.840304182509506
base,2993,43,44,69.20152091254754,30.798479087452467
base,2996,42,43,70.44534412955466,29.554655870445345
base,2996,42,44,75.30364372469636,24.696356275303643
base,2996,43,44,68.42105263157895,31.57894736842105
base,3027,42,43,74.18351477449455,25.81648522550545
base,3027,42,44,78.22706065318819,21.772939346811814
base,3027,43,44,74.4945567651633,25.5054432348367
base,3032,42,43,57.42574257425742,42.57425742574258
base,3032,42,44,64.35643564356435,35.64356435643564
base,3032,43,44,62.37623762376238,37.62376237623762
base,3033,42,43,72.38805970149254,27.611940298507463
base,3033,42,44,76.86567164179104,23.134328358208954
base,3033,43,44,73.88059701492537,26.119402985074625
base,3045,42,43,56.043956043956044,43.956043956043956
base,3045,42,44,51.098901098901095,48.901098901098905
base,3045,43,44,47.8021978021978,52.19780219780219
base,3049,42,43,69.73684210526315,30.263157894736846
base,3049,42,44,65.13157894736842,34.86842105263158
base,3049,43,44,69.73684210526315,30.263157894736846
base,3080,42,43,78.125,21.875
base,3080,42,44,75.56818181818183,24.431818181818176
base,3080,43,44,81.5340909090909,18.465909090909093
base,3081,42,43,68.13880126182966,31.861198738170348
base,3081,42,44,71.29337539432177,28.706624605678233
base,3081,43,44,71.92429022082018,28.075709779179814
base,3095,42,43,66.66666666666666,33.333333333333336
base,3095,42,44,65.38461538461539,34.61538461538461
base,3095,43,44,76.92307692307693,23.076923076923073
base,3097,42,43,66.5314401622718,33.46855983772819
base,3097,42,44,71.6024340770791,28.397565922920897
base,3097,43,44,71.19675456389453,28.803245436105474
base,3104,42,43,65.92592592592592,34.074074074074076
base,3104,42,44,68.14814814814815,31.851851851851855
base,3104,43,44,61.48148148148148,38.51851851851852
base,3155,42,43,76.95035460992908,23.04964539007093
base,3155,42,44,78.72340425531915,21.276595744680847
base,3155,43,44,82.62411347517731,17.375886524822693
base,3175,42,43,64.2691415313225,35.730858468677496
base,3175,42,44,58.23665893271461,41.76334106728539
base,3175,43,44,61.94895591647332,38.05104408352668
base,3182,42,43,76.53061224489795,23.469387755102044
base,3182,42,44,54.59183673469388,45.40816326530612
base,3182,43,44,65.81632653061224,34.183673469387756
base,3183,42,43,75.90361445783132,24.096385542168676
base,3183,42,44,71.6867469879518,28.31325301204819
base,3183,43,44,69.87951807228916,30.12048192771084
base,3188,42,43,64.08839779005525,35.911602209944746
base,3188,42,44,59.392265193370164,40.607734806629836
base,3188,43,44,58.83977900552486,41.16022099447514
base,3197,42,43,70.41420118343196,29.585798816568044
base,3197,42,44,68.24457593688363,31.755424063116365
base,3197,43,44,69.23076923076923,30.76923076923077
base,3199,42,43,75.0,25.0
base,3199,42,44,82.4074074074074,17.59259259259259
base,3199,43,44,80.55555555555556,19.444444444444443
base,3217,42,43,73.39449541284404,26.60550458715596
base,3217,42,44,80.73394495412845,19.266055045871553
base,3217,43,44,80.27522935779817,19.72477064220184
base,3225,42,43,68.77551020408164,31.224489795918366
base,3225,42,44,66.3265306122449,33.673469387755105
base,3225,43,44,70.40816326530613,29.591836734693878
base,3236,42,43,67.44186046511628,32.55813953488372
base,3236,42,44,66.97674418604652,33.02325581395349
base,3236,43,44,58.6046511627907,41.3953488372093
base,3241,42,43,72.24334600760456,27.756653992395442
base,3241,42,44,71.48288973384031,28.517110266159694
base,3241,43,44,68.25095057034221,31.749049429657795
base,3248,42,43,76.36363636363637,23.636363636363633
base,3248,42,44,73.81818181818181,26.181818181818183
base,3248,43,44,79.63636363636364,20.36363636363636
base,3252,42,43,58.174904942965775,41.825095057034225
base,3252,42,44,57.03422053231939,42.96577946768061
base,3252,43,44,62.3574144486692,37.6425855513308
base,3256,42,43,75.0,25.0
base,3256,42,44,71.73913043478261,28.260869565217394
base,3256,43,44,72.82608695652173,27.173913043478258
base,3257,42,43,66.3677130044843,33.63228699551569
base,3257,42,44,69.95515695067265,30.04484304932735
base,3257,43,44,66.3677130044843,33.63228699551569
base,3268,42,43,75.93283582089553,24.067164179104473
base,3268,42,44,73.69402985074626,26.30597014925373
base,3268,43,44,74.25373134328358,25.74626865671642
base,3269,42,43,66.50485436893204,33.495145631067956
base,3269,42,44,77.9126213592233,22.0873786407767
base,3269,43,44,71.84466019417476,28.155339805825243
base,3272,42,43,80.3030303030303,19.696969696969703
base,3272,42,44,78.4090909090909,21.590909090909093
base,3272,43,44,81.06060606060606,18.939393939393945
base,3274,42,43,57.66550522648084,42.33449477351916
base,3274,42,44,47.038327526132406,52.961672473867594
base,3274,43,44,47.73519163763066,52.26480836236933
base,3275,42,43,68.39080459770115,31.60919540229885
base,3275,42,44,71.26436781609196,28.735632183908045
base,3275,43,44,68.96551724137932,31.034482758620683
base,3305,42,43,77.17948717948718,22.820512820512818
base,3305,42,44,80.51282051282051,19.487179487179485
base,3305,43,44,81.02564102564102,18.974358974358974
base,3306,42,43,72.26173541963016,27.738264580369844
base,3306,42,44,72.26173541963016,27.738264580369844
base,3306,43,44,72.26173541963016,27.738264580369844
base,3321,42,43,79.82456140350878,20.175438596491226
base,3321,42,44,74.56140350877193,25.438596491228072
base,3321,43,44,85.96491228070175,14.035087719298245
base,3354,42,43,70.7581227436823,29.241877256317693
base,3354,42,44,71.84115523465704,28.158844765342963
base,3354,43,44,71.29963898916968,28.70036101083032
base,3361,42,43,70.7171314741036,29.28286852589641
base,3361,42,44,67.92828685258964,32.071713147410364
base,3361,43,44,70.91633466135458,29.083665338645414
base,3410,42,43,72.8395061728395,27.160493827160494
base,3410,42,44,75.48500881834215,24.51499118165785
base,3410,43,44,74.60317460317461,25.396825396825395
base,3423,42,43,68.762278978389,31.237721021610998
base,3423,42,44,67.77996070726915,32.22003929273084
base,3423,43,44,70.53045186640472,29.469548133595282
base,3427,42,43,42.01183431952663,57.98816568047338
base,3427,42,44,49.112426035502956,50.88757396449704
base,3427,43,44,42.01183431952663,57.98816568047338
base,3429,42,43,70.58823529411765,29.411764705882348
base,3429,42,44,74.2081447963801,25.791855203619907
base,3429,43,44,73.7556561085973,26.24434389140271
base,3436,42,43,67.5531914893617,32.446808510638306
base,3436,42,44,63.829787234042556,36.170212765957444
base,3436,43,44,62.23404255319149,37.76595744680851
base,3509,42,43,62.698412698412696,37.301587301587304
base,3509,42,44,68.25396825396825,31.746031746031743
base,3509,43,44,70.63492063492063,29.36507936507936
base,3510,42,43,80.2919708029197,19.70802919708029
base,3510,42,44,83.75912408759125,16.240875912408757
base,3510,43,44,79.74452554744525,20.255474452554743
base,3532,42,43,72.8395061728395,27.160493827160494
base,3532,42,44,80.24691358024691,19.753086419753085
base,3532,43,44,87.65432098765432,12.345679012345679
base,3542,42,43,51.28205128205128,48.71794871794872
base,3542,42,44,47.43589743589743,52.56410256410257
base,3542,43,44,70.51282051282051,29.487179487179482
base,3564,42,43,80.59071729957806,19.409282700421937
base,3564,42,44,76.79324894514767,23.206751054852326
base,3564,43,44,77.63713080168776,22.36286919831224
base,3567,42,43,68.75,31.25
base,3567,42,44,72.22222222222221,27.77777777777778
base,3567,43,44,68.05555555555556,31.944444444444443
base,3581,42,43,69.38775510204081,30.612244897959183
base,3581,42,44,54.421768707483,45.578231292517
base,3581,43,44,60.544217687074834,39.455782312925166
base,3585,42,43,68.39080459770115,31.60919540229885
base,3585,42,44,64.36781609195403,35.63218390804598
base,3585,43,44,74.71264367816092,25.287356321839084
base,3586,42,43,75.8530183727034,24.146981627296594
base,3586,42,44,76.11548556430446,23.884514435695536
base,3586,43,44,80.5774278215223,19.422572178477694
base,3629,42,43,71.53846153846153,28.46153846153846
base,3629,42,44,69.74358974358974,30.25641025641026
base,3629,43,44,72.56410256410255,27.435897435897438
base,3649,42,43,67.05882352941175,32.94117647058824
base,3649,42,44,70.0,30.000000000000004
base,3649,43,44,72.6470588235294,27.35294117647059
base,3669,42,43,75.56053811659193,24.439461883408075
base,3669,42,44,73.54260089686099,26.45739910313901
base,3669,43,44,73.31838565022422,26.681614349775785
base,3672,42,43,66.66666666666666,33.333333333333336
base,3672,42,44,67.5,32.49999999999999
base,3672,43,44,67.5,32.49999999999999
base,3677,42,43,74.35897435897436,25.64102564102564
base,3677,42,44,74.35897435897436,25.64102564102564
base,3677,43,44,77.56410256410257,22.435897435897434
base,3680,42,43,71.69811320754717,28.301886792452834
base,3680,42,44,69.81132075471697,30.188679245283023
base,3680,43,44,65.09433962264151,34.905660377358494
base,3683,42,43,77.80458383594693,22.19541616405307
base,3683,42,44,75.75392038600724,24.246079613992766
base,3683,43,44,76.7189384800965,23.281061519903503
base,3684,42,43,68.08510638297872,31.914893617021278
base,3684,42,44,64.74164133738601,35.258358662613986
base,3684,43,44,68.08510638297872,31.914893617021278
base,3694,42,43,73.20441988950276,26.79558011049724
base,3694,42,44,75.41436464088397,24.58563535911602
base,3694,43,44,75.96685082872928,24.03314917127072
base,3702,42,43,76.15176151761518,23.848238482384822
base,3702,42,44,73.17073170731707,26.82926829268293
base,3702,43,44,71.00271002710026,28.997289972899733
base,3718,42,43,54.11764705882353,45.88235294117647
base,3718,42,44,50.588235294117645,49.411764705882355
base,3718,43,44,60.0,40.0
base,3722,42,43,74.23312883435584,25.76687116564417
base,3722,42,44,76.68711656441718,23.31288343558282
base,3722,43,44,77.91411042944786,22.08588957055214
base,3728,42,43,61.495844875346265,38.504155124653735
base,3728,42,44,72.57617728531855,27.423822714681446
base,3728,43,44,62.04986149584487,37.95013850415513
base,3748,42,43,73.71794871794873,26.282051282051277
base,3748,42,44,78.2051282051282,21.794871794871796
base,3748,43,44,76.28205128205127,23.717948717948723
base,3752,42,43,69.91643454038997,30.08356545961003
base,3752,42,44,71.3091922005571,28.690807799442897
base,3752,43,44,68.80222841225627,31.197771587743727
base,3762,42,43,77.09923664122137,22.90076335877863
base,3762,42,44,78.62595419847328,21.37404580152672
base,3762,43,44,77.86259541984732,22.137404580152676
base,3771,42,43,65.48672566371681,34.51327433628318
base,3771,42,44,61.06194690265486,38.93805309734514
base,3771,43,44,73.89380530973452,26.106194690265482
base,3774,42,43,80.46875,19.53125
base,3774,42,44,76.953125,23.046875
base,3774,43,44,78.90625,21.09375
base,3776,42,43,72.19251336898395,27.807486631016044
base,3776,42,44,73.61853832442068,26.38146167557932
base,3776,43,44,68.09269162210339,31.907308377896616
base,3783,42,43,70.29702970297029,29.702970297029708
base,3783,42,44,69.63696369636963,30.363036303630363
base,3783,43,44,72.93729372937293,27.062706270627068
base,3816,42,43,85.25345622119815,14.746543778801847
base,3816,42,44,84.7926267281106,15.207373271889402
base,3816,43,44,87.09677419354838,12.903225806451612
base,3818,42,43,71.47147147147147,28.52852852852853
base,3818,42,44,69.66966966966966,30.330330330330334
base,3818,43,44,71.77177177177178,28.228228228228225
base,3831,42,43,70.41884816753927,29.581151832460726
base,3831,42,44,69.89528795811518,30.104712041884817
base,3831,43,44,69.50261780104712,30.497382198952884
base,3838,42,43,64.56310679611651,35.43689320388349
base,3838,42,44,63.10679611650486,36.89320388349514
base,3838,43,44,69.90291262135922,30.097087378640776
base,3840,42,43,73.54838709677419,26.451612903225808
base,3840,42,44,73.54838709677419,26.451612903225808
base,3840,43,44,76.77419354838709,23.225806451612907
base,3852,42,43,73.75201288244766,26.24798711755234
base,3852,42,44,69.08212560386472,30.917874396135268
base,3852,43,44,70.37037037037037,29.629629629629626
base,3853,42,43,75.29411764705883,24.705882352941178
base,3853,42,44,78.82352941176471,21.176470588235297
base,3853,43,44,82.35294117647058,17.647058823529417
base,3855,42,43,65.53398058252428,34.46601941747572
base,3855,42,44,71.35922330097088,28.640776699029125
base,3855,43,44,71.35922330097088,28.640776699029125
base,3859,42,43,53.78787878787878,46.21212121212122
base,3859,42,44,48.10606060606061,51.89393939393939
base,3859,43,44,62.121212121212125,37.878787878787875
base,3872,42,43,57.94117647058824,42.05882352941176
base,3872,42,44,50.0,50.0
base,3872,43,44,53.529411764705884,46.470588235294116
base,3879,42,43,70.17543859649122,29.824561403508774
base,3879,42,44,70.6140350877193,29.385964912280706
base,3879,43,44,74.56140350877193,25.438596491228072
base,3895,42,43,76.89768976897689,23.102310231023104
base,3895,42,44,78.21782178217822,21.78217821782178
base,3895,43,44,79.53795379537954,20.462046204620464
base,3904,42,43,81.08108108108108,18.918918918918916
base,3904,42,44,74.32432432432432,25.67567567567568
base,3904,43,44,74.32432432432432,25.67567567567568
base,3913,42,43,68.45930232558139,31.540697674418606
base,3913,42,44,62.93604651162791,37.06395348837209
base,3913,43,44,59.883720930232556,40.116279069767444
base,3923,42,43,78.94736842105263,21.052631578947366
base,3923,42,44,77.89473684210526,22.10526315789474
base,3923,43,44,72.63157894736842,27.368421052631575
base,3926,42,43,72.31270358306189,27.68729641693811
base,3926,42,44,72.63843648208469,27.36156351791531
base,3926,43,44,72.47557003257329,27.524429967426713
base,3937,42,43,75.81699346405229,24.183006535947715
base,3937,42,44,66.01307189542483,33.98692810457516
base,3937,43,44,76.47058823529412,23.529411764705888
base,3948,42,43,66.66666666666666,33.333333333333336
base,3948,42,44,65.57377049180327,34.42622950819673
base,3948,43,44,65.57377049180327,34.42622950819673
base,3950,42,43,65.4228855721393,34.5771144278607
base,3950,42,44,68.40796019900498,31.59203980099502
base,3950,43,44,71.64179104477611,28.358208955223883
base,3974,42,43,55.223880597014926,44.776119402985074
base,3974,42,44,74.6268656716418,25.373134328358205
base,3974,43,44,58.2089552238806,41.7910447761194
base,3980,42,43,69.1086691086691,30.89133089133089
base,3980,42,44,69.23076923076923,30.76923076923077
base,3980,43,44,66.42246642246641,33.57753357753358
base,3981,42,43,76.84478371501272,23.15521628498728
base,3981,42,44,74.04580152671755,25.954198473282442
base,3981,43,44,79.13486005089058,20.865139949109412
base,3983,42,43,72.88135593220339,27.118644067796616
base,3983,42,44,80.08474576271186,19.91525423728814
base,3983,43,44,76.69491525423729,23.305084745762716
base,4001,42,43,69.43820224719101,30.561797752808985
base,4001,42,44,70.78651685393258,29.21348314606742
base,4001,43,44,67.86516853932584,32.134831460674164
base,4016,42,43,71.74603174603175,28.253968253968253
base,4016,42,44,70.8994708994709,29.100529100529105
base,4016,43,44,70.58201058201058,29.41798941798942
base,4019,42,43,36.27450980392157,63.725490196078425
base,4019,42,44,47.05882352941176,52.94117647058824
base,4019,43,44,39.21568627450981,60.7843137254902
base,4024,42,43,84.04255319148936,15.957446808510634
base,4024,42,44,78.72340425531915,21.276595744680847
base,4024,43,44,80.85106382978722,19.14893617021277
base,4032,42,43,65.94827586206897,34.05172413793104
base,4032,42,44,65.51724137931035,34.48275862068966
base,4032,43,44,72.41379310344827,27.586206896551722
base,4039,42,43,76.4367816091954,23.563218390804597
base,4039,42,44,75.0,25.0
base,4039,43,44,74.42528735632183,25.574712643678165
base,4061,42,43,72.63157894736842,27.368421052631575
base,4061,42,44,72.5,27.500000000000004
base,4061,43,44,69.21052631578948,30.78947368421052
base,4071,42,43,73.5191637630662,26.480836236933804
base,4071,42,44,78.397212543554,21.602787456445995
base,4071,43,44,73.17073170731707,26.82926829268293
base,4073,42,43,67.03296703296702,32.96703296703297
base,4073,42,44,70.87912087912088,29.120879120879117
base,4073,43,44,66.20879120879121,33.791208791208796
base,4074,42,43,43.23144104803494,56.76855895196506
base,4074,42,44,48.47161572052402,51.52838427947598
base,4074,43,44,57.20524017467249,42.79475982532751
base,4078,42,43,58.46560846560847,41.53439153439153
base,4078,42,44,50.79365079365079,49.20634920634921
base,4078,43,44,55.55555555555556,44.44444444444444
base,4081,42,43,48.739495798319325,51.26050420168067
base,4081,42,44,52.94117647058824,47.05882352941176
base,4081,43,44,34.45378151260504,65.54621848739495
base,4084,42,43,40.723981900452486,59.276018099547514
base,4084,42,44,46.15384615384615,53.84615384615385
base,4084,43,44,57.01357466063348,42.98642533936652
base,4096,42,43,55.39568345323741,44.60431654676259
base,4096,42,44,13.66906474820144,86.33093525179856
base,4096,43,44,11.510791366906476,88.48920863309353
base,4121,42,43,63.67713004484305,36.32286995515695
base,4121,42,44,60.53811659192825,39.46188340807175
base,4121,43,44,61.88340807174888,38.11659192825112
base,4167,42,43,51.93798449612403,48.06201550387597
base,4167,42,44,48.837209302325576,51.162790697674424
base,4167,43,44,55.81395348837209,44.18604651162791
base,4174,42,43,76.38888888888889,23.611111111111114
base,4174,42,44,74.53703703703704,25.462962962962965
base,4174,43,44,76.38888888888889,23.611111111111114
base,4188,42,43,55.73770491803278,44.26229508196722
base,4188,42,44,52.459016393442624,47.540983606557376
base,4188,43,44,62.295081967213115,37.704918032786885
base,4189,42,43,72.0873786407767,27.9126213592233
base,4189,42,44,70.63106796116504,29.36893203883495
base,4189,43,44,69.66019417475728,30.339805825242717
base,4191,42,43,58.333333333333336,41.666666666666664
base,4191,42,44,56.08108108108109,43.91891891891891
base,4191,43,44,56.531531531531535,43.468468468468465
base,4198,42,43,74.03381642512076,25.96618357487923
base,4198,42,44,70.89371980676329,29.10628019323671
base,4198,43,44,71.85990338164251,28.14009661835749
base,4208,42,43,67.37967914438502,32.62032085561497
base,4208,42,44,63.63636363636363,36.36363636363637
base,4208,43,44,63.903743315508024,36.096256684491976
base,4231,42,43,76.76767676767676,23.23232323232324
base,4231,42,44,70.2020202020202,29.7979797979798
base,4231,43,44,76.76767676767676,23.23232323232324
base,4248,42,43,69.33797909407666,30.66202090592335
base,4248,42,44,67.59581881533101,32.40418118466899
base,4248,43,44,64.80836236933798,35.19163763066202
base,4277,42,43,13.274336283185843,86.72566371681415
base,4277,42,44,7.079646017699115,92.92035398230088
base,4277,43,44,10.619469026548673,89.38053097345133
base,4307,42,43,54.807692307692314,45.192307692307686
base,4307,42,44,7.6923076923076925,92.3076923076923
base,4307,43,44,4.807692307692308,95.1923076923077
base,4338,42,43,81.63841807909604,18.36158192090396
base,4338,42,44,81.63841807909604,18.36158192090396
base,4338,43,44,79.66101694915254,20.33898305084746
base,4339,42,43,70.0,30.000000000000004
base,4339,42,44,66.0,34.0
base,4339,43,44,76.66666666666667,23.33333333333333
base,4366,42,43,68.98047722342733,31.01952277657267
base,4366,42,44,68.32971800433839,31.670281995661608
base,4366,43,44,69.84815618221259,30.151843817787416
base,4430,42,43,63.01075268817205,36.98924731182795
base,4430,42,44,62.365591397849464,37.634408602150536
base,4430,43,44,51.82795698924731,48.17204301075269
base,4444,42,43,68.31395348837209,31.686046511627907
base,4444,42,44,72.96511627906976,27.034883720930235
base,4444,43,44,68.31395348837209,31.686046511627907
base,4450,42,43,83.13253012048193,16.867469879518072
base,4450,42,44,71.08433734939759,28.915662650602414
base,4450,43,44,77.10843373493977,22.891566265060238
base,4460,42,43,82.37885462555066,17.62114537444934
base,4460,42,44,71.36563876651982,28.634361233480178
base,4460,43,44,77.09251101321586,22.90748898678414
base,4473,42,43,60.86956521739131,39.13043478260869
base,4473,42,44,53.2608695652174,46.7391304347826
base,4473,43,44,50.0,50.0
base,4477,42,43,50.0,50.0
base,4477,42,44,61.95652173913043,38.04347826086957
base,4477,43,44,56.52173913043478,43.47826086956522
base,4482,42,43,77.91666666666667,22.083333333333332
base,4482,42,44,78.75,21.250000000000004
base,4482,43,44,78.75,21.250000000000004
base,4494,42,43,82.6530612244898,17.3469387755102
base,4494,42,44,83.6734693877551,16.326530612244895
base,4494,43,44,83.6734693877551,16.326530612244895
base,4504,42,43,75.95505617977528,24.044943820224717
base,4504,42,44,68.53932584269663,31.46067415730337
base,4504,43,44,71.68539325842697,28.314606741573034
base,4519,42,43,79.85347985347985,20.146520146520142
base,4519,42,44,80.03663003663004,19.96336996336996
base,4519,43,44,79.85347985347985,20.146520146520142
base,4520,42,43,57.67195767195767,42.32804232804233
base,4520,42,44,73.01587301587301,26.984126984126988
base,4520,43,44,62.96296296296296,37.03703703703704
base,4529,42,43,70.71428571428572,29.28571428571428
base,4529,42,44,68.57142857142857,31.428571428571427
base,4529,43,44,68.57142857142857,31.428571428571427
base,4550,42,43,46.49122807017544,53.50877192982456
base,4550,42,44,56.14035087719298,43.85964912280702
base,4550,43,44,60.526315789473685,39.473684210526315
base,4555,42,43,79.08496732026144,20.915032679738566
base,4555,42,44,76.47058823529412,23.529411764705888
base,4555,43,44,76.47058823529412,23.529411764705888
base,4576,42,43,59.61538461538461,40.38461538461539
base,4576,42,44,60.57692307692307,39.42307692307693
base,4576,43,44,65.38461538461539,34.61538461538461
base,4599,42,43,65.929203539823,34.070796460176986
base,4599,42,44,73.00884955752213,26.991150442477874
base,4599,43,44,73.89380530973452,26.106194690265482
base,4641,42,43,67.97752808988764,32.02247191011236
base,4641,42,44,68.82022471910112,31.17977528089888
base,4641,43,44,67.97752808988764,32.02247191011236
base,4650,42,43,80.15695067264575,19.843049327354258
base,4650,42,44,83.6322869955157,16.367713004484308
base,4650,43,44,80.04484304932735,19.95515695067265
base,4685,42,43,76.66034155597723,23.33965844402277
base,4685,42,44,73.43453510436433,26.56546489563567
base,4685,43,44,74.19354838709677,25.806451612903224
base,4703,42,43,65.67164179104478,34.32835820895522
base,4703,42,44,67.80383795309169,32.19616204690831
base,4703,43,44,69.7228144989339,30.277185501066096
base,4705,42,43,72.8538283062645,27.1461716937355
base,4705,42,44,73.08584686774941,26.914153132250583
base,4705,43,44,77.03016241299304,22.969837587006957
base,4706,42,43,76.99619771863118,23.003802281368824
base,4706,42,44,70.91254752851711,29.087452471482887
base,4706,43,44,72.24334600760456,27.756653992395442
base,4714,42,43,43.53312302839117,56.46687697160884
base,4714,42,44,48.89589905362776,51.104100946372235
base,4714,43,44,52.6813880126183,47.3186119873817
base,4722,42,43,69.46454413892909,30.535455861070915
base,4722,42,44,73.37192474674384,26.628075253256156
base,4722,43,44,69.75397973950795,30.246020260492045
base,4727,42,43,82.38341968911918,17.616580310880824
base,4727,42,44,80.82901554404145,19.17098445595855
base,4727,43,44,84.4559585492228,15.544041450777202
base,4728,42,43,71.76079734219269,28.239202657807304
base,4728,42,44,76.0797342192691,23.920265780730897
base,4728,43,44,76.0797342192691,23.920265780730897
base,4751,42,43,64.47368421052632,35.526315789473685
base,4751,42,44,81.57894736842105,18.42105263157895
base,4751,43,44,69.73684210526315,30.263157894736846
base,4763,42,43,76.5873015873016,23.412698412698408
base,4763,42,44,79.36507936507937,20.63492063492064
base,4763,43,44,70.63492063492063,29.36507936507936
base,4795,42,43,69.36416184971098,30.63583815028902
base,4795,42,44,57.61078998073218,42.38921001926782
base,4795,43,44,58.95953757225434,41.04046242774566
base,4812,42,43,78.66108786610879,21.338912133891206
base,4812,42,44,67.78242677824268,32.21757322175732
base,4812,43,44,70.29288702928869,29.707112970711304
base,4824,42,43,61.048158640226625,38.951841359773375
base,4824,42,44,57.50708215297451,42.49291784702549
base,4824,43,44,47.875354107648725,52.124645892351275
base,4826,42,43,62.30366492146597,37.69633507853403
base,4826,42,44,71.72774869109948,28.272251308900522
base,4826,43,44,63.35078534031413,36.64921465968587
base,4828,42,43,60.40609137055838,39.59390862944162
base,4828,42,44,59.390862944162436,40.609137055837564
base,4828,43,44,65.98984771573603,34.01015228426396
base,4844,42,43,70.09345794392523,29.90654205607477
base,4844,42,44,72.89719626168224,27.10280373831776
base,4844,43,44,68.22429906542055,31.775700934579444
base,4852,42,43,71.08433734939759,28.915662650602414
base,4852,42,44,71.08433734939759,28.915662650602414
base,4852,43,44,73.25301204819277,26.746987951807235
base,4868,42,43,75.97402597402598,24.02597402597403
base,4868,42,44,69.48051948051948,30.519480519480524
base,4868,43,44,71.42857142857143,28.57142857142857
base,4878,42,43,60.526315789473685,39.473684210526315
base,4878,42,44,58.333333333333336,41.666666666666664
base,4878,43,44,69.73684210526315,30.263157894736846
base,4882,42,43,67.74193548387096,32.25806451612904
base,4882,42,44,64.83870967741936,35.16129032258064
base,4882,43,44,64.35483870967742,35.64516129032258
base,4890,42,43,64.07766990291263,35.922330097087375
base,4890,42,44,64.07766990291263,35.922330097087375
base,4890,43,44,53.398058252427184,46.601941747572816
base,4894,42,43,62.45733788395904,37.54266211604096
base,4894,42,44,56.20022753128555,43.79977246871445
base,4894,43,44,57.110352673492606,42.889647326507394
base,4906,42,43,77.46478873239437,22.535211267605636
base,4906,42,44,77.46478873239437,22.535211267605636
base,4906,43,44,77.69953051643192,22.300469483568076
base,4928,42,43,67.53246753246754,32.467532467532465
base,4928,42,44,62.33766233766234,37.66233766233766
base,4928,43,44,62.33766233766234,37.66233766233766
base,4935,42,43,73.42105263157895,26.57894736842106
base,4935,42,44,75.78947368421053,24.210526315789473
base,4935,43,44,73.42105263157895,26.57894736842106
base,4974,42,43,74.8502994011976,25.149700598802394
base,4974,42,44,76.64670658682635,23.35329341317365
base,4974,43,44,70.65868263473054,29.34131736526946
base,4997,42,43,67.34434561626429,32.65565438373571
base,4997,42,44,69.50444726810674,30.495552731893262
base,4997,43,44,66.70902160101652,33.29097839898348
base,4999,42,43,71.83098591549296,28.169014084507037
base,4999,42,44,72.53521126760563,27.464788732394364
base,4999,43,44,74.64788732394366,25.352112676056336
base,5003,42,43,66.93227091633466,33.06772908366534
base,5003,42,44,65.73705179282868,34.26294820717132
base,5003,43,44,71.11553784860558,28.88446215139442
base,5008,42,43,68.76513317191282,31.23486682808717
base,5008,42,44,64.16464891041163,35.83535108958837
base,5008,43,44,75.78692493946731,24.213075060532685
base,5025,42,43,58.44748858447488,41.55251141552512
base,5025,42,44,55.25114155251142,44.74885844748858
base,5025,43,44,68.4931506849315,31.506849315068497
base,5037,42,43,71.58176943699732,28.418230563002677
base,5037,42,44,76.94369973190348,23.056300268096518
base,5037,43,44,72.11796246648794,27.88203753351206
base,5040,42,43,64.38356164383562,35.61643835616438
base,5040,42,44,56.849315068493155,43.150684931506845
base,5040,43,44,68.4931506849315,31.506849315068497
base,5051,42,43,74.09638554216868,25.903614457831324
base,5051,42,44,68.67469879518072,31.32530120481928
base,5051,43,44,73.49397590361446,26.506024096385538
base,5055,42,43,67.79661016949152,32.20338983050848
base,5055,42,44,69.49152542372882,30.508474576271183
base,5055,43,44,70.76271186440678,29.23728813559322
base,5065,42,43,73.41549295774648,26.584507042253524
base,5065,42,44,72.53521126760563,27.464788732394364
base,5065,43,44,75.0,25.0
base,5070,42,43,76.15658362989323,23.843416370106763
base,5070,42,44,74.37722419928826,25.62277580071174
base,5070,43,44,72.24199288256227,27.75800711743772
base,5076,42,43,78.2122905027933,21.78770949720671
base,5076,42,44,79.14338919925513,20.85661080074488
base,5076,43,44,77.09497206703911,22.9050279329609
base,5080,42,43,70.96774193548387,29.032258064516125
base,5080,42,44,69.89247311827957,30.107526881720425
base,5080,43,44,69.89247311827957,30.107526881720425
base,5088,42,43,78.4503631961259,21.549636803874094
base,5088,42,44,78.69249394673123,21.307506053268767
base,5088,43,44,77.4818401937046,22.5181598062954
base,5089,42,43,55.55555555555556,44.44444444444444
base,5089,42,44,69.44444444444444,30.555555555555557
base,5089,43,44,63.888888888888886,36.111111111111114
base,5095,42,43,72.22222222222221,27.77777777777778
base,5095,42,44,73.88888888888889,26.111111111111107
base,5095,43,44,65.55555555555556,34.44444444444444
base,5123,42,43,72.41962774957699,27.580372250423014
base,5123,42,44,72.08121827411168,27.91878172588832
base,5123,43,44,70.72758037225042,29.272419627749578
base,5131,42,43,67.81609195402298,32.18390804597702
base,5131,42,44,62.06896551724138,37.93103448275862
base,5131,43,44,66.66666666666666,33.333333333333336
base,5138,42,43,69.28571428571428,30.714285714285715
base,5138,42,44,70.0,30.000000000000004
base,5138,43,44,75.35714285714286,24.642857142857146
base,5150,42,43,74.07407407407408,25.92592592592593
base,5150,42,44,73.66255144032921,26.337448559670783
base,5150,43,44,69.95884773662551,30.04115226337448
base,5165,42,43,69.32114882506526,30.678851174934728
base,5165,42,44,71.40992167101827,28.590078328981726
base,5165,43,44,75.58746736292427,24.412532637075724
base,5173,42,43,48.547008547008545,51.45299145299145
base,5173,42,44,47.179487179487175,52.820512820512825
base,5173,43,44,59.82905982905983,40.17094017094017
base,5177,42,43,77.99043062200957,22.009569377990434
base,5177,42,44,74.16267942583733,25.837320574162682
base,5177,43,44,72.24880382775119,27.751196172248804
base,5181,42,43,69.23076923076923,30.76923076923077
base,5181,42,44,74.55621301775149,25.44378698224852
base,5181,43,44,64.49704142011834,35.502958579881664
base,5187,42,43,73.15789473684211,26.84210526315789
base,5187,42,44,76.44736842105263,23.55263157894737
base,5187,43,44,77.10526315789473,22.894736842105267
base,5197,42,43,76.37795275590551,23.62204724409449
base,5197,42,44,73.22834645669292,26.77165354330708
base,5197,43,44,69.29133858267717,30.708661417322837
base,5206,42,43,67.32673267326733,32.67326732673267
base,5206,42,44,74.25742574257426,25.742574257425744
base,5206,43,44,68.31683168316832,31.68316831683168
base,5214,42,43,64.49704142011834,35.502958579881664
base,5214,42,44,72.7810650887574,27.2189349112426
base,5214,43,44,74.55621301775149,25.44378698224852
base,5234,42,43,69.2982456140351,30.701754385964907
base,5234,42,44,69.5906432748538,30.409356725146196
base,5234,43,44,73.83040935672514,26.169590643274855
base,5242,42,43,68.07511737089203,31.924882629107977
base,5242,42,44,69.17057902973396,30.829420970266042
base,5242,43,44,71.67449139280126,28.325508607198746
base,5243,42,43,68.0,31.999999999999996
base,5243,42,44,68.0,31.999999999999996
base,5243,43,44,68.92307692307692,31.07692307692308
base,5255,42,43,47.549019607843135,52.450980392156865
base,5255,42,44,49.50980392156863,50.49019607843137
base,5255,43,44,31.372549019607842,68.62745098039215
base,5264,42,43,72.77227722772277,27.22772277227723
base,5264,42,44,71.03960396039604,28.960396039603964
base,5264,43,44,73.51485148514851,26.48514851485149
base,5279,42,43,49.77168949771689,50.228310502283115
base,5279,42,44,71.68949771689498,28.31050228310502
base,5279,43,44,47.03196347031963,52.96803652968036
base,5298,42,43,71.5909090909091,28.409090909090907
base,5298,42,44,67.04545454545455,32.95454545454546
base,5298,43,44,72.72727272727273,27.27272727272727
base,5317,42,43,77.50556792873051,22.494432071269486
base,5317,42,44,79.73273942093542,20.267260579064583
base,5317,43,44,78.39643652561247,21.60356347438753
base,5338,42,43,62.14689265536724,37.85310734463276
base,5338,42,44,64.97175141242938,35.02824858757062
base,5338,43,44,61.5819209039548,38.4180790960452
base,5339,42,43,66.50366748166259,33.49633251833741
base,5339,42,44,66.01466992665037,33.98533007334963
base,5339,43,44,64.54767726161369,35.45232273838631
base,5340,42,43,64.39393939393939,35.60606060606061
base,5340,42,44,68.18181818181817,31.818181818181824
base,5340,43,44,69.6969696969697,30.303030303030297
base,5354,42,43,73.22834645669292,26.77165354330708
base,5354,42,44,67.71653543307087,32.28346456692913
base,5354,43,44,69.29133858267717,30.708661417322837
base,5373,42,43,71.94719471947195,28.052805280528048
base,5373,42,44,70.29702970297029,29.702970297029708
base,5373,43,44,75.9075907590759,24.092409240924095
base,5380,42,43,80.0,19.999999999999996
base,5380,42,44,77.5,22.499999999999996
base,5380,43,44,82.5,17.500000000000004
base,5394,42,43,36.50190114068441,63.49809885931559
base,5394,42,44,42.20532319391635,57.79467680608366
base,5394,43,44,38.40304182509506,61.596958174904934
base,5423,42,43,24.509803921568626,75.49019607843137
base,5423,42,44,20.588235294117645,79.41176470588236
base,5423,43,44,48.03921568627451,51.96078431372548
base,5428,42,43,68.36461126005362,31.63538873994638
base,5428,42,44,69.97319034852548,30.02680965147453
base,5428,43,44,68.09651474530831,31.903485254691688
base,5438,42,43,68.0952380952381,31.9047619047619
base,5438,42,44,71.9047619047619,28.095238095238095
base,5438,43,44,64.76190476190476,35.238095238095234
base,5447,42,43,76.57430730478589,23.425692695214106
base,5447,42,44,77.07808564231739,22.921914357682617
base,5447,43,44,72.04030226700252,27.95969773299748
base,5449,42,43,71.12299465240642,28.877005347593588
base,5449,42,44,73.2620320855615,26.7379679144385
base,5449,43,44,74.59893048128342,25.40106951871658
base,5455,42,43,70.96774193548387,29.032258064516125
base,5455,42,44,74.19354838709677,25.806451612903224
base,5455,43,44,74.83870967741936,25.161290322580644
base,5460,42,43,79.71014492753623,20.28985507246377
base,5460,42,44,86.95652173913044,13.043478260869568
base,5460,43,44,86.95652173913044,13.043478260869568
base,5461,42,43,76.78571428571429,23.214285714285708
base,5461,42,44,70.53571428571429,29.464285714285708
base,5461,43,44,74.10714285714286,25.89285714285714
base,5463,42,43,72.08588957055214,27.91411042944786
base,5463,42,44,71.16564417177914,28.834355828220858
base,5463,43,44,73.92638036809815,26.073619631901845
base,5464,42,43,65.5,34.5
base,5464,42,44,76.0,24.0
base,5464,43,44,65.5,34.5
base,5496,42,43,70.89201877934272,29.107981220657276
base,5496,42,44,76.05633802816901,23.943661971830988
base,5496,43,44,76.99530516431925,23.004694835680752
base,5543,42,43,75.64575645756457,24.354243542435427
base,5543,42,44,74.53874538745387,25.461254612546124
base,5543,43,44,75.64575645756457,24.354243542435427
base,5545,42,43,78.88040712468194,21.119592875318062
base,5545,42,44,76.08142493638677,23.918575063613233
base,5545,43,44,77.60814249363868,22.391857506361323
base,5550,42,43,60.447761194029844,39.552238805970156
base,5550,42,44,70.1492537313433,29.850746268656714
base,5550,43,44,59.70149253731343,40.29850746268657
base,5594,42,43,76.878612716763,23.121387283236995
base,5594,42,44,77.45664739884393,22.543352601156073
base,5594,43,44,72.83236994219652,27.16763005780347
base,5604,42,43,75.19685039370079,24.803149606299215
base,5604,42,44,63.38582677165354,36.61417322834646
base,5604,43,44,70.07874015748031,29.92125984251969
base,5605,42,43,76.657824933687,23.342175066312997
base,5605,42,44,78.51458885941645,21.485411140583555
base,5605,43,44,76.92307692307693,23.076923076923073
base,5633,42,43,64.83516483516483,35.16483516483516
base,5633,42,44,65.56776556776556,34.43223443223443
base,5633,43,44,54.94505494505495,45.05494505494505
base,5641,42,43,68.75,31.25
base,5641,42,44,75.0,25.0
base,5641,43,44,73.09782608695652,26.90217391304348
base,5653,42,43,73.70370370370371,26.296296296296294
base,5653,42,44,72.5925925925926,27.4074074074074
base,5653,43,44,65.92592592592592,34.074074074074076
base,5669,42,43,76.23762376237624,23.762376237623762
base,5669,42,44,75.24752475247524,24.752475247524753
base,5669,43,44,73.66336633663366,26.33663366336634
base,5674,42,43,74.5958429561201,25.404157043879906
base,5674,42,44,72.40184757505773,27.598152424942267
base,5674,43,44,75.86605080831409,24.13394919168591
base,5697,42,43,70.54176072234763,29.458239277652364
base,5697,42,44,69.97742663656885,30.02257336343115
base,5697,43,44,66.70428893905192,33.295711060948086
base,5705,42,43,62.857142857142854,37.142857142857146
base,5705,42,44,73.57142857142858,26.428571428571423
base,5705,43,44,75.71428571428571,24.28571428571429
base,5711,42,43,55.613126079447326,44.386873920552674
base,5711,42,44,61.13989637305699,38.86010362694301
base,5711,43,44,54.0587219343696,45.9412780656304
base,5713,42,43,83.01886792452831,16.981132075471695
base,5713,42,44,81.13207547169812,18.867924528301884
base,5713,43,44,94.33962264150944,5.660377358490565
base,5714,42,43,73.95833333333334,26.041666666666664
base,5714,42,44,57.8125,42.1875
base,5714,43,44,61.458333333333336,38.541666666666664
base,5717,42,43,75.5223880597015,24.477611940298505
base,5717,42,44,64.77611940298507,35.223880597014926
base,5717,43,44,71.34328358208955,28.656716417910445
base,5720,42,43,74.82185273159145,25.178147268408544
base,5720,42,44,75.77197149643705,24.22802850356295
base,5720,43,44,73.87173396674585,26.128266033254157
base,5750,42,43,72.65625,27.34375
base,5750,42,44,67.96875,32.03125
base,5750,43,44,57.03125,42.96875
base,5755,42,43,73.36343115124153,26.63656884875847
base,5755,42,44,68.84875846501129,31.151241534988717
base,5755,43,44,69.75169300225733,30.24830699774267
base,5821,42,43,78.4543325526932,21.545667447306794
base,5821,42,44,76.34660421545667,23.653395784543328
base,5821,43,44,77.75175644028103,22.248243559718972
base,5826,42,43,67.3202614379085,32.6797385620915
base,5826,42,44,76.47058823529412,23.529411764705888
base,5826,43,44,64.05228758169935,35.94771241830066
base,5827,42,43,74.21383647798741,25.786163522012583
base,5827,42,44,75.05241090146751,24.947589098532497
base,5827,43,44,72.95597484276729,27.04402515723271
base,5842,42,43,74.83870967741936,25.161290322580644
base,5842,42,44,81.29032258064515,18.709677419354843
base,5842,43,44,75.48387096774194,24.51612903225806
base,5843,42,43,58.91583452211127,41.08416547788873
base,5843,42,44,60.770328102710415,39.229671897289585
base,5843,43,44,66.33380884450784,33.66619115549215
base,5844,42,43,67.49435665914221,32.505643340857794
base,5844,42,44,70.8803611738149,29.119638826185103
base,5844,43,44,73.81489841986456,26.185101580135438
base,5865,42,43,63.44086021505376,36.55913978494624
base,5865,42,44,65.59139784946237,34.40860215053764
base,5865,43,44,67.56272401433692,32.437275985663085
base,5873,42,43,66.7065868263473,33.293413173652695
base,5873,42,44,66.10778443113773,33.89221556886227
base,5873,43,44,61.31736526946108,38.68263473053892
base,5874,42,43,76.59574468085107,23.404255319148938
base,5874,42,44,69.14893617021278,30.85106382978723
base,5874,43,44,71.63120567375887,28.36879432624113
base,5876,42,43,77.91044776119404,22.089552238805965
base,5876,42,44,72.23880597014926,27.761194029850746
base,5876,43,44,72.53731343283583,27.462686567164173
base,5877,42,43,64.42307692307693,35.57692307692307
base,5877,42,44,64.90384615384616,35.09615384615385
base,5877,43,44,62.5,37.5
base,5904,42,43,74.9367088607595,25.063291139240505
base,5904,42,44,76.70886075949367,23.291139240506332
base,5904,43,44,78.73417721518987,21.26582278481013
base,5937,42,43,71.45242070116862,28.547579298831383
base,5937,42,44,69.1151919866444,30.884808013355592
base,5937,43,44,71.95325542570951,28.046744574290482
base,5963,42,43,40.56603773584906,59.43396226415094
base,5963,42,44,61.32075471698113,38.67924528301887
base,5963,43,44,39.62264150943396,60.37735849056604
base,5965,42,43,80.32786885245902,19.672131147540984
base,5965,42,44,79.50819672131148,20.491803278688526
base,5965,43,44,81.9672131147541,18.032786885245898
base,5966,42,43,74.58563535911603,25.41436464088398
base,5966,42,44,79.55801104972376,20.441988950276247
base,5966,43,44,70.71823204419888,29.281767955801108
base,5967,42,43,42.60731319554849,57.39268680445151
base,5967,42,44,51.35135135135135,48.64864864864865
base,5967,43,44,58.34658187599364,41.65341812400636
base,5988,42,43,78.10457516339869,21.895424836601308
base,5988,42,44,77.77777777777779,22.22222222222222
base,5988,43,44,75.81699346405229,24.183006535947715
base,5991,42,43,62.5,37.5
base,5991,42,44,52.85714285714286,47.14285714285714
base,5991,43,44,58.92857142857143,41.07142857142857
base,6013,42,43,82.23140495867769,17.76859504132231
base,6013,42,44,74.79338842975206,25.20661157024794
base,6013,43,44,76.44628099173553,23.553719008264462
base,6030,42,43,72.32323232323232,27.67676767676768
base,6030,42,44,71.71717171717171,28.282828282828287
base,6030,43,44,71.11111111111111,28.888888888888886
base,6037,42,43,71.15839243498819,28.841607565011817
base,6037,42,44,75.41371158392435,24.586288416075654
base,6037,43,44,68.79432624113475,31.20567375886525
base,6038,42,43,73.53689567430025,26.46310432569975
base,6038,42,44,74.30025445292621,25.699745547073793
base,6038,43,44,73.2824427480916,26.717557251908396
base,6075,42,43,55.77299412915851,44.22700587084149
base,6075,42,44,62.426614481409004,37.573385518590996
base,6075,43,44,62.230919765166334,37.769080234833666
base,6080,42,43,68.11224489795919,31.887755102040817
base,6080,42,44,67.09183673469387,32.90816326530612
base,6080,43,44,70.40816326530613,29.591836734693878
base,6086,42,43,72.68041237113401,27.319587628865982
base,6086,42,44,64.43298969072166,35.567010309278345
base,6086,43,44,69.3298969072165,30.670103092783506
base,6087,42,43,63.868613138686136,36.131386861313864
base,6087,42,44,58.02919708029197,41.97080291970803
base,6087,43,44,63.503649635036496,36.496350364963504
base,6103,42,43,78.00586510263929,21.994134897360706
base,6103,42,44,78.00586510263929,21.994134897360706
base,6103,43,44,77.41935483870968,22.580645161290324
base,6104,42,43,64.9164677804296,35.0835322195704
base,6104,42,44,68.97374701670644,31.026252983293556
base,6104,43,44,70.16706443914082,29.832935560859188
base,6116,42,43,64.52830188679245,35.47169811320755
base,6116,42,44,76.22641509433963,23.77358490566037
base,6116,43,44,57.35849056603774,42.64150943396226
base,6181,42,43,60.82725060827251,39.17274939172749
base,6181,42,44,68.3698296836983,31.630170316301697
base,6181,43,44,65.45012165450122,34.54987834549878
base,6182,42,43,65.04065040650406,34.959349593495936
base,6182,42,44,60.97560975609756,39.02439024390244
base,6182,43,44,64.22764227642277,35.77235772357723
base,6193,42,43,74.5042492917847,25.495750708215294
base,6193,42,44,75.07082152974505,24.929178470254953
base,6193,43,44,77.33711048158641,22.6628895184136
base,6194,42,43,60.71428571428571,39.28571428571429
base,6194,42,44,71.42857142857143,28.57142857142857
base,6194,43,44,73.21428571428571,26.785714285714292
base,6204,42,43,66.40316205533597,33.596837944664024
base,6204,42,44,65.21739130434783,34.78260869565217
base,6204,43,44,71.54150197628458,28.458498023715418
base,6207,42,43,61.41304347826087,38.58695652173913
base,6207,42,44,55.434782608695656,44.565217391304344
base,6207,43,44,59.78260869565217,40.21739130434783
base,6209,42,43,73.48927875243665,26.510721247563353
base,6209,42,44,71.34502923976608,28.654970760233923
base,6209,43,44,70.76023391812866,29.239766081871345
base,6212,42,43,74.05498281786942,25.94501718213058
base,6212,42,44,72.16494845360825,27.835051546391753
base,6212,43,44,76.97594501718214,23.024054982817866
base,6214,42,43,31.88405797101449,68.11594202898551
base,6214,42,44,71.73913043478261,28.260869565217394
base,6214,43,44,34.05797101449276,65.94202898550725
base,6231,42,43,73.4375,26.5625
base,6231,42,44,77.60416666666666,22.395833333333336
base,6231,43,44,80.20833333333334,19.791666666666664
base,6264,42,43,67.63157894736842,32.36842105263158
base,6264,42,44,63.421052631578945,36.578947368421055
base,6264,43,44,65.52631578947368,34.473684210526315
base,6273,42,43,58.06451612903226,41.93548387096774
base,6273,42,44,62.903225806451616,37.096774193548384
base,6273,43,44,87.09677419354838,12.903225806451612
base,6310,42,43,65.4639175257732,34.5360824742268
base,6310,42,44,58.24742268041238,41.75257731958762
base,6310,43,44,66.49484536082474,33.50515463917526
base,6322,42,43,71.31782945736434,28.682170542635653
base,6322,42,44,69.76744186046511,30.23255813953488
base,6322,43,44,67.44186046511628,32.55813953488372
base,6324,42,43,73.68421052631578,26.315789473684216
base,6324,42,44,71.34502923976608,28.654970760233923
base,6324,43,44,67.83625730994152,32.163742690058484
base,6335,42,43,71.77700348432056,28.222996515679444
base,6335,42,44,77.35191637630662,22.64808362369338
base,6335,43,44,68.29268292682927,31.707317073170728
base,6355,42,43,75.34883720930232,24.65116279069768
base,6355,42,44,74.88372093023256,25.116279069767444
base,6355,43,44,74.65116279069768,25.34883720930232
base,6380,42,43,72.91666666666666,27.083333333333336
base,6380,42,44,75.69444444444444,24.305555555555557
base,6380,43,44,72.91666666666666,27.083333333333336
base,6388,42,43,79.53367875647669,20.46632124352331
base,6388,42,44,80.56994818652849,19.430051813471504
base,6388,43,44,80.56994818652849,19.430051813471504
base,6394,42,43,77.11864406779661,22.881355932203384
base,6394,42,44,77.96610169491525,22.033898305084744
base,6394,43,44,82.20338983050848,17.796610169491522
base,6413,42,43,73.96694214876032,26.033057851239672
base,6413,42,44,74.79338842975206,25.20661157024794
base,6413,43,44,80.16528925619835,19.834710743801654
base,6422,42,43,70.89262613195343,29.107373868046572
base,6422,42,44,72.1862871927555,27.813712807244507
base,6422,43,44,75.29107373868047,24.70892626131953
base,6431,42,43,57.95053003533569,42.04946996466431
base,6431,42,44,53.71024734982333,46.28975265017667
base,6431,43,44,62.19081272084806,37.80918727915194
base,6442,42,43,69.20980926430518,30.79019073569482
base,6442,42,44,71.38964577656675,28.610354223433244
base,6442,43,44,68.66485013623979,31.335149863760215
base,6468,42,43,76.2114537444934,23.788546255506603
base,6468,42,44,69.16299559471366,30.83700440528634
base,6468,43,44,73.568281938326,26.431718061674005
base,6473,42,43,73.65269461077844,26.347305389221553
base,6473,42,44,73.65269461077844,26.347305389221553
base,6473,43,44,69.46107784431138,30.53892215568862
base,6474,42,43,74.45887445887446,25.541125541125542
base,6474,42,44,74.89177489177489,25.108225108225113
base,6474,43,44,74.45887445887446,25.541125541125542
base,6482,42,43,52.0,48.0
base,6482,42,44,80.0,19.999999999999996
base,6482,43,44,42.66666666666667,57.33333333333333
base,6488,42,43,74.0053050397878,25.994694960212207
base,6488,42,44,72.67904509283821,27.3209549071618
base,6488,43,44,72.94429708222812,27.055702917771885
base,6506,42,43,69.27710843373494,30.722891566265066
base,6506,42,44,64.45783132530121,35.54216867469879
base,6506,43,44,68.67469879518072,31.32530120481928
base,6514,42,43,76.30434782608695,23.69565217391304
base,6514,42,44,77.6086956521739,22.39130434782609
base,6514,43,44,75.65217391304347,24.347826086956527
base,6520,42,43,67.71929824561404,32.280701754385966
base,6520,42,44,61.75438596491228,38.24561403508772
base,6520,43,44,62.4561403508772,37.5438596491228
base,6525,42,43,73.67624810892586,26.32375189107413
base,6525,42,44,74.88653555219365,25.113464447806354
base,6525,43,44,72.76853252647504,27.23146747352496
base,6539,42,43,70.93153759820426,29.068462401795735
base,6539,42,44,74.74747474747475,25.25252525252525
base,6539,43,44,71.49270482603815,28.507295173961843
base,6553,42,43,71.02803738317756,28.971962616822434
base,6553,42,44,67.601246105919,32.398753894081
base,6553,43,44,68.84735202492212,31.152647975077883
base,6562,42,43,77.14285714285715,22.857142857142854
base,6562,42,44,48.57142857142857,51.42857142857142
base,6562,43,44,49.142857142857146,50.857142857142854
base,6591,42,43,80.9748427672956,19.025157232704405
base,6591,42,44,81.44654088050315,18.55345911949685
base,6591,43,44,80.9748427672956,19.025157232704405
base,6612,42,43,76.11940298507463,23.880597014925375
base,6612,42,44,75.3731343283582,24.626865671641795
base,6612,43,44,77.98507462686567,22.014925373134332
base,6620,42,43,57.798165137614674,42.201834862385326
base,6620,42,44,49.54128440366973,50.45871559633027
base,6620,43,44,47.706422018348626,52.293577981651374
base,6629,42,43,61.111111111111114,38.888888888888886
base,6629,42,44,68.88888888888889,31.11111111111111
base,6629,43,44,66.66666666666666,33.333333333333336
base,6642,42,43,70.05076142131979,29.949238578680205
base,6642,42,44,70.05076142131979,29.949238578680205
base,6642,43,44,74.11167512690355,25.888324873096447
base,6649,42,43,56.75675675675676,43.24324324324324
base,6649,42,44,51.35135135135135,48.64864864864865
base,6649,43,44,69.36936936936937,30.630630630630627
base,6652,42,43,66.37554585152839,33.624454148471614
base,6652,42,44,64.48326055312955,35.516739446870446
base,6652,43,44,69.5778748180495,30.42212518195051
base,6665,42,43,63.02367941712204,36.97632058287796
base,6665,42,44,58.46994535519126,41.53005464480874
base,6665,43,44,70.67395264116576,29.326047358834238
base,6666,42,43,77.82515991471215,22.17484008528785
base,6666,42,44,80.17057569296375,19.82942430703625
base,6666,43,44,74.4136460554371,25.5863539445629
base,6673,42,43,71.3953488372093,28.604651162790695
base,6673,42,44,65.81395348837209,34.18604651162791
base,6673,43,44,70.0,30.000000000000004
base,6676,42,43,77.59103641456583,22.408963585434172
base,6676,42,44,78.15126050420169,21.84873949579832
base,6676,43,44,75.35014005602241,24.649859943977592
base,6689,42,43,79.56204379562044,20.43795620437956
base,6689,42,44,76.64233576642336,23.357664233576646
base,6689,43,44,74.45255474452554,25.547445255474454
base,6723,42,43,77.95698924731182,22.043010752688176
base,6723,42,44,81.18279569892472,18.817204301075275
base,6723,43,44,79.03225806451613,20.967741935483875
base,6743,42,43,63.90977443609023,36.09022556390977
base,6743,42,44,66.54135338345864,33.45864661654135
base,6743,43,44,64.28571428571429,35.71428571428571
base,6745,42,43,68.01801801801803,31.981981981981978
base,6745,42,44,66.21621621621621,33.78378378378378
base,6745,43,44,58.55855855855856,41.44144144144144
base,6766,42,43,64.86486486486487,35.13513513513513
base,6766,42,44,71.89189189189189,28.10810810810811
base,6766,43,44,67.02702702702703,32.97297297297297
base,6770,42,43,68.3385579937304,31.661442006269592
base,6770,42,44,75.54858934169279,24.451410658307214
base,6770,43,44,66.30094043887146,33.69905956112853
base,6803,42,43,75.89803012746235,24.101969872537655
base,6803,42,44,76.59327925840093,23.406720741599074
base,6803,43,44,74.85515643105445,25.14484356894554
base,6819,42,43,66.2775616083009,33.72243839169909
base,6819,42,44,63.94293125810635,36.05706874189365
base,6819,43,44,71.98443579766537,28.01556420233463
base,6837,42,43,63.559322033898304,36.440677966101696
base,6837,42,44,61.016949152542374,38.983050847457626
base,6837,43,44,68.64406779661016,31.355932203389834
base,6849,42,43,70.0,30.000000000000004
base,6849,42,44,70.8,29.200000000000003
base,6849,43,44,70.0,30.000000000000004
base,6855,42,43,68.75,31.25
base,6855,42,44,77.34375,22.65625
base,6855,43,44,67.96875,32.03125
base,6880,42,43,76.23762376237624,23.762376237623762
base,6880,42,44,77.97029702970298,22.029702970297027
base,6880,43,44,75.74257425742574,24.257425742574256
base,6895,42,43,64.24242424242425,35.75757575757576
base,6895,42,44,78.18181818181819,21.818181818181813
base,6895,43,44,65.45454545454545,34.54545454545455
base,6898,42,43,80.72289156626506,19.277108433734934
base,6898,42,44,77.71084337349397,22.289156626506024
base,6898,43,44,73.49397590361446,26.506024096385538
base,6903,42,43,75.59523809523809,24.404761904761905
base,6903,42,44,76.19047619047619,23.809523809523814
base,6903,43,44,80.35714285714286,19.64285714285714
base,6908,42,43,76.71232876712328,23.28767123287672
base,6908,42,44,71.4041095890411,28.5958904109589
base,6908,43,44,75.34246575342466,24.65753424657534
base,6951,42,43,71.28463476070529,28.71536523929471
base,6951,42,44,62.21662468513854,37.78337531486146
base,6951,43,44,62.21662468513854,37.78337531486146
base,6953,42,43,67.48971193415639,32.51028806584362
base,6953,42,44,69.95884773662551,30.04115226337448
base,6953,43,44,70.37037037037037,29.629629629629626
base,6954,42,43,71.1297071129707,28.870292887029294
base,6954,42,44,67.78242677824268,32.21757322175732
base,6954,43,44,68.6192468619247,31.380753138075313
base,6963,42,43,64.7239263803681,35.2760736196319
base,6963,42,44,63.80368098159509,36.19631901840491
base,6963,43,44,64.11042944785275,35.88957055214724
base,6975,42,43,78.35051546391753,21.649484536082475
base,6975,42,44,73.19587628865979,26.80412371134021
base,6975,43,44,74.74226804123711,25.257731958762886
base,6978,42,43,71.67999999999999,28.32
base,6978,42,44,68.32000000000001,31.679999999999996
base,6978,43,44,71.52,28.480000000000004
base,7001,42,43,63.38672768878718,36.61327231121282
base,7001,42,44,58.58123569794051,41.41876430205949
base,7001,43,44,63.84439359267735,36.15560640732265
base,7003,42,43,77.37789203084833,22.62210796915167
base,7003,42,44,77.89203084832906,22.107969151670947
base,7003,43,44,77.89203084832906,22.107969151670947
base,7027,42,43,69.921875,30.078125
base,7027,42,44,71.875,28.125
base,7027,43,44,74.21875,25.78125
base,7040,42,43,64.58333333333334,35.416666666666664
base,7040,42,44,69.27083333333334,30.729166666666664
base,7040,43,44,68.22916666666666,31.770833333333336
base,7044,42,43,74.85549132947978,25.144508670520228
base,7044,42,44,76.58959537572254,23.410404624277458
base,7044,43,44,77.74566473988439,22.25433526011561
base,7048,42,43,71.35549872122762,28.64450127877238
base,7048,42,44,68.03069053708441,31.969309462915596
base,7048,43,44,66.75191815856778,33.24808184143222
base,7050,42,43,67.44186046511628,32.55813953488372
base,7050,42,44,65.11627906976744,34.883720930232556
base,7050,43,44,63.372093023255815,36.627906976744185
base,7065,42,43,67.2787979966611,32.7212020033389
base,7065,42,44,65.4424040066778,34.557595993322195
base,7065,43,44,67.9465776293823,32.0534223706177
base,7070,42,43,75.22567703109327,24.774322968906727
base,7070,42,44,74.12236710130391,25.877632898696092
base,7070,43,44,72.8184553660983,27.1815446339017
base,7071,42,43,69.08212560386472,30.917874396135268
base,7071,42,44,66.66666666666666,33.333333333333336
base,7071,43,44,62.31884057971014,37.68115942028986
base,7095,42,43,74.25742574257426,25.742574257425744
base,7095,42,44,75.99009900990099,24.00990099009901
base,7095,43,44,74.25742574257426,25.742574257425744
base,7097,42,43,73.224043715847,26.775956284153
base,7097,42,44,66.66666666666666,33.333333333333336
base,7097,43,44,65.30054644808743,34.699453551912576
base,7122,42,43,79.56989247311827,20.430107526881724
base,7122,42,44,79.03225806451613,20.967741935483875
base,7122,43,44,76.88172043010752,23.118279569892476
base,7133,42,43,69.17293233082707,30.827067669172937
base,7133,42,44,69.3609022556391,30.6390977443609
base,7133,43,44,70.30075187969925,29.699248120300748
base,7135,42,43,56.92307692307692,43.07692307692308
base,7135,42,44,66.66666666666666,33.333333333333336
base,7135,43,44,63.07692307692307,36.92307692307693
base,7150,42,43,65.81632653061224,34.183673469387756
base,7150,42,44,47.44897959183674,52.55102040816326
base,7150,43,44,56.63265306122449,43.36734693877551
base,7152,42,43,69.85294117647058,30.147058823529417
base,7152,42,44,69.11764705882352,30.88235294117647
base,7152,43,44,65.07352941176471,34.92647058823529
base,7160,42,43,75.09881422924902,24.90118577075099
base,7160,42,44,79.84189723320159,20.158102766798415
base,7160,43,44,75.49407114624506,24.505928853754945
base,7168,42,43,75.0,25.0
base,7168,42,44,73.07692307692307,26.923076923076927
base,7168,43,44,67.3076923076923,32.692307692307686
base,7183,42,43,68.646080760095,31.353919239904993
base,7183,42,44,65.32066508313538,34.67933491686461
base,7183,43,44,72.92161520190024,27.078384798099762
base,7195,42,43,69.40581542351454,30.59418457648546
base,7195,42,44,70.16434892541086,29.83565107458913
base,7195,43,44,73.45132743362832,26.54867256637168
base,7197,42,43,69.26406926406926,30.73593073593074
base,7197,42,44,66.23376623376623,33.76623376623377
base,7197,43,44,68.83116883116884,31.16883116883117
base,7217,42,43,68.64406779661016,31.355932203389834
base,7217,42,44,72.88135593220339,27.118644067796616
base,7217,43,44,63.559322033898304,36.440677966101696
base,7231,42,43,56.79611650485437,43.20388349514563
base,7231,42,44,66.50485436893204,33.495145631067956
base,7231,43,44,66.99029126213593,33.009708737864074
base,7245,42,43,71.84466019417476,28.155339805825243
base,7245,42,44,75.24271844660194,24.75728155339806
base,7245,43,44,76.2135922330097,23.78640776699029
base,7251,42,43,74.67532467532467,25.324675324675326
base,7251,42,44,75.0,25.0
base,7251,43,44,72.07792207792207,27.922077922077925
base,7264,42,43,53.102189781021906,46.897810218978094
base,7264,42,44,67.33576642335767,32.66423357664233
base,7264,43,44,51.09489051094891,48.90510948905109
base,7266,42,43,69.04761904761905,30.952380952380953
base,7266,42,44,70.63492063492063,29.36507936507936
base,7266,43,44,72.22222222222221,27.77777777777778
base,7271,42,43,63.34310850439883,36.65689149560117
base,7271,42,44,62.75659824046921,37.24340175953079
base,7271,43,44,62.4633431085044,37.5366568914956
base,7278,42,43,51.04477611940299,48.95522388059701
base,7278,42,44,45.97014925373134,54.02985074626866
base,7278,43,44,54.62686567164179,45.37313432835821
base,7281,42,43,76.71232876712328,23.28767123287672
base,7281,42,44,76.25570776255708,23.74429223744292
base,7281,43,44,72.3744292237443,27.625570776255703
base,7285,42,43,76.63551401869158,23.364485981308412
base,7285,42,44,64.48598130841121,35.51401869158879
base,7285,43,44,72.89719626168224,27.10280373831776
base,7290,42,43,70.02967359050444,29.970326409495552
base,7290,42,44,69.13946587537092,30.86053412462908
base,7290,43,44,67.95252225519289,32.04747774480712
base,7362,42,43,69.71830985915493,30.281690140845075
base,7362,42,44,66.19718309859155,33.80281690140845
base,7362,43,44,66.90140845070422,33.098591549295776
base,7373,42,43,75.43103448275862,24.56896551724138
base,7373,42,44,72.41379310344827,27.586206896551722
base,7373,43,44,79.3103448275862,20.68965517241379
base,7420,42,43,54.04255319148936,45.95744680851064
base,7420,42,44,51.48936170212765,48.51063829787235
base,7420,43,44,65.95744680851064,34.04255319148937
base,7444,42,43,69.98050682261209,30.01949317738791
base,7444,42,44,71.34502923976608,28.654970760233923
base,7444,43,44,71.53996101364523,28.460038986354775
base,7463,42,43,71.38686131386861,28.61313868613139
base,7463,42,44,70.21897810218978,29.781021897810223
base,7463,43,44,71.38686131386861,28.61313868613139
base,7467,42,43,69.25246826516221,30.747531734837796
base,7467,42,44,64.73906911142454,35.26093088857546
base,7467,43,44,68.4062059238364,31.593794076163604
base,7468,42,43,75.31914893617021,24.680851063829788
base,7468,42,44,74.8936170212766,25.106382978723406
base,7468,43,44,71.91489361702128,28.08510638297872
base,7484,42,43,68.45637583892618,31.543624161073826
base,7484,42,44,57.04697986577181,42.95302013422819
base,7484,43,44,68.45637583892618,31.543624161073826
base,7492,42,43,73.9424703891709,26.0575296108291
base,7492,42,44,69.88155668358715,30.118443316412858
base,7492,43,44,68.35871404399323,31.64128595600677
base,7524,42,43,70.76101468624833,29.238985313751662
base,7524,42,44,67.42323097463284,32.576769025367156
base,7524,43,44,68.4913217623498,31.5086782376502
base,7533,42,43,69.23076923076923,30.76923076923077
base,7533,42,44,71.32867132867133,28.671328671328666
base,7533,43,44,74.12587412587412,25.874125874125873
base,7535,42,43,74.12790697674419,25.872093023255815
base,7535,42,44,71.51162790697676,28.48837209302325
base,7535,43,44,69.04069767441861,30.959302325581394
base,7537,42,43,76.75675675675676,23.24324324324324
base,7537,42,44,77.83783783783784,22.162162162162158
base,7537,43,44,70.27027027027027,29.729729729729726
base,7601,42,43,58.951965065502186,41.048034934497814
base,7601,42,44,79.03930131004367,20.960698689956338
base,7601,43,44,58.951965065502186,41.048034934497814
base,7604,42,43,72.72727272727273,27.27272727272727
base,7604,42,44,68.61063464837049,31.389365351629507
base,7604,43,44,72.5557461406518,27.4442538593482
base,7617,42,43,77.13004484304933,22.869955156950674
base,7617,42,44,74.88789237668162,25.11210762331838
base,7617,43,44,74.2152466367713,25.784753363228695
base,7636,42,43,72.11538461538461,27.884615384615387
base,7636,42,44,42.30769230769231,57.692307692307686
base,7636,43,44,44.230769230769226,55.769230769230774
base,7642,42,43,76.36986301369863,23.630136986301366
base,7642,42,44,75.0,25.0
base,7642,43,44,80.47945205479452,19.52054794520548
base,7663,42,43,72.84263959390863,27.157360406091367
base,7663,42,44,74.61928934010153,25.380710659898476
base,7663,43,44,72.84263959390863,27.157360406091367
base,7675,42,43,75.36231884057972,24.63768115942029
base,7675,42,44,75.84541062801932,24.154589371980673
base,7675,43,44,71.25603864734299,28.74396135265701
base,7697,42,43,54.54545454545454,45.45454545454546
base,7697,42,44,61.212121212121204,38.787878787878796
base,7697,43,44,56.36363636363636,43.63636363636364
base,7699,42,43,63.85542168674698,36.14457831325302
base,7699,42,44,72.59036144578313,27.409638554216865
base,7699,43,44,62.951807228915655,37.048192771084345
base,7703,42,43,64.53900709219859,35.46099290780141
base,7703,42,44,66.66666666666666,33.333333333333336
base,7703,43,44,69.50354609929079,30.49645390070922
base,7718,42,43,75.68627450980392,24.31372549019608
base,7718,42,44,78.03921568627452,21.96078431372549
base,7718,43,44,79.6078431372549,20.392156862745104
base,7744,42,43,75.07598784194529,24.92401215805471
base,7744,42,44,73.25227963525836,26.747720364741646
base,7744,43,44,74.46808510638297,25.531914893617024
base,7756,42,43,77.12418300653596,22.87581699346405
base,7756,42,44,79.08496732026144,20.915032679738566
base,7756,43,44,72.54901960784314,27.450980392156865
base,7762,42,43,48.616600790513836,51.38339920948616
base,7762,42,44,52.96442687747036,47.03557312252964
base,7762,43,44,47.43083003952569,52.56916996047431
base,7764,42,43,52.707581227436826,47.292418772563174
base,7764,42,44,46.931407942238266,53.068592057761734
base,7764,43,44,39.71119133574007,60.28880866425993
base,7770,42,43,77.80172413793103,22.19827586206896
base,7770,42,44,77.37068965517241,22.62931034482759
base,7770,43,44,78.01724137931035,21.98275862068966
base,7778,42,43,67.23809523809524,32.76190476190476
base,7778,42,44,63.23809523809524,36.76190476190476
base,7778,43,44,64.57142857142857,35.42857142857143
base,7809,42,43,69.54022988505747,30.45977011494253
base,7809,42,44,66.37931034482759,33.620689655172406
base,7809,43,44,70.97701149425288,29.022988505747126
base,7820,42,43,50.31289111389236,49.68710888610764
base,7820,42,44,47.43429286608261,52.56570713391739
base,7820,43,44,62.3279098873592,37.6720901126408
base,7826,42,43,54.47154471544715,45.52845528455285
base,7826,42,44,54.47154471544715,45.52845528455285
base,7826,43,44,61.24661246612466,38.75338753387534
base,7836,42,43,79.77941176470588,20.220588235294112
base,7836,42,44,76.10294117647058,23.897058823529417
base,7836,43,44,77.20588235294117,22.79411764705882
base,7869,42,43,56.209150326797385,43.790849673202615
base,7869,42,44,60.78431372549019,39.21568627450981
base,7869,43,44,66.66666666666666,33.333333333333336
base,7881,42,43,64.60176991150442,35.39823008849557
base,7881,42,44,72.56637168141593,27.43362831858407
base,7881,43,44,75.22123893805309,24.77876106194691
base,7889,42,43,70.94240837696336,29.05759162303665
base,7889,42,44,70.94240837696336,29.05759162303665
base,7889,43,44,70.68062827225131,29.31937172774869
base,7919,42,43,74.06749555950266,25.93250444049734
base,7919,42,44,73.00177619893428,26.998223801065723
base,7919,43,44,71.93605683836589,28.063943161634107
base,7921,42,43,72.0,28.000000000000004
base,7921,42,44,66.0,34.0
base,7921,43,44,69.0,31.000000000000007
base,7963,42,43,74.94305239179954,25.056947608200453
base,7963,42,44,76.30979498861048,23.69020501138952
base,7963,43,44,75.39863325740319,24.60136674259681
base,7970,42,43,72.82608695652173,27.173913043478258
base,7970,42,44,54.347826086956516,45.652173913043484
base,7970,43,44,56.52173913043478,43.47826086956522
base,7978,42,43,72.5,27.500000000000004
base,7978,42,44,69.375,30.625000000000004
base,7978,43,44,78.125,21.875
base,8004,42,43,75.08090614886731,24.91909385113269
base,8004,42,44,75.08090614886731,24.91909385113269
base,8004,43,44,77.02265372168284,22.977346278317157
base,8013,42,43,74.92096944151739,25.079030558482618
base,8013,42,44,74.3940990516333,25.6059009483667
base,8013,43,44,73.44573234984195,26.55426765015806
base,8031,42,43,71.17117117117117,28.828828828828833
base,8031,42,44,68.46846846846847,31.53153153153153
base,8031,43,44,62.16216216216216,37.83783783783784
base,8052,42,43,60.36446469248291,39.63553530751709
base,8052,42,44,65.83143507972665,34.16856492027335
base,8052,43,44,67.65375854214123,32.346241457858774
base,8074,42,43,73.43358395989975,26.56641604010025
base,8074,42,44,81.45363408521304,18.546365914786968
base,8074,43,44,74.18546365914787,25.814536340852136
base,8080,42,43,77.38095238095238,22.619047619047617
base,8080,42,44,71.42857142857143,28.57142857142857
base,8080,43,44,63.095238095238095,36.904761904761905
base,8098,42,43,81.57894736842105,18.42105263157895
base,8098,42,44,77.63157894736842,22.368421052631582
base,8098,43,44,80.26315789473685,19.736842105263154
base,8101,42,43,81.25,18.75
base,8101,42,44,76.92307692307693,23.076923076923073
base,8101,43,44,77.40384615384616,22.596153846153843
base,8135,42,43,63.59223300970874,36.40776699029126
base,8135,42,44,69.41747572815534,30.582524271844658
base,8135,43,44,66.99029126213593,33.009708737864074
base,8142,42,43,70.28824833702882,29.711751662971174
base,8142,42,44,68.07095343680709,31.92904656319291
base,8142,43,44,69.17960088691795,30.820399113082043
base,8183,42,43,73.0211817168339,26.978818283166106
base,8183,42,44,72.35228539576366,27.64771460423634
base,8183,43,44,76.47714604236343,23.52285395763657
base,8221,42,43,76.32653061224491,23.673469387755098
base,8221,42,44,77.75510204081633,22.244897959183675
base,8221,43,44,78.36734693877551,21.632653061224495
base,8223,42,43,65.04065040650406,34.959349593495936
base,8223,42,44,63.41463414634146,36.58536585365854
base,8223,43,44,58.536585365853654,41.463414634146346
base,8254,42,43,72.60869565217392,27.391304347826086
base,8254,42,44,70.86956521739131,29.130434782608695
base,8254,43,44,74.78260869565217,25.217391304347824
base,8264,42,43,69.76744186046511,30.23255813953488
base,8264,42,44,71.0594315245478,28.9405684754522
base,8264,43,44,71.57622739018088,28.42377260981912
base,8331,42,43,68.72246696035242,31.277533039647576
base,8331,42,44,69.16299559471366,30.83700440528634
base,8331,43,44,67.84140969162996,32.15859030837004
base,8352,42,43,50.413223140495866,49.586776859504134
base,8352,42,44,49.586776859504134,50.413223140495866
base,8352,43,44,71.07438016528926,28.925619834710748
base,8362,42,43,67.81609195402298,32.18390804597702
base,8362,42,44,69.54022988505747,30.45977011494253
base,8362,43,44,70.97701149425288,29.022988505747126
base,8392,42,43,75.90361445783132,24.096385542168676
base,8392,42,44,74.69879518072288,25.30120481927711
base,8392,43,44,81.92771084337349,18.07228915662651
base,8394,42,43,70.40169133192389,29.59830866807611
base,8394,42,44,70.40169133192389,29.59830866807611
base,8394,43,44,72.09302325581395,27.906976744186053
base,8419,42,43,72.45901639344262,27.54098360655738
base,8419,42,44,78.36065573770492,21.63934426229508
base,8419,43,44,78.36065573770492,21.63934426229508
base,8426,42,43,75.86206896551724,24.13793103448276
base,8426,42,44,74.13793103448276,25.86206896551724
base,8426,43,44,79.3103448275862,20.68965517241379
base,8438,42,43,79.2982456140351,20.70175438596491
base,8438,42,44,78.59649122807018,21.403508771929825
base,8438,43,44,78.59649122807018,21.403508771929825
base,8440,42,43,67.82608695652173,32.173913043478265
base,8440,42,44,69.56521739130434,30.434782608695656
base,8440,43,44,69.56521739130434,30.434782608695656
base,8478,42,43,74.74226804123711,25.257731958762886
base,8478,42,44,73.96907216494846,26.030927835051543
base,8478,43,44,74.22680412371135,25.773195876288657
base,8508,42,43,74.18899858956276,25.81100141043724
base,8508,42,44,74.61212976022567,25.387870239774337
base,8508,43,44,73.76586741889986,26.234132581100145
base,8511,42,43,65.13761467889908,34.862385321100916
base,8511,42,44,68.19571865443424,31.804281345565755
base,8511,43,44,70.03058103975535,29.969418960244653
base,8516,42,43,79.44664031620553,20.55335968379447
base,8516,42,44,74.30830039525692,25.69169960474308
base,8516,43,44,73.51778656126481,26.48221343873518
base,8546,42,43,71.04247104247105,28.957528957528954
base,8546,42,44,79.15057915057915,20.849420849420852
base,8546,43,44,74.13127413127413,25.86872586872587
base,8564,42,43,80.0,19.999999999999996
base,8564,42,44,85.92592592592592,14.074074074074073
base,8564,43,44,78.51851851851852,21.48148148148148
base,8588,42,43,64.61538461538461,35.38461538461538
base,8588,42,44,59.23076923076923,40.76923076923077
base,8588,43,44,60.76923076923077,39.23076923076923
base,8597,42,43,55.054151624548744,44.945848375451256
base,8597,42,44,51.44404332129964,48.55595667870036
base,8597,43,44,60.28880866425993,39.71119133574007
base,8632,42,43,74.00442477876106,25.995575221238944
base,8632,42,44,75.22123893805309,24.77876106194691
base,8632,43,44,73.56194690265487,26.438053097345136
base,8659,42,43,75.49857549857549,24.501424501424506
base,8659,42,44,74.92877492877493,25.07122507122507
base,8659,43,44,76.92307692307693,23.076923076923073
base,8664,42,43,75.55555555555556,24.444444444444446
base,8664,42,44,70.55555555555556,29.44444444444444
base,8664,43,44,68.33333333333333,31.666666666666664
base,8665,42,43,81.60919540229885,18.39080459770115
base,8665,42,44,71.26436781609196,28.735632183908045
base,8665,43,44,70.6896551724138,29.31034482758621
base,8669,42,43,64.41281138790036,35.58718861209964
base,8669,42,44,69.7508896797153,30.2491103202847
base,8669,43,44,67.25978647686833,32.740213523131665
base,8694,42,43,73.34851936218679,26.651480637813208
base,8694,42,44,71.75398633257403,28.246013667425974
base,8694,43,44,69.4760820045558,30.523917995444194
base,8695,42,43,70.0952380952381,29.9047619047619
base,8695,42,44,74.28571428571429,25.71428571428571
base,8695,43,44,76.0,24.0
base,8698,42,43,79.23076923076923,20.769230769230774
base,8698,42,44,75.76923076923077,24.230769230769234
base,8698,43,44,73.84615384615385,26.15384615384615
base,8700,42,43,73.32053742802303,26.679462571976963
base,8700,42,44,76.00767754318618,23.99232245681382
base,8700,43,44,71.59309021113243,28.406909788867562
base,8736,42,43,80.09049773755656,19.909502262443436
base,8736,42,44,76.47058823529412,23.529411764705888
base,8736,43,44,76.47058823529412,23.529411764705888
base,8741,42,43,70.75471698113208,29.24528301886793
base,8741,42,44,62.893081761006286,37.106918238993714
base,8741,43,44,61.32075471698113,38.67924528301887
base,8744,42,43,74.64788732394366,25.352112676056336
base,8744,42,44,74.92957746478874,25.070422535211268
base,8744,43,44,76.05633802816901,23.943661971830988
base,8766,42,43,66.3157894736842,33.684210526315795
base,8766,42,44,69.12280701754386,30.877192982456137
base,8766,43,44,68.42105263157895,31.57894736842105
base,8779,42,43,41.23711340206185,58.76288659793815
base,8779,42,44,45.36082474226804,54.639175257731964
base,8779,43,44,52.57731958762887,47.42268041237113
base,8789,42,43,78.57142857142857,21.42857142857143
base,8789,42,44,74.76190476190476,25.238095238095237
base,8789,43,44,74.28571428571429,25.71428571428571
base,8797,42,43,73.37278106508876,26.627218934911244
base,8797,42,44,74.55621301775149,25.44378698224852
base,8797,43,44,73.37278106508876,26.627218934911244
base,8798,42,43,72.06053550640279,27.93946449359721
base,8798,42,44,69.0337601862631,30.966239813736905
base,8798,43,44,69.84866123399301,30.151338766006987
base,8801,42,43,63.63636363636363,36.36363636363637
base,8801,42,44,70.0,30.000000000000004
base,8801,43,44,67.27272727272727,32.72727272727273
base,8814,42,43,82.35294117647058,17.647058823529417
base,8814,42,44,72.79411764705883,27.20588235294118
base,8814,43,44,75.73529411764706,24.264705882352942
base,8834,42,43,60.98901098901099,39.01098901098901
base,8834,42,44,70.32967032967034,29.670329670329664
base,8834,43,44,64.28571428571429,35.71428571428571
base,8835,42,43,54.666666666666664,45.333333333333336
base,8835,42,44,61.33333333333333,38.66666666666667
base,8835,43,44,70.0,30.000000000000004
base,8871,42,43,77.51937984496125,22.480620155038757
base,8871,42,44,79.06976744186046,20.93023255813954
base,8871,43,44,75.96899224806202,24.031007751937985
base,8873,42,43,74.50271247739603,25.497287522603973
base,8873,42,44,72.51356238698011,27.486437613019888
base,8873,43,44,75.40687160940325,24.593128390596743
base,8905,42,43,63.666121112929616,36.333878887070384
base,8905,42,44,71.03109656301146,28.968903436988548
base,8905,43,44,72.3404255319149,27.6595744680851
base,8910,42,43,71.54811715481172,28.45188284518828
base,8910,42,44,76.15062761506276,23.84937238493724
base,8910,43,44,72.38493723849372,27.61506276150628
base,8930,42,43,66.39511201629328,33.604887983706725
base,8930,42,44,67.61710794297352,32.38289205702648
base,8930,43,44,65.88594704684317,34.11405295315683
base,8942,42,43,58.921161825726145,41.078838174273855
base,8942,42,44,73.02904564315352,26.970954356846477
base,8942,43,44,60.58091286307054,39.41908713692946
base,8944,42,43,33.61344537815126,66.38655462184873
base,8944,42,44,75.63025210084034,24.369747899159666
base,8944,43,44,38.655462184873954,61.34453781512605
base,8956,42,43,65.0,35.0
base,8956,42,44,68.04347826086956,31.956521739130437
base,8956,43,44,65.43478260869566,34.56521739130435
base,8961,42,43,74.91039426523297,25.08960573476703
base,8961,42,44,73.83512544802868,26.16487455197133
base,8961,43,44,75.62724014336918,24.37275985663082
base,8964,42,43,67.06586826347305,32.93413173652695
base,8964,42,44,72.45508982035929,27.544910179640713
base,8964,43,44,71.8562874251497,28.143712574850298
base,8984,42,43,70.46263345195729,29.53736654804271
base,8984,42,44,69.03914590747331,30.96085409252669
base,8984,43,44,74.37722419928826,25.62277580071174
base,8988,42,43,70.72538860103627,29.274611398963735
base,8988,42,44,70.46632124352331,29.53367875647669
base,8988,43,44,73.83419689119171,26.165803108808294
base,9041,42,43,84.90566037735849,15.094339622641506
base,9041,42,44,81.13207547169812,18.867924528301884
base,9041,43,44,84.90566037735849,15.094339622641506
base,9063,42,43,50.90909090909091,49.09090909090909
base,9063,42,44,54.54545454545454,45.45454545454546
base,9063,43,44,58.18181818181818,41.81818181818182
base,9070,42,43,47.61904761904761,52.38095238095239
base,9070,42,44,56.19047619047619,43.80952380952381
base,9070,43,44,51.42857142857142,48.57142857142858
base,9092,42,43,75.56561085972851,24.434389140271495
base,9092,42,44,76.2443438914027,23.75565610859729
base,9092,43,44,74.6606334841629,25.339366515837103
base,9106,42,43,72.20216606498195,27.797833935018048
base,9106,42,44,70.03610108303249,29.963898916967512
base,9106,43,44,74.36823104693141,25.63176895306859
base,9130,42,43,74.84276729559748,25.15723270440252
base,9130,42,44,81.76100628930818,18.23899371069182
base,9130,43,44,76.10062893081762,23.899371069182386
base,9139,42,43,65.60846560846561,34.39153439153439
base,9139,42,44,66.66666666666666,33.333333333333336
base,9139,43,44,73.01587301587301,26.984126984126988
base,9141,42,43,65.95744680851064,34.04255319148937
base,9141,42,44,71.27659574468085,28.723404255319153
base,9141,43,44,65.95744680851064,34.04255319148937
base,9155,42,43,75.45909849749583,24.540901502504177
base,9155,42,44,76.29382303839732,23.706176961602676
base,9155,43,44,75.95993322203672,24.040066777963276
base,9163,42,43,71.33220910623946,28.667790893760536
base,9163,42,44,65.26138279932546,34.73861720067454
base,9163,43,44,65.93591905564924,34.06408094435076
base,9188,42,43,84.0,16.000000000000004
base,9188,42,44,77.77777777777779,22.22222222222222
base,9188,43,44,76.0,24.0
base,9189,42,43,78.55711422845691,21.442885771543086
base,9189,42,44,74.34869739478958,25.651302605210425
base,9189,43,44,72.14428857715431,27.855711422845687
base,9195,42,43,50.0,50.0
base,9195,42,44,39.67391304347826,60.32608695652174
base,9195,43,44,37.22826086956522,62.77173913043479
base,9196,42,43,67.96116504854369,32.03883495145631
base,9196,42,44,62.37864077669902,37.62135922330098
base,9196,43,44,64.56310679611651,35.43689320388349
base,9200,42,43,74.87437185929649,25.125628140703515
base,9200,42,44,68.34170854271356,31.658291457286435
base,9200,43,44,63.31658291457286,36.68341708542714
base,9201,42,43,74.70881863560732,25.291181364392678
base,9201,42,44,73.04492512479202,26.955074875207984
base,9201,43,44,73.71048252911814,26.28951747088186
base,9205,42,43,75.05376344086021,24.94623655913979
base,9205,42,44,75.05376344086021,24.94623655913979
base,9205,43,44,76.55913978494624,23.44086021505376
base,9209,42,43,76.39593908629442,23.60406091370558
base,9209,42,44,76.14213197969542,23.857868020304572
base,9209,43,44,73.3502538071066,26.649746192893396
base,9211,42,43,70.6989247311828,29.3010752688172
base,9211,42,44,64.51612903225806,35.483870967741936
base,9211,43,44,68.27956989247312,31.720430107526887
base,9217,42,43,77.40963855421687,22.590361445783135
base,9217,42,44,77.40963855421687,22.590361445783135
base,9217,43,44,75.90361445783132,24.096385542168676
base,9232,42,43,75.0,25.0
base,9232,42,44,76.31578947368422,23.684210526315784
base,9232,43,44,82.89473684210526,17.105263157894733
base,9240,42,43,61.849710982658955,38.150289017341045
base,9240,42,44,66.47398843930635,33.52601156069365
base,9240,43,44,59.53757225433526,40.46242774566474
base,9246,42,43,64.74358974358975,35.256410256410255
base,9246,42,44,60.89743589743589,39.10256410256411
base,9246,43,44,66.34615384615384,33.65384615384615
base,9247,42,43,71.15384615384616,28.846153846153843
base,9247,42,44,68.26923076923077,31.73076923076923
base,9247,43,44,75.96153846153845,24.03846153846154
base,9253,42,43,76.27118644067797,23.728813559322038
base,9253,42,44,76.27118644067797,23.728813559322038
base,9253,43,44,75.52966101694916,24.470338983050844
base,9258,42,43,75.49407114624506,24.505928853754945
base,9258,42,44,76.28458498023716,23.715415019762844
base,9258,43,44,73.12252964426878,26.877470355731226
base,9277,42,43,77.77777777777779,22.22222222222222
base,9277,42,44,83.33333333333334,16.666666666666664
base,9277,43,44,75.92592592592592,24.07407407407407
base,9282,42,43,75.29691211401425,24.703087885985752
base,9282,42,44,71.02137767220903,28.97862232779097
base,9282,43,44,76.24703087885986,23.752969121140143
base,9295,42,43,57.89473684210527,42.10526315789473
base,9295,42,44,60.04784688995215,39.95215311004785
base,9295,43,44,62.67942583732058,37.32057416267942
base,9311,42,43,59.65909090909091,40.34090909090909
base,9311,42,44,48.86363636363637,51.13636363636363
base,9311,43,44,63.63636363636363,36.36363636363637
base,9321,42,43,71.81996086105676,28.180039138943247
base,9321,42,44,71.42857142857143,28.57142857142857
base,9321,43,44,67.12328767123287,32.87671232876712
base,9330,42,43,78.0399274047187,21.96007259528131
base,9330,42,44,79.3103448275862,20.68965517241379
base,9330,43,44,76.40653357531761,23.593466424682397
base,9334,42,43,73.33333333333333,26.66666666666667
base,9334,42,44,73.33333333333333,26.66666666666667
base,9334,43,44,83.7037037037037,16.296296296296298
base,9335,42,43,54.32432432432432,45.67567567567568
base,9335,42,44,59.189189189189186,40.810810810810814
base,9335,43,44,42.7027027027027,57.29729729729729
base,9338,42,43,73.68421052631578,26.315789473684216
base,9338,42,44,64.91228070175438,35.08771929824561
base,9338,43,44,66.66666666666666,33.333333333333336
base,9348,42,43,62.589928057553955,37.410071942446045
base,9348,42,44,66.18705035971223,33.81294964028777
base,9348,43,44,65.46762589928058,34.53237410071942
base,9374,42,43,75.86206896551724,24.13793103448276
base,9374,42,44,72.03065134099617,27.969348659003835
base,9374,43,44,70.3065134099617,29.693486590038308
base,9380,42,43,68.9828801611279,31.01711983887211
base,9380,42,44,69.88922457200403,30.11077542799597
base,9380,43,44,69.48640483383686,30.513595166163142
base,9416,42,43,74.90494296577947,25.095057034220535
base,9416,42,44,78.32699619771863,21.673003802281364
base,9416,43,44,74.90494296577947,25.095057034220535
base,9474,42,43,73.26732673267327,26.732673267326735
base,9474,42,44,69.55445544554455,30.445544554455452
base,9474,43,44,73.26732673267327,26.732673267326735
base,9484,42,43,71.42857142857143,28.57142857142857
base,9484,42,44,71.42857142857143,28.57142857142857
base,9484,43,44,72.09302325581395,27.906976744186053
base,9503,42,43,75.33333333333333,24.66666666666667
base,9503,42,44,67.0,32.99999999999999
base,9503,43,44,70.33333333333334,29.666666666666664
base,9512,42,43,77.89291882556131,22.10708117443869
base,9512,42,44,77.720207253886,22.27979274611399
base,9512,43,44,77.720207253886,22.27979274611399
base,9517,42,43,45.033112582781456,54.96688741721854
base,9517,42,44,47.019867549668874,52.980132450331126
base,9517,43,44,46.35761589403973,53.642384105960275
base,9531,42,43,70.16806722689076,29.831932773109248
base,9531,42,44,66.38655462184873,33.61344537815126
base,9531,43,44,68.4873949579832,31.512605042016805
base,9565,42,43,68.15286624203821,31.84713375796179
base,9565,42,44,65.28662420382165,34.71337579617835
base,9565,43,44,74.84076433121018,25.159235668789815
base,9566,42,43,61.56716417910447,38.43283582089553
base,9566,42,44,65.67164179104478,34.32835820895522
base,9566,43,44,61.56716417910447,38.43283582089553
base,9568,42,43,72.5,27.500000000000004
base,9568,42,44,71.875,28.125
base,9568,43,44,73.75,26.249999999999996
base,9574,42,43,76.5873015873016,23.412698412698408
base,9574,42,44,76.5873015873016,23.412698412698408
base,9574,43,44,77.38095238095238,22.619047619047617
base,9586,42,43,68.03900325027085,31.96099674972914
base,9586,42,44,66.52221018418201,33.477789815817985
base,9586,43,44,66.95557963163597,33.04442036836404
base,9587,42,43,74.02985074626865,25.970149253731346
base,9587,42,44,73.73134328358208,26.268656716417915
base,9587,43,44,73.13432835820896,26.865671641791046
base,9588,42,43,70.66666666666667,29.333333333333332
base,9588,42,44,74.66666666666667,25.33333333333333
base,9588,43,44,73.77777777777777,26.222222222222225
base,9606,42,43,68.4375,31.562500000000004
base,9606,42,44,65.9375,34.06249999999999
base,9606,43,44,68.75,31.25
base,9607,42,43,73.30097087378641,26.699029126213592
base,9607,42,44,67.47572815533981,32.52427184466019
base,9607,43,44,65.53398058252428,34.46601941747572
base,9627,42,43,75.61475409836066,24.38524590163934
base,9627,42,44,74.38524590163934,25.61475409836066
base,9627,43,44,77.04918032786885,22.95081967213115
base,9631,42,43,53.72340425531915,46.27659574468085
base,9631,42,44,56.91489361702128,43.08510638297872
base,9631,43,44,61.702127659574465,38.297872340425535
base,9641,42,43,70.32967032967034,29.670329670329664
base,9641,42,44,70.32967032967034,29.670329670329664
base,9641,43,44,68.57142857142857,31.428571428571427
base,9649,42,43,74.85928705440901,25.14071294559099
base,9649,42,44,73.73358348968105,26.266416510318948
base,9649,43,44,74.48405253283302,25.515947467166978
base,9671,42,43,71.08843537414967,28.91156462585034
base,9671,42,44,69.72789115646259,30.272108843537417
base,9671,43,44,77.21088435374149,22.789115646258505
base,9676,42,43,63.47517730496454,36.52482269503546
base,9676,42,44,63.12056737588653,36.87943262411347
base,9676,43,44,63.12056737588653,36.87943262411347
base,9695,42,43,65.40880503144653,34.59119496855346
base,9695,42,44,57.861635220125784,42.138364779874216
base,9695,43,44,62.264150943396224,37.735849056603776
base,9715,42,43,69.49685534591194,30.503144654088054
base,9715,42,44,70.44025157232704,29.55974842767296
base,9715,43,44,68.55345911949685,31.44654088050315
base,9757,42,43,70.98214285714286,29.01785714285714
base,9757,42,44,68.30357142857143,31.69642857142857
base,9757,43,44,70.98214285714286,29.01785714285714
base,9758,42,43,79.33673469387756,20.663265306122447
base,9758,42,44,76.78571428571429,23.214285714285708
base,9758,43,44,74.74489795918367,25.255102040816325
base,9763,42,43,71.68576104746317,28.31423895253683
base,9763,42,44,67.9214402618658,32.0785597381342
base,9763,43,44,71.35842880523732,28.641571194762683
base,9765,42,43,72.44582043343654,27.554179566563462
base,9765,42,44,76.16099071207431,23.839009287925695
base,9765,43,44,80.4953560371517,19.5046439628483
base,9767,42,43,70.67448680351906,29.325513196480934
base,9767,42,44,79.47214076246334,20.52785923753666
base,9767,43,44,71.26099706744868,28.739002932551315
base,9775,42,43,73.85740402193784,26.142595978062154
base,9775,42,44,74.58866544789763,25.41133455210237
base,9775,43,44,73.85740402193784,26.142595978062154
base,9792,42,43,38.57142857142858,61.42857142857143
base,9792,42,44,61.42857142857143,38.57142857142857
base,9792,43,44,30.0,70.0
base,9802,42,43,76.88311688311688,23.116883116883113
base,9802,42,44,76.1038961038961,23.89610389610389
base,9802,43,44,80.25974025974027,19.740259740259734
base,9807,42,43,66.07669616519173,33.92330383480826
base,9807,42,44,69.32153392330383,30.678466076696164
base,9807,43,44,67.55162241887905,32.448377581120944
base,9810,42,43,74.82993197278913,25.170068027210878
base,9810,42,44,64.62585034013605,35.37414965986394
base,9810,43,44,68.70748299319727,31.292517006802722
base,9868,42,43,46.321525885558586,53.67847411444142
base,9868,42,44,48.50136239782017,51.49863760217983
base,9868,43,44,50.13623978201635,49.86376021798365
base,9873,42,43,72.9113924050633,27.088607594936708
base,9873,42,44,76.70886075949367,23.291139240506332
base,9873,43,44,74.68354430379746,25.31645569620253
base,9877,42,43,44.827586206896555,55.172413793103445
base,9877,42,44,44.827586206896555,55.172413793103445
base,9877,43,44,37.06896551724138,62.93103448275862
base,9886,42,43,76.37362637362637,23.62637362637363
base,9886,42,44,78.57142857142857,21.42857142857143
base,9886,43,44,72.52747252747253,27.472527472527474
base,9895,42,43,67.27272727272727,32.72727272727273
base,9895,42,44,69.6969696969697,30.303030303030297
base,9895,43,44,65.45454545454545,34.54545454545455
base,9900,42,43,77.04918032786885,22.95081967213115
base,9900,42,44,63.934426229508205,36.065573770491795
base,9900,43,44,69.39890710382514,30.601092896174865
base,9902,42,43,60.332103321033216,39.667896678966784
base,9902,42,44,60.147601476014756,39.852398523985244
base,9902,43,44,55.71955719557196,44.28044280442804
base,9922,42,43,57.01754385964912,42.98245614035088
base,9922,42,44,48.24561403508772,51.75438596491229
base,9922,43,44,52.63157894736842,47.36842105263158
base,9936,42,43,72.05128205128204,27.94871794871795
base,9936,42,44,72.3076923076923,27.692307692307693
base,9936,43,44,73.58974358974359,26.410256410256405
base,9949,42,43,28.07017543859649,71.9298245614035
base,9949,42,44,22.807017543859647,77.19298245614034
base,9949,43,44,49.122807017543856,50.877192982456144
base,9966,42,43,76.35467980295566,23.645320197044338
base,9966,42,44,73.39901477832512,26.60098522167488
base,9966,43,44,70.93596059113301,29.064039408866993
base,9974,42,43,66.76258992805757,33.23741007194244
base,9974,42,44,66.76258992805757,33.23741007194244
base,9974,43,44,67.19424460431654,32.805755395683455
marslike,0007,42,43,72.61261261261261,27.387387387387385
marslike,0007,42,44,70.09009009009009,29.909909909909913
marslike,0007,43,44,73.33333333333333,26.66666666666667
marslike,0014,42,43,53.459119496855344,46.540880503144656
marslike,0014,42,44,58.490566037735846,41.509433962264154
marslike,0014,43,44,53.459119496855344,46.540880503144656
marslike,0026,42,43,77.89115646258503,22.10884353741497
marslike,0026,42,44,77.55102040816327,22.44897959183674
marslike,0026,43,44,76.19047619047619,23.809523809523814
marslike,0049,42,43,69.89247311827957,30.107526881720425
marslike,0049,42,44,71.50537634408603,28.494623655913976
marslike,0049,43,44,68.81720430107528,31.182795698924725
marslike,0060,42,43,72.88135593220339,27.118644067796616
marslike,0060,42,44,66.52542372881356,33.47457627118644
marslike,0060,43,44,70.76271186440678,29.23728813559322
marslike,0062,42,43,76.11940298507463,23.880597014925375
marslike,0062,42,44,74.6268656716418,25.373134328358205
marslike,0062,43,44,73.13432835820896,26.865671641791046
marslike,0076,42,43,70.23809523809523,29.761904761904766
marslike,0076,42,44,64.28571428571429,35.71428571428571
marslike,0076,43,44,60.71428571428571,39.28571428571429
marslike,0095,42,43,76.15384615384615,23.84615384615385
marslike,0095,42,44,75.0,25.0
marslike,0095,43,44,74.23076923076923,25.769230769230766
marslike,0115,42,43,71.86311787072243,28.136882129277563
marslike,0115,42,44,74.1444866920152,25.85551330798479
marslike,0115,43,44,78.70722433460075,21.292775665399244
marslike,0128,42,43,75.71428571428571,24.28571428571429
marslike,0128,42,44,67.85714285714286,32.14285714285714
marslike,0128,43,44,75.71428571428571,24.28571428571429
marslike,0146,42,43,74.3801652892562,25.619834710743806
marslike,0146,42,44,66.11570247933885,33.88429752066116
marslike,0146,43,44,76.03305785123968,23.966942148760328
marslike,0153,42,43,65.4320987654321,34.5679012345679
marslike,0153,42,44,61.72839506172839,38.27160493827161
marslike,0153,43,44,66.66666666666666,33.333333333333336
marslike,0154,42,43,74.8792270531401,25.120772946859905
marslike,0154,42,44,69.08212560386472,30.917874396135268
marslike,0154,43,44,71.49758454106279,28.502415458937204
marslike,0161,42,43,74.32762836185819,25.67237163814181
marslike,0161,42,44,75.06112469437653,24.938875305623476
marslike,0161,43,44,76.28361858190709,23.716381418092915
marslike,0168,42,43,56.75675675675676,43.24324324324324
marslike,0168,42,44,58.108108108108105,41.891891891891895
marslike,0168,43,44,65.76576576576578,34.23423423423423
marslike,0173,42,43,73.78335949764521,26.216640502354792
marslike,0173,42,44,72.05651491365776,27.943485086342235
marslike,0173,43,44,71.58555729984302,28.414442700156982
marslike,0193,42,43,80.26315789473685,19.736842105263154
marslike,0193,42,44,74.56140350877193,25.438596491228072
marslike,0193,43,44,75.0,25.0
marslike,0219,42,43,72.26277372262774,27.73722627737226
marslike,0219,42,44,72.26277372262774,27.73722627737226
marslike,0219,43,44,67.88321167883211,32.11678832116789
marslike,0226,42,43,73.64341085271317,26.356589147286826
marslike,0226,42,44,68.21705426356588,31.782945736434108
marslike,0226,43,44,73.64341085271317,26.356589147286826
marslike,0233,42,43,65.56962025316456,34.430379746835435
marslike,0233,42,44,63.79746835443038,36.20253164556962
marslike,0233,43,44,61.39240506329114,38.60759493670886
marslike,0238,42,43,77.01149425287356,22.988505747126442
marslike,0238,42,44,71.83908045977012,28.16091954022989
marslike,0238,43,44,74.71264367816092,25.287356321839084
marslike,0240,42,43,74.56953642384106,25.430463576158946
marslike,0240,42,44,77.21854304635761,22.781456953642387
marslike,0240,43,44,77.21854304635761,22.781456953642387
marslike,0250,42,43,73.93939393939394,26.060606060606062
marslike,0250,42,44,72.12121212121212,27.878787878787882
marslike,0250,43,44,73.33333333333333,26.66666666666667
marslike,0264,42,43,78.53107344632768,21.46892655367232
marslike,0264,42,44,71.1864406779661,28.8135593220339
marslike,0264,43,44,72.88135593220339,27.118644067796616
marslike,0265,42,43,69.04761904761905,30.952380952380953
marslike,0265,42,44,65.47619047619048,34.523809523809526
marslike,0265,43,44,67.85714285714286,32.14285714285714
marslike,0268,42,43,64.05594405594405,35.94405594405594
marslike,0268,42,44,65.03496503496503,34.96503496503497
marslike,0268,43,44,65.59440559440559,34.40559440559441
marslike,0269,42,43,78.96678966789668,21.033210332103323
marslike,0269,42,44,76.75276752767527,23.24723247232472
marslike,0269,43,44,78.59778597785979,21.40221402214022
marslike,0291,42,43,63.2183908045977,36.7816091954023
marslike,0291,42,44,78.16091954022988,21.83908045977011
marslike,0291,43,44,60.91954022988506,39.08045977011494
marslike,0298,42,43,69.75806451612904,30.241935483870964
marslike,0298,42,44,72.17741935483872,27.82258064516129
marslike,0298,43,44,66.12903225806451,33.87096774193549
marslike,0312,42,43,71.78217821782178,28.21782178217822
marslike,0312,42,44,71.28712871287128,28.712871287128717
marslike,0312,43,44,72.77227722772277,27.22772277227723
marslike,0321,42,43,62.7906976744186,37.2093023255814
marslike,0321,42,44,63.95348837209303,36.04651162790697
marslike,0321,43,44,62.2093023255814,37.7906976744186
marslike,0356,42,43,59.34065934065934,40.65934065934066
marslike,0356,42,44,62.857142857142854,37.142857142857146
marslike,0356,43,44,59.56043956043956,40.43956043956044
marslike,0358,42,43,73.17880794701986,26.821192052980138
marslike,0358,42,44,74.17218543046357,25.82781456953642
marslike,0358,43,44,73.17880794701986,26.821192052980138
marslike,0369,42,43,72.98245614035088,27.017543859649116
marslike,0369,42,44,72.63157894736842,27.368421052631575
marslike,0369,43,44,71.9298245614035,28.07017543859649
marslike,0370,42,43,69.36936936936937,30.630630630630627
marslike,0370,42,44,70.27027027027027,29.729729729729726
marslike,0370,43,44,75.67567567567568,24.32432432432432
marslike,0376,42,43,69.37321937321937,30.626780626780626
marslike,0376,42,44,73.93162393162393,26.068376068376065
marslike,0376,43,44,69.08831908831908,30.911680911680918
marslike,0384,42,43,75.59055118110236,24.409448818897637
marslike,0384,42,44,57.48031496062992,42.51968503937008
marslike,0384,43,44,61.417322834645674,38.582677165354326
marslike,0391,42,43,72.01834862385321,27.981651376146786
marslike,0391,42,44,67.88990825688074,32.11009174311926
marslike,0391,43,44,75.68807339449542,24.311926605504585
marslike,0398,42,43,63.1578947368421,36.8421052631579
marslike,0398,42,44,66.77631578947368,33.223684210526315
marslike,0398,43,44,71.38157894736842,28.618421052631582
marslike,0410,42,43,75.40229885057471,24.597701149425287
marslike,0410,42,44,77.01149425287356,22.988505747126442
marslike,0410,43,44,73.5632183908046,26.436781609195403
marslike,0413,42,43,74.14248021108179,25.857519788918204
marslike,0413,42,44,74.01055408970977,25.989445910290232
marslike,0413,43,44,72.95514511873351,27.044854881266488
marslike,0415,42,43,63.888888888888886,36.111111111111114
marslike,0415,42,44,72.22222222222221,27.77777777777778
marslike,0415,43,44,70.83333333333334,29.166666666666664
marslike,0424,42,43,67.68211920529801,32.31788079470199
marslike,0424,42,44,70.86092715231787,29.139072847682122
marslike,0424,43,44,72.05298013245033,27.94701986754967
marslike,0428,42,43,67.08860759493672,32.91139240506329
marslike,0428,42,44,72.57383966244726,27.42616033755274
marslike,0428,43,44,70.46413502109705,29.53586497890295
marslike,0450,42,43,70.61855670103093,29.381443298969067
marslike,0450,42,44,71.64948453608247,28.350515463917525
marslike,0450,43,44,68.04123711340206,31.958762886597935
marslike,0455,42,43,59.6551724137931,40.3448275862069
marslike,0455,42,44,63.44827586206897,36.55172413793103
marslike,0455,43,44,58.620689655172406,41.379310344827594
marslike,0457,42,43,69.7566628041715,30.243337195828502
marslike,0457,42,44,69.0614136732329,30.938586326767094
marslike,0457,43,44,68.71378910776362,31.286210892236387
marslike,0462,42,43,75.52301255230127,24.47698744769874
marslike,0462,42,44,71.54811715481172,28.45188284518828
marslike,0462,43,44,74.47698744769873,25.52301255230126
marslike,0471,42,43,63.90977443609023,36.09022556390977
marslike,0471,42,44,61.65413533834586,38.34586466165414
marslike,0471,43,44,58.64661654135338,41.35338345864662
marslike,0475,42,43,67.27272727272727,32.72727272727273
marslike,0475,42,44,70.9090909090909,29.09090909090909
marslike,0475,43,44,63.63636363636363,36.36363636363637
marslike,0497,42,43,66.36636636636636,33.63363363363363
marslike,0497,42,44,67.26726726726727,32.73273273273273
marslike,0497,43,44,66.96696696696696,33.033033033033036
marslike,0512,42,43,74.6059544658494,25.39404553415061
marslike,0512,42,44,68.47635726795096,31.52364273204904
marslike,0512,43,44,70.75306479859896,29.246935201401048
marslike,0513,42,43,75.84615384615384,24.15384615384616
marslike,0513,42,44,73.6923076923077,26.30769230769231
marslike,0513,43,44,73.84615384615385,26.15384615384615
marslike,0556,42,43,63.020833333333336,36.979166666666664
marslike,0556,42,44,61.979166666666664,38.020833333333336
marslike,0556,43,44,67.70833333333334,32.291666666666664
marslike,0563,42,43,70.42640990371389,29.573590096286107
marslike,0563,42,44,72.90233837689132,27.09766162310867
marslike,0563,43,44,70.56396148555709,29.43603851444292
marslike,0615,42,43,72.28070175438597,27.719298245614034
marslike,0615,42,44,70.87719298245614,29.122807017543863
marslike,0615,43,44,72.28070175438597,27.719298245614034
marslike,0626,42,43,77.21518987341773,22.78481012658228
marslike,0626,42,44,72.78481012658227,27.21518987341772
marslike,0626,43,44,74.0506329113924,25.9493670886076
marslike,0641,42,43,57.44274809160306,42.55725190839694
marslike,0641,42,44,63.93129770992366,36.06870229007634
marslike,0641,43,44,57.25190839694656,42.74809160305344
marslike,0646,42,43,46.36363636363636,53.63636363636364
marslike,0646,42,44,71.81818181818181,28.181818181818187
marslike,0646,43,44,43.63636363636363,56.363636363636374
marslike,0668,42,43,66.96696696696696,33.033033033033036
marslike,0668,42,44,69.36936936936937,30.630630630630627
marslike,0668,43,44,68.16816816816817,31.831831831831835
marslike,0690,42,43,70.16129032258065,29.838709677419352
marslike,0690,42,44,80.64516129032258,19.354838709677423
marslike,0690,43,44,71.7741935483871,28.2258064516129
marslike,0701,42,43,73.27188940092167,26.728110599078335
marslike,0701,42,44,72.11981566820278,27.88018433179723
marslike,0701,43,44,72.81105990783409,27.188940092165904
marslike,0711,42,43,49.166666666666664,50.83333333333333
marslike,0711,42,44,51.66666666666667,48.33333333333333
marslike,0711,43,44,75.0,25.0
marslike,0713,42,43,50.72463768115942,49.27536231884058
marslike,0713,42,44,57.971014492753625,42.028985507246375
marslike,0713,43,44,53.62318840579711,46.37681159420289
marslike,0744,42,43,63.41463414634146,36.58536585365854
marslike,0744,42,44,60.24390243902439,39.75609756097561
marslike,0744,43,44,64.63414634146342,35.36585365853659
marslike,0747,42,43,58.82352941176471,41.17647058823529
marslike,0747,42,44,58.13148788927336,41.86851211072664
marslike,0747,43,44,66.43598615916954,33.564013840830455
marslike,0757,42,43,59.43396226415094,40.56603773584906
marslike,0757,42,44,52.83018867924528,47.16981132075472
marslike,0757,43,44,64.15094339622641,35.84905660377359
marslike,0763,42,43,74.33808553971487,25.66191446028513
marslike,0763,42,44,73.31975560081466,26.680244399185337
marslike,0763,43,44,72.91242362525459,27.087576374745414
marslike,0773,42,43,72.63157894736842,27.368421052631575
marslike,0773,42,44,68.42105263157895,31.57894736842105
marslike,0773,43,44,62.63157894736842,37.36842105263158
marslike,0799,42,43,74.47306791569088,25.526932084309127
marslike,0799,42,44,72.8337236533958,27.166276346604214
marslike,0799,43,44,74.35597189695551,25.64402810304449
marslike,0816,42,43,72.50673854447439,27.49326145552561
marslike,0816,42,44,69.94609164420486,30.053908355795144
marslike,0816,43,44,70.35040431266847,29.64959568733153
marslike,0824,42,43,75.31120331950207,24.688796680497926
marslike,0824,42,44,75.72614107883817,24.27385892116183
marslike,0824,43,44,76.55601659751036,23.443983402489632
marslike,0865,42,43,73.11111111111111,26.888888888888886
marslike,0865,42,44,73.11111111111111,26.888888888888886
marslike,0865,43,44,74.22222222222223,25.77777777777778
marslike,0918,42,43,79.1044776119403,20.895522388059707
marslike,0918,42,44,75.3731343283582,24.626865671641795
marslike,0918,43,44,73.88059701492537,26.119402985074625
marslike,0970,42,43,51.06382978723404,48.93617021276596
marslike,0970,42,44,60.63829787234043,39.36170212765957
marslike,0970,43,44,73.40425531914893,26.595744680851062
marslike,1031,42,43,56.69291338582677,43.30708661417323
marslike,1031,42,44,61.417322834645674,38.582677165354326
marslike,1031,43,44,62.20472440944882,37.79527559055118
marslike,1041,42,43,77.12871287128714,22.87128712871287
marslike,1041,42,44,77.92079207920793,22.079207920792076
marslike,1041,43,44,79.20792079207921,20.79207920792079
marslike,1061,42,43,74.30555555555556,25.694444444444443
marslike,1061,42,44,75.92592592592592,24.07407407407407
marslike,1061,43,44,76.1574074074074,23.84259259259259
marslike,1072,42,43,67.22689075630252,32.773109243697476
marslike,1072,42,44,69.74789915966386,30.252100840336137
marslike,1072,43,44,68.4873949579832,31.512605042016805
marslike,1136,42,43,63.6998254799302,36.3001745200698
marslike,1136,42,44,62.478184991274,37.521815008726
marslike,1136,43,44,68.06282722513089,31.937172774869104
marslike,1198,42,43,69.54732510288066,30.452674897119337
marslike,1198,42,44,68.3127572016461,31.68724279835391
marslike,1198,43,44,69.95884773662551,30.04115226337448
marslike,1209,42,43,70.9483793517407,29.051620648259302
marslike,1209,42,44,71.54861944777912,28.451380552220883
marslike,1209,43,44,69.86794717887155,30.132052821128454
marslike,1216,42,43,73.70370370370371,26.296296296296294
marslike,1216,42,44,73.70370370370371,26.296296296296294
marslike,1216,43,44,77.77777777777779,22.22222222222222
marslike,1240,42,43,74.29805615550757,25.701943844492437
marslike,1240,42,44,74.73002159827213,25.269978401727865
marslike,1240,43,44,74.73002159827213,25.269978401727865
marslike,1241,42,43,64.11483253588517,35.88516746411483
marslike,1241,42,44,64.11483253588517,35.88516746411483
marslike,1241,43,44,70.81339712918661,29.186602870813395
marslike,1267,42,43,74.19928825622776,25.800711743772244
marslike,1267,42,44,74.19928825622776,25.800711743772244
marslike,1267,43,44,70.8185053380783,29.181494661921704
marslike,1269,42,43,74.44444444444444,25.555555555555554
marslike,1269,42,44,73.33333333333333,26.66666666666667
marslike,1269,43,44,76.66666666666667,23.33333333333333
marslike,1275,42,43,63.63636363636363,36.36363636363637
marslike,1275,42,44,63.63636363636363,36.36363636363637
marslike,1275,43,44,62.845849802371546,37.154150197628454
marslike,1298,42,43,58.575197889182064,41.424802110817936
marslike,1298,42,44,61.74142480211082,38.25857519788918
marslike,1298,43,44,68.86543535620054,31.134564643799468
marslike,1316,42,43,63.20474777448071,36.79525222551929
marslike,1316,42,44,69.13946587537092,30.86053412462908
marslike,1316,43,44,63.20474777448071,36.79525222551929
marslike,1329,42,43,48.148148148148145,51.85185185185186
marslike,1329,42,44,31.48148148148148,68.5185185185185
marslike,1329,43,44,46.2962962962963,53.703703703703695
marslike,1337,42,43,68.65203761755487,31.34796238244514
marslike,1337,42,44,74.60815047021944,25.391849529780565
marslike,1337,43,44,73.98119122257053,26.01880877742947
marslike,1342,42,43,72.89433384379785,27.105666156202147
marslike,1342,42,44,70.29096477794793,29.709035222052073
marslike,1342,43,44,68.60643185298622,31.393568147013784
marslike,1345,42,43,64.08450704225352,35.91549295774647
marslike,1345,42,44,71.83098591549296,28.169014084507037
marslike,1345,43,44,67.6056338028169,32.3943661971831
marslike,1349,42,43,71.67832167832168,28.321678321678323
marslike,1349,42,44,75.52447552447552,24.47552447552448
marslike,1349,43,44,73.07692307692307,26.923076923076927
marslike,1368,42,43,71.09004739336493,28.90995260663507
marslike,1368,42,44,68.24644549763033,31.753554502369663
marslike,1368,43,44,67.77251184834124,32.22748815165877
marslike,1379,42,43,57.51633986928104,42.48366013071896
marslike,1379,42,44,61.43790849673203,38.56209150326797
marslike,1379,43,44,55.55555555555556,44.44444444444444
marslike,1380,42,43,74.14383561643835,25.85616438356164
marslike,1380,42,44,70.03424657534246,29.96575342465754
marslike,1380,43,44,74.82876712328768,25.171232876712324
marslike,1384,42,43,71.0594315245478,28.9405684754522
marslike,1384,42,44,67.95865633074936,32.041343669250644
marslike,1384,43,44,72.3514211886305,27.648578811369507
marslike,1389,42,43,66.41509433962264,33.58490566037736
marslike,1389,42,44,64.52830188679245,35.47169811320755
marslike,1389,43,44,63.0188679245283,36.9811320754717
marslike,1421,42,43,69.58333333333333,30.41666666666667
marslike,1421,42,44,68.33333333333333,31.666666666666664
marslike,1421,43,44,70.0,30.000000000000004
marslike,1427,42,43,73.44398340248964,26.556016597510368
marslike,1427,42,44,66.18257261410788,33.81742738589212
marslike,1427,43,44,64.31535269709543,35.68464730290456
marslike,1428,42,43,76.47058823529412,23.529411764705888
marslike,1428,42,44,77.00534759358288,22.994652406417117
marslike,1428,43,44,78.07486631016043,21.92513368983957
marslike,1429,42,43,67.84968684759917,32.150313152400834
marslike,1429,42,44,67.64091858037578,32.35908141962421
marslike,1429,43,44,71.81628392484343,28.183716075156575
marslike,1432,42,43,78.07486631016043,21.92513368983957
marslike,1432,42,44,67.37967914438502,32.62032085561497
marslike,1432,43,44,65.77540106951871,34.224598930481285
marslike,1433,42,43,66.83417085427136,33.165829145728644
marslike,1433,42,44,66.70854271356784,33.291457286432156
marslike,1433,43,44,65.20100502512562,34.798994974874375
marslike,1457,42,43,75.21222410865875,24.78777589134126
marslike,1457,42,44,71.30730050933785,28.692699490662143
marslike,1457,43,44,70.96774193548387,29.032258064516125
marslike,1471,42,43,72.98674821610601,27.01325178389399
marslike,1471,42,44,72.88481141692151,27.115188583078485
marslike,1471,43,44,73.49643221202854,26.50356778797146
marslike,1474,42,43,65.3061224489796,34.693877551020414
marslike,1474,42,44,70.06802721088435,29.931972789115648
marslike,1474,43,44,78.2312925170068,21.7687074829932
marslike,1494,42,43,70.76923076923077,29.230769230769226
marslike,1494,42,44,67.6923076923077,32.30769230769231
marslike,1494,43,44,78.46153846153847,21.53846153846154
marslike,1510,42,43,61.197916666666664,38.802083333333336
marslike,1510,42,44,64.84375,35.15625
marslike,1510,43,44,66.92708333333334,33.072916666666664
marslike,1515,42,43,71.25,28.749999999999996
marslike,1515,42,44,74.16666666666667,25.83333333333333
marslike,1515,43,44,72.08333333333333,27.916666666666668
marslike,1517,42,43,69.32515337423312,30.67484662576687
marslike,1517,42,44,70.5521472392638,29.447852760736193
marslike,1517,43,44,69.01840490797547,30.981595092024538
marslike,1521,42,43,73.52941176470588,26.470588235294112
marslike,1521,42,44,73.68421052631578,26.315789473684216
marslike,1521,43,44,72.60061919504643,27.399380804953566
marslike,1545,42,43,72.84263959390863,27.157360406091367
marslike,1545,42,44,77.15736040609137,22.842639593908633
marslike,1545,43,44,72.58883248730965,27.41116751269036
marslike,1569,42,43,73.87640449438202,26.12359550561798
marslike,1569,42,44,75.28089887640449,24.71910112359551
marslike,1569,43,44,75.0,25.0
marslike,1587,42,43,73.36683417085426,26.63316582914573
marslike,1587,42,44,71.35678391959799,28.643216080402013
marslike,1587,43,44,70.35175879396985,29.648241206030146
marslike,1589,42,43,71.42857142857143,28.57142857142857
marslike,1589,42,44,65.51724137931035,34.48275862068966
marslike,1589,43,44,71.42857142857143,28.57142857142857
marslike,1598,42,43,71.49220489977728,28.507795100222722
marslike,1598,42,44,74.61024498886414,25.38975501113586
marslike,1598,43,44,68.8195991091314,31.180400890868597
marslike,1599,42,43,75.55555555555556,24.444444444444446
marslike,1599,42,44,73.33333333333333,26.66666666666667
marslike,1599,43,44,78.88888888888889,21.111111111111114
marslike,1609,42,43,62.78026905829597,37.21973094170403
marslike,1609,42,44,70.85201793721974,29.147982062780265
marslike,1609,43,44,69.95515695067265,30.04484304932735
marslike,1623,42,43,72.81045751633987,27.189542483660134
marslike,1623,42,44,74.11764705882354,25.882352941176467
marslike,1623,43,44,74.90196078431373,25.098039215686274
marslike,1628,42,43,76.34782608695653,23.652173913043473
marslike,1628,42,44,75.82608695652175,24.173913043478258
marslike,1628,43,44,77.04347826086956,22.95652173913043
marslike,1634,42,43,69.92753623188406,30.07246376811594
marslike,1634,42,44,69.20289855072464,30.797101449275367
marslike,1634,43,44,68.11594202898551,31.88405797101449
marslike,1643,42,43,64.63414634146342,35.36585365853659
marslike,1643,42,44,74.39024390243902,25.609756097560975
marslike,1643,43,44,65.85365853658537,34.14634146341463
marslike,1644,42,43,48.529411764705884,51.470588235294116
marslike,1644,42,44,54.41176470588235,45.58823529411765
marslike,1644,43,44,44.11764705882353,55.88235294117647
marslike,1646,42,43,71.20141342756183,28.798586572438168
marslike,1646,42,44,73.85159010600707,26.14840989399293
marslike,1646,43,44,69.08127208480566,30.918727915194346
marslike,1663,42,43,70.23809523809523,29.761904761904766
marslike,1663,42,44,73.01587301587301,26.984126984126988
marslike,1663,43,44,70.23809523809523,29.761904761904766
marslike,1689,42,43,73.70242214532871,26.29757785467128
marslike,1689,42,44,69.20415224913495,30.795847750865057
marslike,1689,43,44,71.97231833910035,28.02768166089965
marslike,1692,42,43,71.8004338394794,28.199566160520607
marslike,1692,42,44,74.40347071583514,25.59652928416486
marslike,1692,43,44,77.00650759219089,22.993492407809114
marslike,1717,42,43,73.24561403508771,26.754385964912288
marslike,1717,42,44,77.19298245614034,22.807017543859654
marslike,1717,43,44,75.0,25.0
marslike,1722,42,43,66.22340425531915,33.77659574468085
marslike,1722,42,44,68.61702127659575,31.382978723404253
marslike,1722,43,44,69.68085106382979,30.319148936170215
marslike,1735,42,43,72.72727272727273,27.27272727272727
marslike,1735,42,44,63.63636363636363,36.36363636363637
marslike,1735,43,44,68.53146853146853,31.46853146853147
marslike,1741,42,43,70.1657458563536,29.83425414364641
marslike,1741,42,44,74.03314917127072,25.96685082872928
marslike,1741,43,44,77.90055248618785,22.099447513812155
marslike,1742,42,43,72.61904761904762,27.380952380952383
marslike,1742,42,44,68.45238095238095,31.547619047619047
marslike,1742,43,44,73.80952380952381,26.190476190476186
marslike,1748,42,43,68.92430278884463,31.075697211155372
marslike,1748,42,44,64.5418326693227,35.45816733067729
marslike,1748,43,44,68.92430278884463,31.075697211155372
marslike,1752,42,43,65.07747318235995,34.92252681764004
marslike,1752,42,44,63.88557806912991,36.11442193087009
marslike,1752,43,44,60.905840286054826,39.094159713945174
marslike,1792,42,43,68.5,31.499999999999993
marslike,1792,42,44,68.0,31.999999999999996
marslike,1792,43,44,62.5,37.5
marslike,1799,42,43,61.50793650793651,38.49206349206349
marslike,1799,42,44,61.904761904761905,38.095238095238095
marslike,1799,43,44,73.80952380952381,26.190476190476186
marslike,1813,42,43,68.09421841541756,31.90578158458244
marslike,1813,42,44,72.37687366167023,27.62312633832976
marslike,1813,43,44,74.30406852248393,25.695931477516066
marslike,1830,42,43,70.39170506912443,29.60829493087558
marslike,1830,42,44,71.6589861751152,28.341013824884797
marslike,1830,43,44,68.89400921658986,31.105990783410142
marslike,1844,42,43,69.23076923076923,30.76923076923077
marslike,1844,42,44,70.15384615384616,29.846153846153843
marslike,1844,43,44,72.3076923076923,27.692307692307693
marslike,1882,42,43,60.46511627906976,39.53488372093024
marslike,1882,42,44,67.44186046511628,32.55813953488372
marslike,1882,43,44,55.81395348837209,44.18604651162791
marslike,1905,42,43,71.04247104247105,28.957528957528954
marslike,1905,42,44,67.95366795366795,32.04633204633205
marslike,1905,43,44,67.56756756756756,32.432432432432435
marslike,1908,42,43,71.48936170212767,28.510638297872337
marslike,1908,42,44,74.04255319148936,25.957446808510642
marslike,1908,43,44,76.17021276595744,23.829787234042556
marslike,1909,42,43,59.40298507462687,40.59701492537313
marslike,1909,42,44,65.3731343283582,34.626865671641795
marslike,1909,43,44,60.59701492537314,39.40298507462686
marslike,1911,42,43,74.86910994764398,25.130890052356026
marslike,1911,42,44,65.44502617801047,34.554973821989535
marslike,1911,43,44,68.06282722513089,31.937172774869104
marslike,1942,42,43,66.55290102389078,33.44709897610921
marslike,1942,42,44,66.89419795221842,33.10580204778157
marslike,1942,43,44,60.75085324232082,39.24914675767918
marslike,1949,42,43,75.18115942028986,24.818840579710145
marslike,1949,42,44,71.55797101449275,28.44202898550725
marslike,1949,43,44,73.73188405797102,26.26811594202898
marslike,1951,42,43,59.78021978021978,40.21978021978022
marslike,1951,42,44,68.13186813186813,31.868131868131865
marslike,1951,43,44,62.1978021978022,37.8021978021978
marslike,1957,42,43,66.66666666666666,33.333333333333336
marslike,1957,42,44,67.74193548387096,32.25806451612904
marslike,1957,43,44,65.32258064516128,34.67741935483871
marslike,1968,42,43,71.37096774193549,28.629032258064512
marslike,1968,42,44,71.7741935483871,28.2258064516129
marslike,1968,43,44,67.33870967741935,32.66129032258065
marslike,1994,42,43,69.27374301675978,30.72625698324022
marslike,1994,42,44,69.27374301675978,30.72625698324022
marslike,1994,43,44,69.27374301675978,30.72625698324022
marslike,2004,42,43,66.57894736842105,33.42105263157895
marslike,2004,42,44,67.10526315789474,32.89473684210527
marslike,2004,43,44,63.94736842105263,36.05263157894737
marslike,2008,42,43,65.36502546689303,34.63497453310696
marslike,2008,42,44,69.26994906621393,30.730050933786078
marslike,2008,43,44,67.23259762308999,32.76740237691001
marslike,2012,42,43,60.24096385542169,39.75903614457831
marslike,2012,42,44,51.80722891566265,48.19277108433735
marslike,2012,43,44,63.85542168674698,36.14457831325302
marslike,2019,42,43,65.43909348441926,34.56090651558073
marslike,2019,42,44,64.87252124645893,35.12747875354108
marslike,2019,43,44,69.12181303116147,30.878186968838527
marslike,2054,42,43,68.11023622047244,31.88976377952756
marslike,2054,42,44,65.74803149606299,34.251968503937
marslike,2054,43,44,66.83070866141733,33.169291338582674
marslike,2056,42,43,65.49520766773162,34.50479233226837
marslike,2056,42,44,69.6485623003195,30.351437699680506
marslike,2056,43,44,63.25878594249201,36.74121405750799
marslike,2075,42,43,62.829736211031175,37.170263788968825
marslike,2075,42,44,66.42685851318944,33.573141486810556
marslike,2075,43,44,64.5083932853717,35.4916067146283
marslike,2086,42,43,67.58241758241759,32.417582417582416
marslike,2086,42,44,70.6043956043956,29.39560439560439
marslike,2086,43,44,68.4065934065934,31.59340659340659
marslike,2087,42,43,41.57303370786517,58.42696629213483
marslike,2087,42,44,70.78651685393258,29.21348314606742
marslike,2087,43,44,47.19101123595505,52.80898876404494
marslike,2112,42,43,66.27737226277372,33.722627737226276
marslike,2112,42,44,64.23357664233576,35.76642335766424
marslike,2112,43,44,67.15328467153284,32.846715328467155
marslike,2123,42,43,63.95348837209303,36.04651162790697
marslike,2123,42,44,56.97674418604651,43.02325581395349
marslike,2123,43,44,53.48837209302325,46.51162790697675
marslike,2133,42,43,73.26732673267327,26.732673267326735
marslike,2133,42,44,74.91749174917491,25.082508250825086
marslike,2133,43,44,73.92739273927393,26.072607260726077
marslike,2146,42,43,74.77477477477478,25.225225225225223
marslike,2146,42,44,77.73487773487774,22.265122265122262
marslike,2146,43,44,75.41827541827541,24.581724581724586
marslike,2153,42,43,70.78651685393258,29.21348314606742
marslike,2153,42,44,71.68539325842697,28.314606741573034
marslike,2153,43,44,71.01123595505618,28.988764044943814
marslike,2162,42,43,72.61538461538461,27.384615384615387
marslike,2162,42,44,71.38461538461539,28.61538461538462
marslike,2162,43,44,69.84615384615384,30.153846153846153
marslike,2189,42,43,46.73295454545455,53.26704545454546
marslike,2189,42,44,41.05113636363637,58.94886363636363
marslike,2189,43,44,42.75568181818182,57.24431818181819
marslike,2243,42,43,66.94915254237289,33.05084745762712
marslike,2243,42,44,66.10169491525424,33.89830508474576
marslike,2243,43,44,71.1864406779661,28.8135593220339
marslike,2250,42,43,72.8,27.200000000000003
marslike,2250,42,44,75.08571428571429,24.91428571428571
marslike,2250,43,44,73.37142857142858,26.628571428571423
marslike,2261,42,43,62.05450733752621,37.94549266247379
marslike,2261,42,44,60.48218029350105,39.51781970649895
marslike,2261,43,44,63.62683438155137,36.37316561844863
marslike,2263,42,43,70.12987012987013,29.87012987012987
marslike,2263,42,44,72.07792207792207,27.922077922077925
marslike,2263,43,44,67.20779220779221,32.7922077922078
marslike,2273,42,43,73.94957983193278,26.050420168067223
marslike,2273,42,44,68.0672268907563,31.932773109243694
marslike,2273,43,44,74.78991596638656,25.210084033613445
marslike,2279,42,43,65.43778801843318,34.56221198156682
marslike,2279,42,44,67.2811059907834,32.71889400921659
marslike,2279,43,44,71.42857142857143,28.57142857142857
marslike,2286,42,43,72.80575539568346,27.19424460431654
marslike,2286,42,44,71.07913669064749,28.92086330935252
marslike,2286,43,44,71.51079136690647,28.489208633093522
marslike,2295,42,43,69.25098554533508,30.749014454664913
marslike,2295,42,44,69.38239159001314,30.617608409986865
marslike,2295,43,44,71.48488830486203,28.515111695137975
marslike,2308,42,43,69.85871271585557,30.141287284144425
marslike,2308,42,44,67.3469387755102,32.6530612244898
marslike,2308,43,44,64.52119309262166,35.478806907378335
marslike,2323,42,43,78.70370370370371,21.29629629629629
marslike,2323,42,44,75.69444444444444,24.305555555555557
marslike,2323,43,44,72.45370370370371,27.54629629629629
marslike,2329,42,43,66.66666666666666,33.333333333333336
marslike,2329,42,44,74.46808510638297,25.531914893617024
marslike,2329,43,44,62.4113475177305,37.5886524822695
marslike,2330,42,43,47.82608695652174,52.17391304347826
marslike,2330,42,44,46.08695652173913,53.91304347826087
marslike,2330,43,44,38.26086956521739,61.73913043478261
marslike,2332,42,43,60.46831955922865,39.53168044077135
marslike,2332,42,44,65.15151515151516,34.84848484848485
marslike,2332,43,44,63.498622589531685,36.501377410468315
marslike,2358,42,43,77.70700636942675,22.292993630573243
marslike,2358,42,44,77.70700636942675,22.292993630573243
marslike,2358,43,44,78.343949044586,21.65605095541401
marslike,2362,42,43,41.17647058823529,58.82352941176471
marslike,2362,42,44,47.05882352941176,52.94117647058824
marslike,2362,43,44,50.0,50.0
marslike,2378,42,43,64.09495548961425,35.90504451038575
marslike,2378,42,44,61.72106824925816,38.27893175074184
marslike,2378,43,44,66.17210682492582,33.82789317507419
marslike,2379,42,43,72.89156626506023,27.108433734939762
marslike,2379,42,44,74.69879518072288,25.30120481927711
marslike,2379,43,44,74.09638554216868,25.903614457831324
marslike,2400,42,43,72.91666666666666,27.083333333333336
marslike,2400,42,44,75.89285714285714,24.10714285714286
marslike,2400,43,44,75.29761904761905,24.702380952380953
marslike,2404,42,43,72.78617710583153,27.213822894168473
marslike,2404,42,44,75.377969762419,24.622030237580994
marslike,2404,43,44,72.35421166306696,27.64578833693304
marslike,2405,42,43,71.39874739039665,28.601252609603346
marslike,2405,42,44,74.11273486430062,25.887265135699376
marslike,2405,43,44,69.93736951983298,30.06263048016702
marslike,2413,42,43,68.59083191850594,31.409168081494055
marslike,2413,42,44,71.47707979626486,28.522920203735147
marslike,2413,43,44,70.45840407470288,29.541595925297116
marslike,2425,42,43,71.3375796178344,28.66242038216561
marslike,2425,42,44,74.52229299363057,25.47770700636943
marslike,2425,43,44,70.70063694267516,29.299363057324847
marslike,2440,42,43,63.73626373626373,36.26373626373627
marslike,2440,42,44,63.73626373626373,36.26373626373627
marslike,2440,43,44,70.32967032967034,29.670329670329664
marslike,2450,42,43,72.89377289377289,27.10622710622711
marslike,2450,42,44,74.72527472527473,25.274725274725274
marslike,2450,43,44,74.35897435897436,25.64102564102564
marslike,2488,42,43,72.3404255319149,27.6595744680851
marslike,2488,42,44,67.02127659574468,32.97872340425532
marslike,2488,43,44,60.63829787234043,39.36170212765957
marslike,2500,42,43,45.689655172413794,54.310344827586206
marslike,2500,42,44,56.03448275862068,43.96551724137932
marslike,2500,43,44,64.65517241379311,35.3448275862069
marslike,2513,42,43,72.27866473149493,27.721335268505076
marslike,2513,42,44,72.13352685050798,27.866473149492023
marslike,2513,43,44,72.42380261248186,27.576197387518143
marslike,2522,42,43,54.09836065573771,45.90163934426229
marslike,2522,42,44,71.31147540983606,28.688524590163933
marslike,2522,43,44,45.08196721311475,54.91803278688525
marslike,2528,42,43,65.97510373443983,34.024896265560166
marslike,2528,42,44,69.70954356846472,30.290456431535272
marslike,2528,43,44,74.27385892116183,25.72614107883817
marslike,2534,42,43,72.75064267352185,27.24935732647815
marslike,2534,42,44,69.40874035989717,30.59125964010283
marslike,2534,43,44,73.7789203084833,26.221079691516714
marslike,2546,42,43,70.01455604075691,29.985443959243085
marslike,2546,42,44,71.47016011644833,28.529839883551677
marslike,2546,43,44,70.74235807860262,29.257641921397383
marslike,2554,42,43,67.90123456790124,32.098765432098766
marslike,2554,42,44,69.1358024691358,30.864197530864203
marslike,2554,43,44,63.37448559670782,36.62551440329218
marslike,2556,42,43,74.82014388489209,25.179856115107913
marslike,2556,42,44,74.10071942446042,25.899280575539574
marslike,2556,43,44,70.14388489208633,29.856115107913674
marslike,2563,42,43,71.54882154882155,28.45117845117845
marslike,2563,42,44,69.36026936026936,30.639730639730644
marslike,2563,43,44,71.38047138047138,28.619528619528623
marslike,2572,42,43,72.55434782608695,27.44565217391305
marslike,2572,42,44,72.55434782608695,27.44565217391305
marslike,2572,43,44,74.45652173913044,25.543478260869566
marslike,2574,42,43,66.0377358490566,33.9622641509434
marslike,2574,42,44,38.9937106918239,61.0062893081761
marslike,2574,43,44,37.735849056603776,62.264150943396224
marslike,2599,42,43,69.25,30.75
marslike,2599,42,44,70.0,30.000000000000004
marslike,2599,43,44,67.25,32.75
marslike,2601,42,43,72.19917012448133,27.800829875518673
marslike,2601,42,44,70.53941908713693,29.460580912863065
marslike,2601,43,44,68.87966804979253,31.12033195020747
marslike,2616,42,43,68.13725490196079,31.862745098039213
marslike,2616,42,44,67.15686274509804,32.84313725490197
marslike,2616,43,44,69.11764705882352,30.88235294117647
marslike,2622,42,43,64.82758620689654,35.17241379310345
marslike,2622,42,44,71.72413793103448,28.27586206896552
marslike,2622,43,44,68.27586206896552,31.72413793103448
marslike,2627,42,43,65.09803921568627,34.90196078431372
marslike,2627,42,44,68.23529411764706,31.76470588235294
marslike,2627,43,44,66.66666666666666,33.333333333333336
marslike,2636,42,43,66.49214659685863,33.50785340314136
marslike,2636,42,44,66.49214659685863,33.50785340314136
marslike,2636,43,44,65.44502617801047,34.554973821989535
marslike,2652,42,43,54.039497307001795,45.960502692998205
marslike,2652,42,44,60.68222621184919,39.31777378815081
marslike,2652,43,44,57.63016157989228,42.36983842010772
marslike,2661,42,43,76.5625,23.4375
marslike,2661,42,44,71.484375,28.515625
marslike,2661,43,44,74.21875,25.78125
marslike,2672,42,43,69.90049751243781,30.09950248756219
marslike,2672,42,44,63.93034825870647,36.06965174129353
marslike,2672,43,44,63.681592039801,36.318407960199
marslike,2692,42,43,67.92828685258964,32.071713147410364
marslike,2692,42,44,69.7211155378486,30.27888446215139
marslike,2692,43,44,66.13545816733067,33.864541832669325
marslike,2705,42,43,66.07142857142857,33.92857142857143
marslike,2705,42,44,70.83333333333334,29.166666666666664
marslike,2705,43,44,72.02380952380952,27.976190476190478
marslike,2727,42,43,67.5925925925926,32.407407407407405
marslike,2727,42,44,72.8395061728395,27.160493827160494
marslike,2727,43,44,71.29629629629629,28.70370370370371
marslike,2728,42,43,60.0,40.0
marslike,2728,42,44,46.666666666666664,53.333333333333336
marslike,2728,43,44,44.0,56.00000000000001
marslike,2741,42,43,74.84276729559748,25.15723270440252
marslike,2741,42,44,75.68134171907757,24.318658280922435
marslike,2741,43,44,75.05241090146751,24.947589098532497
marslike,2743,42,43,62.28813559322034,37.71186440677966
marslike,2743,42,44,69.0677966101695,30.932203389830505
marslike,2743,43,44,59.7457627118644,40.2542372881356
marslike,2802,42,43,75.9075907590759,24.092409240924095
marslike,2802,42,44,70.62706270627062,29.372937293729372
marslike,2802,43,44,73.26732673267327,26.732673267326735
marslike,2818,42,43,69.45812807881774,30.541871921182263
marslike,2818,42,44,73.89162561576354,26.108374384236456
marslike,2818,43,44,73.89162561576354,26.108374384236456
marslike,2833,42,43,68.0672268907563,31.932773109243694
marslike,2833,42,44,61.34453781512605,38.65546218487395
marslike,2833,43,44,57.98319327731093,42.01680672268907
marslike,2853,42,43,74.34782608695653,25.652173913043473
marslike,2853,42,44,72.46376811594203,27.536231884057973
marslike,2853,43,44,73.18840579710145,26.811594202898547
marslike,2859,42,43,56.934306569343065,43.065693430656935
marslike,2859,42,44,59.854014598540154,40.145985401459846
marslike,2859,43,44,49.63503649635037,50.364963503649626
marslike,2874,42,43,65.3061224489796,34.693877551020414
marslike,2874,42,44,57.14285714285714,42.85714285714286
marslike,2874,43,44,66.66666666666666,33.333333333333336
marslike,2884,42,43,66.29746835443038,33.70253164556962
marslike,2884,42,44,62.81645569620253,37.18354430379747
marslike,2884,43,44,65.18987341772153,34.81012658227848
marslike,2894,42,43,69.7420634920635,30.257936507936513
marslike,2894,42,44,68.25396825396825,31.746031746031743
marslike,2894,43,44,69.44444444444444,30.555555555555557
marslike,2903,42,43,69.62025316455697,30.379746835443033
marslike,2903,42,44,72.46835443037975,27.531645569620256
marslike,2903,43,44,73.73417721518987,26.265822784810123
marslike,2906,42,43,75.30864197530865,24.691358024691358
marslike,2906,42,44,74.69135802469135,25.308641975308642
marslike,2906,43,44,75.30864197530865,24.691358024691358
marslike,2928,42,43,66.3157894736842,33.684210526315795
marslike,2928,42,44,66.3157894736842,33.684210526315795
marslike,2928,43,44,63.1578947368421,36.8421052631579
marslike,2954,42,43,47.008547008547005,52.991452991452995
marslike,2954,42,44,52.991452991452995,47.008547008547005
marslike,2954,43,44,57.26495726495726,42.73504273504274
marslike,2978,42,43,72.59475218658892,27.405247813411084
marslike,2978,42,44,73.46938775510205,26.530612244897956
marslike,2978,43,44,74.63556851311954,25.364431486880466
marslike,2987,42,43,72.1938775510204,27.806122448979586
marslike,2987,42,44,72.70408163265306,27.29591836734694
marslike,2987,43,44,75.0,25.0
marslike,2993,42,43,65.0190114068441,34.98098859315589
marslike,2993,42,44,65.0190114068441,34.98098859315589
marslike,2993,43,44,65.77946768060836,34.22053231939164
marslike,2996,42,43,73.27935222672065,26.72064777327935
marslike,2996,42,44,68.82591093117408,31.174089068825918
marslike,2996,43,44,71.65991902834008,28.34008097165992
marslike,3027,42,43,62.674961119751174,37.325038880248826
marslike,3027,42,44,68.11819595645412,31.88180404354588
marslike,3027,43,44,66.25194401244168,33.748055987558324
marslike,3032,42,43,67.32673267326733,32.67326732673267
marslike,3032,42,44,55.44554455445545,44.55445544554455
marslike,3032,43,44,59.4059405940594,40.5940594059406
marslike,3033,42,43,67.91044776119402,32.08955223880597
marslike,3033,42,44,71.64179104477611,28.358208955223883
marslike,3033,43,44,70.8955223880597,29.104477611940293
marslike,3045,42,43,52.197802197802204,47.802197802197796
marslike,3045,42,44,60.43956043956044,39.56043956043956
marslike,3045,43,44,60.43956043956044,39.56043956043956
marslike,3049,42,43,74.3421052631579,25.657894736842103
marslike,3049,42,44,65.13157894736842,34.86842105263158
marslike,3049,43,44,69.73684210526315,30.263157894736846
marslike,3080,42,43,75.56818181818183,24.431818181818176
marslike,3080,42,44,75.56818181818183,24.431818181818176
marslike,3080,43,44,77.27272727272727,22.72727272727273
marslike,3081,42,43,71.29337539432177,28.706624605678233
marslike,3081,42,44,67.82334384858044,32.17665615141956
marslike,3081,43,44,68.13880126182966,31.861198738170348
marslike,3095,42,43,69.23076923076923,30.76923076923077
marslike,3095,42,44,78.2051282051282,21.794871794871796
marslike,3095,43,44,64.1025641025641,35.89743589743589
marslike,3097,42,43,70.58823529411765,29.411764705882348
marslike,3097,42,44,74.0365111561866,25.963488843813387
marslike,3097,43,44,70.38539553752535,29.61460446247465
marslike,3104,42,43,74.81481481481481,25.185185185185187
marslike,3104,42,44,74.81481481481481,25.185185185185187
marslike,3104,43,44,76.29629629629629,23.703703703703706
marslike,3155,42,43,78.72340425531915,21.276595744680847
marslike,3155,42,44,74.46808510638297,25.531914893617024
marslike,3155,43,44,75.177304964539,24.822695035460995
marslike,3175,42,43,62.18097447795824,37.81902552204176
marslike,3175,42,44,64.96519721577727,35.03480278422274
marslike,3175,43,44,65.4292343387471,34.5707656612529
marslike,3182,42,43,84.6938775510204,15.306122448979586
marslike,3182,42,44,81.63265306122449,18.36734693877551
marslike,3182,43,44,84.18367346938776,15.816326530612246
marslike,3183,42,43,68.67469879518072,31.32530120481928
marslike,3183,42,44,63.25301204819277,36.74698795180723
marslike,3183,43,44,62.65060240963856,37.34939759036144
marslike,3188,42,43,60.49723756906077,39.50276243093923
marslike,3188,42,44,56.353591160220994,43.646408839779006
marslike,3188,43,44,54.69613259668509,45.30386740331491
marslike,3197,42,43,64.89151873767258,35.108481262327416
marslike,3197,42,44,68.44181459566076,31.558185404339245
marslike,3197,43,44,66.27218934911244,33.72781065088757
marslike,3199,42,43,81.48148148148148,18.518518518518523
marslike,3199,42,44,74.07407407407408,25.92592592592593
marslike,3199,43,44,75.0,25.0
marslike,3217,42,43,69.72477064220183,30.27522935779816
marslike,3217,42,44,69.72477064220183,30.27522935779816
marslike,3217,43,44,78.44036697247707,21.55963302752294
marslike,3225,42,43,72.0408163265306,27.95918367346939
marslike,3225,42,44,70.81632653061224,29.18367346938775
marslike,3225,43,44,72.6530612244898,27.3469387755102
marslike,3236,42,43,66.51162790697674,33.48837209302326
marslike,3236,42,44,63.72093023255814,36.27906976744186
marslike,3236,43,44,66.51162790697674,33.48837209302326
marslike,3241,42,43,74.52471482889734,25.47528517110266
marslike,3241,42,44,66.34980988593155,33.650190114068444
marslike,3241,43,44,70.34220532319392,29.65779467680608
marslike,3248,42,43,75.27272727272727,24.72727272727273
marslike,3248,42,44,70.18181818181817,29.81818181818182
marslike,3248,43,44,72.0,28.000000000000004
marslike,3252,42,43,63.49809885931559,36.50190114068441
marslike,3252,42,44,64.63878326996198,35.361216730038024
marslike,3252,43,44,68.8212927756654,31.1787072243346
marslike,3256,42,43,76.63043478260869,23.369565217391308
marslike,3256,42,44,70.65217391304348,29.34782608695652
marslike,3256,43,44,72.01086956521739,27.989130434782606
marslike,3257,42,43,61.88340807174888,38.11659192825112
marslike,3257,42,44,70.85201793721974,29.147982062780265
marslike,3257,43,44,71.74887892376681,28.251121076233186
marslike,3268,42,43,75.55970149253731,24.44029850746269
marslike,3268,42,44,76.86567164179104,23.134328358208954
marslike,3268,43,44,76.49253731343283,23.50746268656716
marslike,3269,42,43,69.66019417475728,30.339805825242717
marslike,3269,42,44,68.44660194174757,31.553398058252423
marslike,3269,43,44,71.84466019417476,28.155339805825243
marslike,3272,42,43,75.37878787878788,24.62121212121212
marslike,3272,42,44,74.62121212121212,25.37878787878788
marslike,3272,43,44,76.89393939393939,23.10606060606061
marslike,3274,42,43,51.045296167247386,48.954703832752614
marslike,3274,42,44,55.400696864111495,44.599303135888505
marslike,3274,43,44,54.00696864111498,45.99303135888502
marslike,3275,42,43,70.11494252873564,29.885057471264364
marslike,3275,42,44,71.26436781609196,28.735632183908045
marslike,3275,43,44,67.81609195402298,32.18390804597702
marslike,3305,42,43,75.12820512820512,24.871794871794872
marslike,3305,42,44,74.61538461538461,25.384615384615383
marslike,3305,43,44,70.76923076923077,29.230769230769226
marslike,3306,42,43,73.11522048364154,26.88477951635846
marslike,3306,42,44,72.11948790896159,27.880512091038412
marslike,3306,43,44,73.2574679943101,26.742532005689903
marslike,3321,42,43,68.42105263157895,31.57894736842105
marslike,3321,42,44,64.91228070175438,35.08771929824561
marslike,3321,43,44,78.0701754385965,21.92982456140351
marslike,3354,42,43,67.87003610108303,32.12996389891697
marslike,3354,42,44,64.62093862815884,35.37906137184116
marslike,3354,43,44,68.59205776173285,31.40794223826715
marslike,3361,42,43,66.93227091633466,33.06772908366534
marslike,3361,42,44,66.53386454183267,33.46613545816734
marslike,3361,43,44,64.5418326693227,35.45816733067729
marslike,3410,42,43,73.36860670194002,26.63139329805997
marslike,3410,42,44,72.8395061728395,27.160493827160494
marslike,3410,43,44,71.60493827160494,28.395061728395067
marslike,3423,42,43,64.83300589390963,35.16699410609038
marslike,3423,42,44,67.97642436149313,32.02357563850688
marslike,3423,43,44,65.81532416502947,34.184675834970534
marslike,3427,42,43,36.68639053254438,63.31360946745562
marslike,3427,42,44,54.437869822485204,45.562130177514796
marslike,3427,43,44,40.23668639053255,59.76331360946745
marslike,3429,42,43,72.39819004524887,27.601809954751133
marslike,3429,42,44,74.6606334841629,25.339366515837103
marslike,3429,43,44,72.85067873303167,27.14932126696833
marslike,3436,42,43,76.06382978723404,23.936170212765962
marslike,3436,42,44,69.68085106382979,30.319148936170215
marslike,3436,43,44,71.27659574468085,28.723404255319153
marslike,3509,42,43,70.63492063492063,29.36507936507936
marslike,3509,42,44,73.80952380952381,26.190476190476186
marslike,3509,43,44,67.46031746031747,32.53968253968254
marslike,3510,42,43,79.56204379562044,20.43795620437956
marslike,3510,42,44,78.64963503649635,21.350364963503655
marslike,3510,43,44,78.83211678832117,21.167883211678827
marslike,3532,42,43,82.71604938271605,17.28395061728395
marslike,3532,42,44,96.29629629629629,3.703703703703709
marslike,3532,43,44,81.48148148148148,18.518518518518523
marslike,3542,42,43,80.76923076923077,19.23076923076923
marslike,3542,42,44,53.84615384615385,46.15384615384615
marslike,3542,43,44,52.56410256410257,47.43589743589743
marslike,3564,42,43,73.41772151898735,26.582278481012654
marslike,3564,42,44,76.37130801687763,23.628691983122362
marslike,3564,43,44,79.74683544303798,20.253164556962023
marslike,3567,42,43,74.30555555555556,25.694444444444443
marslike,3567,42,44,75.0,25.0
marslike,3567,43,44,73.61111111111111,26.388888888888886
marslike,3581,42,43,54.421768707483,45.578231292517
marslike,3581,42,44,59.183673469387756,40.816326530612244
marslike,3581,43,44,59.863945578231295,40.136054421768705
marslike,3585,42,43,67.24137931034483,32.758620689655174
marslike,3585,42,44,75.86206896551724,24.13793103448276
marslike,3585,43,44,72.41379310344827,27.586206896551722
marslike,3586,42,43,72.44094488188976,27.55905511811023
marslike,3586,42,44,69.81627296587926,30.183727034120732
marslike,3586,43,44,70.07874015748031,29.92125984251969
marslike,3629,42,43,67.94871794871796,32.05128205128205
marslike,3629,42,44,63.84615384615384,36.15384615384616
marslike,3629,43,44,68.46153846153847,31.538461538461537
marslike,3649,42,43,74.11764705882354,25.882352941176467
marslike,3649,42,44,72.35294117647058,27.647058823529413
marslike,3649,43,44,72.35294117647058,27.647058823529413
marslike,3669,42,43,73.31838565022422,26.681614349775785
marslike,3669,42,44,73.65470852017937,26.34529147982063
marslike,3669,43,44,73.87892376681614,26.12107623318386
marslike,3672,42,43,68.33333333333333,31.666666666666664
marslike,3672,42,44,57.49999999999999,42.50000000000001
marslike,3672,43,44,53.333333333333336,46.666666666666664
marslike,3677,42,43,74.03846153846155,25.96153846153846
marslike,3677,42,44,76.92307692307693,23.076923076923073
marslike,3677,43,44,70.51282051282051,29.487179487179482
marslike,3680,42,43,67.9245283018868,32.07547169811321
marslike,3680,42,44,82.0754716981132,17.924528301886788
marslike,3680,43,44,66.0377358490566,33.9622641509434
marslike,3683,42,43,72.9794933655006,27.020506634499398
marslike,3683,42,44,70.80820265379975,29.191797346200243
marslike,3683,43,44,71.77322074788903,28.22677925211098
marslike,3684,42,43,51.06382978723404,48.93617021276596
marslike,3684,42,44,46.20060790273556,53.79939209726443
marslike,3684,43,44,50.75987841945289,49.24012158054711
marslike,3694,42,43,80.93922651933701,19.060773480662984
marslike,3694,42,44,78.72928176795581,21.270718232044196
marslike,3694,43,44,76.24309392265194,23.756906077348063
marslike,3702,42,43,70.18970189701898,29.810298102981026
marslike,3702,42,44,76.42276422764228,23.577235772357717
marslike,3702,43,44,71.27371273712737,28.72628726287263
marslike,3718,42,43,48.23529411764706,51.764705882352935
marslike,3718,42,44,65.88235294117646,34.11764705882353
marslike,3718,43,44,54.11764705882353,45.88235294117647
marslike,3722,42,43,71.77914110429448,28.220858895705526
marslike,3722,42,44,80.3680981595092,19.631901840490794
marslike,3722,43,44,76.68711656441718,23.31288343558282
marslike,3728,42,43,73.68421052631578,26.315789473684216
marslike,3728,42,44,70.3601108033241,29.639889196675895
marslike,3728,43,44,70.08310249307479,29.91689750692521
marslike,3748,42,43,71.47435897435898,28.525641025641026
marslike,3748,42,44,74.35897435897436,25.64102564102564
marslike,3748,43,44,76.6025641025641,23.39743589743589
marslike,3752,42,43,74.65181058495823,25.348189415041777
marslike,3752,42,44,72.70194986072424,27.298050139275766
marslike,3752,43,44,73.25905292479109,26.740947075208908
marslike,3762,42,43,60.30534351145038,39.69465648854962
marslike,3762,42,44,64.8854961832061,35.1145038167939
marslike,3762,43,44,58.01526717557252,41.98473282442748
marslike,3771,42,43,72.56637168141593,27.43362831858407
marslike,3771,42,44,73.45132743362832,26.54867256637168
marslike,3771,43,44,76.99115044247787,23.008849557522126
marslike,3774,42,43,80.46875,19.53125
marslike,3774,42,44,72.65625,27.34375
marslike,3774,43,44,78.90625,21.09375
marslike,3776,42,43,74.68805704099822,25.311942959001787
marslike,3776,42,44,69.87522281639929,30.124777183600713
marslike,3776,43,44,73.2620320855615,26.7379679144385
marslike,3783,42,43,66.996699669967,33.003300330033
marslike,3783,42,44,71.61716171617162,28.38283828382838
marslike,3783,43,44,74.58745874587459,25.412541254125408
marslike,3816,42,43,58.06451612903226,41.93548387096774
marslike,3816,42,44,52.995391705069125,47.004608294930875
marslike,3816,43,44,58.06451612903226,41.93548387096774
marslike,3818,42,43,68.46846846846847,31.53153153153153
marslike,3818,42,44,74.17417417417418,25.82582582582582
marslike,3818,43,44,69.06906906906907,30.930930930930934
marslike,3831,42,43,66.75392670157068,33.24607329842932
marslike,3831,42,44,67.40837696335078,32.59162303664922
marslike,3831,43,44,66.49214659685863,33.50785340314136
marslike,3838,42,43,62.62135922330098,37.37864077669902
marslike,3838,42,44,66.50485436893204,33.495145631067956
marslike,3838,43,44,59.70873786407766,40.29126213592234
marslike,3840,42,43,65.16129032258064,34.83870967741935
marslike,3840,42,44,67.74193548387096,32.25806451612904
marslike,3840,43,44,69.6774193548387,30.32258064516129
marslike,3852,42,43,69.56521739130434,30.434782608695656
marslike,3852,42,44,70.20933977455717,29.790660225442835
marslike,3852,43,44,71.65861513687601,28.341384863124
marslike,3853,42,43,72.94117647058823,27.058823529411768
marslike,3853,42,44,74.11764705882354,25.882352941176467
marslike,3853,43,44,76.47058823529412,23.529411764705888
marslike,3855,42,43,68.44660194174757,31.553398058252423
marslike,3855,42,44,70.87378640776699,29.126213592233007
marslike,3855,43,44,63.59223300970874,36.40776699029126
marslike,3859,42,43,55.3030303030303,44.6969696969697
marslike,3859,42,44,46.590909090909086,53.40909090909092
marslike,3859,43,44,47.72727272727273,52.27272727272727
marslike,3872,42,43,38.82352941176471,61.1764705882353
marslike,3872,42,44,24.705882352941178,75.29411764705883
marslike,3872,43,44,36.76470588235294,63.23529411764706
marslike,3879,42,43,64.47368421052632,35.526315789473685
marslike,3879,42,44,64.03508771929825,35.96491228070175
marslike,3879,43,44,69.73684210526315,30.263157894736846
marslike,3895,42,43,73.5973597359736,26.4026402640264
marslike,3895,42,44,74.58745874587459,25.412541254125408
marslike,3895,43,44,77.55775577557755,22.442244224422446
marslike,3904,42,43,67.56756756756756,32.432432432432435
marslike,3904,42,44,72.97297297297297,27.027027027027028
marslike,3904,43,44,77.02702702702703,22.972972972972972
marslike,3913,42,43,67.58720930232558,32.412790697674424
marslike,3913,42,44,66.71511627906976,33.28488372093024
marslike,3913,43,44,63.51744186046512,36.48255813953488
marslike,3923,42,43,72.63157894736842,27.368421052631575
marslike,3923,42,44,85.26315789473684,14.73684210526316
marslike,3923,43,44,73.68421052631578,26.315789473684216
marslike,3926,42,43,67.10097719869707,32.899022801302934
marslike,3926,42,44,69.21824104234527,30.781758957654727
marslike,3926,43,44,69.05537459283387,30.944625407166125
marslike,3937,42,43,65.359477124183,34.64052287581699
marslike,3937,42,44,74.50980392156863,25.49019607843137
marslike,3937,43,44,57.51633986928104,42.48366013071896
marslike,3948,42,43,68.30601092896174,31.693989071038253
marslike,3948,42,44,73.224043715847,26.775956284153
marslike,3948,43,44,71.58469945355192,28.415300546448087
marslike,3950,42,43,66.4179104477612,33.582089552238806
marslike,3950,42,44,68.65671641791045,31.343283582089555
marslike,3950,43,44,67.66169154228857,32.33830845771144
marslike,3974,42,43,59.70149253731343,40.29850746268657
marslike,3974,42,44,59.70149253731343,40.29850746268657
marslike,3974,43,44,59.70149253731343,40.29850746268657
marslike,3980,42,43,70.45177045177046,29.548229548229543
marslike,3980,42,44,68.86446886446886,31.135531135531135
marslike,3980,43,44,68.86446886446886,31.135531135531135
marslike,3981,42,43,77.86259541984732,22.137404580152676
marslike,3981,42,44,80.6615776081425,19.338422391857502
marslike,3981,43,44,77.60814249363868,22.391857506361323
marslike,3983,42,43,77.11864406779661,22.881355932203384
marslike,3983,42,44,78.8135593220339,21.1864406779661
marslike,3983,43,44,79.23728813559322,20.76271186440678
marslike,4001,42,43,70.33707865168539,29.662921348314608
marslike,4001,42,44,70.56179775280899,29.438202247191015
marslike,4001,43,44,77.30337078651685,22.696629213483142
marslike,4016,42,43,66.56084656084657,33.439153439153436
marslike,4016,42,44,64.76190476190476,35.238095238095234
marslike,4016,43,44,66.87830687830689,33.12169312169312
marslike,4019,42,43,34.31372549019608,65.68627450980392
marslike,4019,42,44,55.88235294117647,44.11764705882353
marslike,4019,43,44,46.07843137254902,53.92156862745099
marslike,4024,42,43,78.72340425531915,21.276595744680847
marslike,4024,42,44,81.91489361702128,18.085106382978722
marslike,4024,43,44,80.85106382978722,19.14893617021277
marslike,4032,42,43,62.93103448275862,37.06896551724138
marslike,4032,42,44,68.53448275862068,31.465517241379317
marslike,4032,43,44,65.08620689655173,34.91379310344828
marslike,4039,42,43,68.10344827586206,31.896551724137932
marslike,4039,42,44,72.70114942528735,27.29885057471264
marslike,4039,43,44,73.5632183908046,26.436781609195403
marslike,4061,42,43,67.63157894736842,32.36842105263158
marslike,4061,42,44,70.52631578947368,29.47368421052632
marslike,4061,43,44,66.84210526315789,33.15789473684211
marslike,4071,42,43,73.17073170731707,26.82926829268293
marslike,4071,42,44,73.17073170731707,26.82926829268293
marslike,4071,43,44,74.56445993031359,25.435540069686414
marslike,4073,42,43,67.58241758241759,32.417582417582416
marslike,4073,42,44,69.23076923076923,30.76923076923077
marslike,4073,43,44,75.54945054945054,24.450549450549453
marslike,4074,42,43,51.52838427947598,48.47161572052402
marslike,4074,42,44,49.34497816593886,50.655021834061145
marslike,4074,43,44,58.515283842794766,41.484716157205234
marslike,4078,42,43,50.79365079365079,49.20634920634921
marslike,4078,42,44,62.43386243386243,37.56613756613757
marslike,4078,43,44,50.52910052910053,49.47089947089947
marslike,4081,42,43,69.74789915966386,30.252100840336137
marslike,4081,42,44,58.82352941176471,41.17647058823529
marslike,4081,43,44,64.70588235294117,35.29411764705882
marslike,4084,42,43,52.94117647058824,47.05882352941176
marslike,4084,42,44,58.371040723981906,41.628959276018094
marslike,4084,43,44,59.276018099547514,40.723981900452486
marslike,4096,42,43,63.30935251798561,36.69064748201439
marslike,4096,42,44,69.06474820143885,30.935251798561147
marslike,4096,43,44,68.34532374100719,31.654676258992808
marslike,4121,42,43,63.22869955156951,36.77130044843049
marslike,4121,42,44,62.78026905829597,37.21973094170403
marslike,4121,43,44,64.57399103139014,35.42600896860987
marslike,4167,42,43,26.356589147286826,73.64341085271317
marslike,4167,42,44,41.08527131782946,58.914728682170534
marslike,4167,43,44,36.434108527131784,63.565891472868216
marslike,4174,42,43,72.22222222222221,27.77777777777778
marslike,4174,42,44,77.31481481481481,22.685185185185187
marslike,4174,43,44,81.48148148148148,18.518518518518523
marslike,4188,42,43,50.0,50.0
marslike,4188,42,44,71.31147540983606,28.688524590163933
marslike,4188,43,44,47.540983606557376,52.459016393442624
marslike,4189,42,43,75.48543689320388,24.514563106796118
marslike,4189,42,44,71.84466019417476,28.155339805825243
marslike,4189,43,44,70.63106796116504,29.36893203883495
marslike,4191,42,43,67.11711711711712,32.88288288288288
marslike,4191,42,44,75.22522522522522,24.774774774774777
marslike,4191,43,44,68.91891891891892,31.081081081081084
marslike,4198,42,43,72.82608695652173,27.173913043478258
marslike,4198,42,44,73.06763285024155,26.932367149758452
marslike,4198,43,44,72.82608695652173,27.173913043478258
marslike,4208,42,43,68.18181818181817,31.818181818181824
marslike,4208,42,44,62.834224598930476,37.165775401069524
marslike,4208,43,44,63.903743315508024,36.096256684491976
marslike,4231,42,43,77.27272727272727,22.72727272727273
marslike,4231,42,44,73.23232323232324,26.76767676767676
marslike,4231,43,44,76.26262626262627,23.737373737373733
marslike,4248,42,43,66.2020905923345,33.79790940766551
marslike,4248,42,44,70.73170731707317,29.268292682926834
marslike,4248,43,44,64.45993031358886,35.540069686411144
marslike,4277,42,43,72.56637168141593,27.43362831858407
marslike,4277,42,44,76.99115044247787,23.008849557522126
marslike,4277,43,44,76.99115044247787,23.008849557522126
marslike,4307,42,43,34.61538461538461,65.38461538461539
marslike,4307,42,44,30.76923076923077,69.23076923076923
marslike,4307,43,44,39.42307692307692,60.57692307692308
marslike,4338,42,43,78.8135593220339,21.1864406779661
marslike,4338,42,44,76.55367231638418,23.44632768361582
marslike,4338,43,44,78.24858757062147,21.751412429378536
marslike,4339,42,43,72.66666666666667,27.333333333333332
marslike,4339,42,44,61.33333333333333,38.66666666666667
marslike,4339,43,44,64.66666666666666,35.333333333333336
marslike,4366,42,43,69.19739696312365,30.802603036876352
marslike,4366,42,44,70.28199566160521,29.7180043383948
marslike,4366,43,44,70.49891540130152,29.50108459869848
marslike,4430,42,43,56.774193548387096,43.225806451612904
marslike,4430,42,44,52.04301075268817,47.95698924731183
marslike,4430,43,44,58.06451612903226,41.93548387096774
marslike,4444,42,43,70.63953488372093,29.360465116279066
marslike,4444,42,44,72.38372093023256,27.616279069767447
marslike,4444,43,44,72.09302325581395,27.906976744186053
marslike,4450,42,43,73.49397590361446,26.506024096385538
marslike,4450,42,44,74.69879518072288,25.30120481927711
marslike,4450,43,44,72.28915662650603,27.710843373493976
marslike,4460,42,43,78.8546255506608,21.145374449339204
marslike,4460,42,44,75.77092511013215,24.229074889867842
marslike,4460,43,44,78.8546255506608,21.145374449339204
marslike,4473,42,43,44.565217391304344,55.434782608695656
marslike,4473,42,44,66.30434782608695,33.69565217391305
marslike,4473,43,44,57.608695652173914,42.391304347826086
marslike,4477,42,43,67.3913043478261,32.608695652173914
marslike,4477,42,44,71.19565217391305,28.80434782608695
marslike,4477,43,44,63.04347826086957,36.95652173913043
marslike,4482,42,43,67.91666666666667,32.08333333333333
marslike,4482,42,44,71.25,28.749999999999996
marslike,4482,43,44,70.83333333333334,29.166666666666664
marslike,4494,42,43,54.08163265306123,45.91836734693877
marslike,4494,42,44,58.16326530612245,41.83673469387755
marslike,4494,43,44,74.48979591836735,25.510204081632647
marslike,4504,42,43,70.56179775280899,29.438202247191015
marslike,4504,42,44,67.64044943820224,32.359550561797754
marslike,4504,43,44,70.11235955056179,29.8876404494382
marslike,4519,42,43,78.93772893772893,21.062271062271066
marslike,4519,42,44,78.93772893772893,21.062271062271066
marslike,4519,43,44,77.65567765567766,22.344322344322343
marslike,4520,42,43,56.613756613756614,43.386243386243386
marslike,4520,42,44,61.37566137566137,38.62433862433863
marslike,4520,43,44,60.84656084656085,39.15343915343915
marslike,4529,42,43,65.0,35.0
marslike,4529,42,44,65.0,35.0
marslike,4529,43,44,77.85714285714286,22.142857142857142
marslike,4550,42,43,61.40350877192983,38.59649122807017
marslike,4550,42,44,66.66666666666666,33.333333333333336
marslike,4550,43,44,61.40350877192983,38.59649122807017
marslike,4555,42,43,79.73856209150327,20.261437908496728
marslike,4555,42,44,81.04575163398692,18.954248366013072
marslike,4555,43,44,82.35294117647058,17.647058823529417
marslike,4576,42,43,66.34615384615384,33.65384615384615
marslike,4576,42,44,70.1923076923077,29.807692307692314
marslike,4576,43,44,66.34615384615384,33.65384615384615
marslike,4599,42,43,72.56637168141593,27.43362831858407
marslike,4599,42,44,75.22123893805309,24.77876106194691
marslike,4599,43,44,76.54867256637168,23.45132743362832
marslike,4641,42,43,67.41573033707866,32.58426966292135
marslike,4641,42,44,65.73033707865169,34.269662921348306
marslike,4641,43,44,64.60674157303372,35.39325842696629
marslike,4650,42,43,80.94170403587444,19.05829596412556
marslike,4650,42,44,79.14798206278026,20.852017937219735
marslike,4650,43,44,81.27802690582959,18.72197309417041
marslike,4685,42,43,70.96774193548387,29.032258064516125
marslike,4685,42,44,72.10626185958255,27.893738140417458
marslike,4685,43,44,71.34724857685009,28.6527514231499
marslike,4703,42,43,75.47974413646055,24.520255863539443
marslike,4703,42,44,75.69296375266525,24.307036247334757
marslike,4703,43,44,75.69296375266525,24.307036247334757
marslike,4705,42,43,69.83758700696056,30.162412993039446
marslike,4705,42,44,70.76566125290023,29.234338747099763
marslike,4705,43,44,71.46171693735499,28.538283062645007
marslike,4706,42,43,73.00380228136882,26.996197718631176
marslike,4706,42,44,69.20152091254754,30.798479087452467
marslike,4706,43,44,71.48288973384031,28.517110266159694
marslike,4714,42,43,55.83596214511041,44.16403785488959
marslike,4714,42,44,56.46687697160884,43.53312302839116
marslike,4714,43,44,61.198738170347,38.801261829653
marslike,4722,42,43,74.67438494934878,25.32561505065123
marslike,4722,42,44,72.93777134587555,27.062228654124453
marslike,4722,43,44,72.06946454413892,27.930535455861072
marslike,4727,42,43,63.730569948186535,36.269430051813465
marslike,4727,42,44,75.12953367875647,24.870466321243523
marslike,4727,43,44,70.46632124352331,29.53367875647669
marslike,4728,42,43,74.75083056478405,25.249169435215947
marslike,4728,42,44,76.41196013289037,23.588039867109632
marslike,4728,43,44,72.75747508305648,27.242524916943523
marslike,4751,42,43,75.0,25.0
marslike,4751,42,44,75.0,25.0
marslike,4751,43,44,71.05263157894737,28.947368421052634
marslike,4763,42,43,72.22222222222221,27.77777777777778
marslike,4763,42,44,74.20634920634922,25.79365079365079
marslike,4763,43,44,66.66666666666666,33.333333333333336
marslike,4795,42,43,52.215799614643544,47.784200385356456
marslike,4795,42,44,51.83044315992292,48.16955684007708
marslike,4795,43,44,61.27167630057804,38.72832369942196
marslike,4812,42,43,66.94560669456067,33.05439330543933
marslike,4812,42,44,68.6192468619247,31.380753138075313
marslike,4812,43,44,73.64016736401673,26.35983263598326
marslike,4824,42,43,50.14164305949008,49.85835694050992
marslike,4824,42,44,52.8328611898017,47.1671388101983
marslike,4824,43,44,55.38243626062322,44.61756373937678
marslike,4826,42,43,71.46596858638743,28.53403141361257
marslike,4826,42,44,69.89528795811518,30.104712041884817
marslike,4826,43,44,68.84816753926701,31.151832460732987
marslike,4828,42,43,42.63959390862944,57.360406091370564
marslike,4828,42,44,48.73096446700508,51.26903553299492
marslike,4828,43,44,60.40609137055838,39.59390862944162
marslike,4844,42,43,36.44859813084112,63.55140186915889
marslike,4844,42,44,64.48598130841121,35.51401869158879
marslike,4844,43,44,53.271028037383175,46.728971962616825
marslike,4852,42,43,74.69879518072288,25.30120481927711
marslike,4852,42,44,73.49397590361446,26.506024096385538
marslike,4852,43,44,73.49397590361446,26.506024096385538
marslike,4868,42,43,71.42857142857143,28.57142857142857
marslike,4868,42,44,77.27272727272727,22.72727272727273
marslike,4868,43,44,70.12987012987013,29.87012987012987
marslike,4878,42,43,63.59649122807017,36.40350877192983
marslike,4878,42,44,62.71929824561403,37.28070175438597
marslike,4878,43,44,66.22807017543859,33.77192982456141
marslike,4882,42,43,67.25806451612904,32.74193548387097
marslike,4882,42,44,68.54838709677419,31.45161290322581
marslike,4882,43,44,68.06451612903226,31.93548387096774
marslike,4890,42,43,71.84466019417476,28.155339805825243
marslike,4890,42,44,71.84466019417476,28.155339805825243
marslike,4890,43,44,66.99029126213593,33.009708737864074
marslike,4894,42,43,63.026166097838455,36.973833902161545
marslike,4894,42,44,62.22980659840728,37.77019340159272
marslike,4894,43,44,59.49943117178612,40.50056882821388
marslike,4906,42,43,72.76995305164318,27.23004694835681
marslike,4906,42,44,73.47417840375586,26.525821596244135
marslike,4906,43,44,70.89201877934272,29.107981220657276
marslike,4928,42,43,54.54545454545454,45.45454545454546
marslike,4928,42,44,58.7012987012987,41.2987012987013
marslike,4928,43,44,57.92207792207792,42.07792207792208
marslike,4935,42,43,72.63157894736842,27.368421052631575
marslike,4935,42,44,68.15789473684211,31.842105263157894
marslike,4935,43,44,70.78947368421052,29.210526315789476
marslike,4974,42,43,71.25748502994011,28.742514970059887
marslike,4974,42,44,73.05389221556887,26.94610778443114
marslike,4974,43,44,73.65269461077844,26.347305389221553
marslike,4997,42,43,59.720457433290974,40.279542566709026
marslike,4997,42,44,62.38881829733164,37.61118170266836
marslike,4997,43,44,64.16772554002542,35.83227445997459
marslike,4999,42,43,76.76056338028168,23.23943661971831
marslike,4999,42,44,72.53521126760563,27.464788732394364
marslike,4999,43,44,76.76056338028168,23.23943661971831
marslike,5003,42,43,69.9203187250996,30.079681274900395
marslike,5003,42,44,69.7211155378486,30.27888446215139
marslike,5003,43,44,67.72908366533864,32.27091633466136
marslike,5008,42,43,75.30266343825666,24.697336561743345
marslike,5008,42,44,69.49152542372882,30.508474576271183
marslike,5008,43,44,70.46004842615012,29.539951573849876
marslike,5025,42,43,69.40639269406392,30.593607305936075
marslike,5025,42,44,56.16438356164384,43.83561643835616
marslike,5025,43,44,62.10045662100456,37.89954337899544
marslike,5037,42,43,71.58176943699732,28.418230563002677
marslike,5037,42,44,76.94369973190348,23.056300268096518
marslike,5037,43,44,78.55227882037534,21.44772117962467
marslike,5040,42,43,60.273972602739725,39.726027397260275
marslike,5040,42,44,57.534246575342465,42.465753424657535
marslike,5040,43,44,46.57534246575342,53.42465753424658
marslike,5051,42,43,54.21686746987952,45.78313253012048
marslike,5051,42,44,56.62650602409639,43.37349397590361
marslike,5051,43,44,61.44578313253012,38.55421686746988
marslike,5055,42,43,64.83050847457628,35.16949152542372
marslike,5055,42,44,63.983050847457626,36.016949152542374
marslike,5055,43,44,70.76271186440678,29.23728813559322
marslike,5065,42,43,76.05633802816901,23.943661971830988
marslike,5065,42,44,72.00704225352112,27.992957746478876
marslike,5065,43,44,71.83098591549296,28.169014084507037
marslike,5070,42,43,71.88612099644128,28.11387900355872
marslike,5070,42,44,67.61565836298932,32.38434163701067
marslike,5070,43,44,65.48042704626334,34.519572953736656
marslike,5076,42,43,80.8193668528864,19.18063314711359
marslike,5076,42,44,77.83985102420856,22.160148975791436
marslike,5076,43,44,78.77094972067039,21.22905027932961
marslike,5080,42,43,76.34408602150538,23.655913978494624
marslike,5080,42,44,76.34408602150538,23.655913978494624
marslike,5080,43,44,88.17204301075269,11.827956989247312
marslike,5088,42,43,79.90314769975787,20.09685230024213
marslike,5088,42,44,77.4818401937046,22.5181598062954
marslike,5088,43,44,81.59806295399515,18.401937046004846
marslike,5089,42,43,64.81481481481481,35.18518518518518
marslike,5089,42,44,57.407407407407405,42.592592592592595
marslike,5089,43,44,50.92592592592593,49.07407407407407
marslike,5095,42,43,70.55555555555556,29.44444444444444
marslike,5095,42,44,71.11111111111111,28.888888888888886
marslike,5095,43,44,65.55555555555556,34.44444444444444
marslike,5123,42,43,64.46700507614213,35.53299492385786
marslike,5123,42,44,66.32825719120136,33.67174280879864
marslike,5123,43,44,68.18950930626058,31.810490693739425
marslike,5131,42,43,56.32183908045977,43.67816091954023
marslike,5131,42,44,59.77011494252874,40.22988505747126
marslike,5131,43,44,63.2183908045977,36.7816091954023
marslike,5138,42,43,68.92857142857143,31.071428571428573
marslike,5138,42,44,71.07142857142857,28.928571428571427
marslike,5138,43,44,66.78571428571428,33.214285714285715
marslike,5150,42,43,73.66255144032921,26.337448559670783
marslike,5150,42,44,72.0164609053498,27.9835390946502
marslike,5150,43,44,69.95884773662551,30.04115226337448
marslike,5165,42,43,66.97127937336815,33.02872062663186
marslike,5165,42,44,72.58485639686684,27.415143603133163
marslike,5165,43,44,69.06005221932115,30.939947780678857
marslike,5173,42,43,55.38461538461539,44.61538461538461
marslike,5173,42,44,54.700854700854705,45.299145299145295
marslike,5173,43,44,57.26495726495726,42.73504273504274
marslike,5177,42,43,68.42105263157895,31.57894736842105
marslike,5177,42,44,74.64114832535886,25.358851674641148
marslike,5177,43,44,75.5980861244019,24.40191387559809
marslike,5181,42,43,72.7810650887574,27.2189349112426
marslike,5181,42,44,70.41420118343196,29.585798816568044
marslike,5181,43,44,71.00591715976331,28.99408284023669
marslike,5187,42,43,74.21052631578947,25.789473684210527
marslike,5187,42,44,74.07894736842105,25.921052631578945
marslike,5187,43,44,73.28947368421052,26.710526315789473
marslike,5197,42,43,63.77952755905512,36.22047244094488
marslike,5197,42,44,66.14173228346458,33.85826771653543
marslike,5197,43,44,70.86614173228347,29.13385826771654
marslike,5206,42,43,71.28712871287128,28.712871287128717
marslike,5206,42,44,74.25742574257426,25.742574257425744
marslike,5206,43,44,60.396039603960396,39.603960396039604
marslike,5214,42,43,78.10650887573965,21.893491124260358
marslike,5214,42,44,73.96449704142012,26.035502958579883
marslike,5214,43,44,68.04733727810651,31.95266272189349
marslike,5234,42,43,70.6140350877193,29.385964912280706
marslike,5234,42,44,76.90058479532163,23.099415204678365
marslike,5234,43,44,73.53801169590643,26.461988304093566
marslike,5242,42,43,72.14397496087636,27.856025039123633
marslike,5242,42,44,71.20500782472612,28.79499217527387
marslike,5242,43,44,71.98748043818466,28.012519561815342
marslike,5243,42,43,65.84615384615384,34.15384615384616
marslike,5243,42,44,69.53846153846153,30.461538461538463
marslike,5243,43,44,66.46153846153847,33.53846153846154
marslike,5255,42,43,50.0,50.0
marslike,5255,42,44,46.568627450980394,53.431372549019606
marslike,5255,43,44,57.84313725490197,42.15686274509803
marslike,5264,42,43,71.78217821782178,28.21782178217822
marslike,5264,42,44,72.02970297029702,27.970297029702973
marslike,5264,43,44,69.80198019801979,30.1980198019802
marslike,5279,42,43,61.18721461187214,38.81278538812786
marslike,5279,42,44,66.21004566210046,33.789954337899545
marslike,5279,43,44,63.013698630136986,36.986301369863014
marslike,5298,42,43,75.56818181818183,24.431818181818176
marslike,5298,42,44,75.0,25.0
marslike,5298,43,44,66.47727272727273,33.52272727272727
marslike,5317,42,43,75.94654788418708,24.053452115812913
marslike,5317,42,44,76.61469933184856,23.385300668151444
marslike,5317,43,44,72.38307349665925,27.616926503340757
marslike,5338,42,43,70.62146892655367,29.378531073446325
marslike,5338,42,44,79.09604519774011,20.903954802259882
marslike,5338,43,44,71.1864406779661,28.8135593220339
marslike,5339,42,43,65.89242053789731,34.10757946210269
marslike,5339,42,44,70.29339853300733,29.706601466992666
marslike,5339,43,44,66.62591687041565,33.374083129584356
marslike,5340,42,43,62.878787878787875,37.121212121212125
marslike,5340,42,44,65.9090909090909,34.09090909090909
marslike,5340,43,44,64.39393939393939,35.60606060606061
marslike,5354,42,43,74.80314960629921,25.196850393700785
marslike,5354,42,44,74.80314960629921,25.196850393700785
marslike,5354,43,44,65.35433070866141,34.645669291338585
marslike,5373,42,43,77.88778877887789,22.112211221122113
marslike,5373,42,44,73.26732673267327,26.732673267326735
marslike,5373,43,44,73.92739273927393,26.072607260726077
marslike,5380,42,43,75.0,25.0
marslike,5380,42,44,75.0,25.0
marslike,5380,43,44,78.125,21.875
marslike,5394,42,43,62.737642585551335,37.262357414448665
marslike,5394,42,44,57.03422053231939,42.96577946768061
marslike,5394,43,44,57.79467680608364,42.20532319391636
marslike,5423,42,43,32.35294117647059,67.64705882352942
marslike,5423,42,44,39.21568627450981,60.7843137254902
marslike,5423,43,44,43.13725490196079,56.86274509803921
marslike,5428,42,43,71.0455764075067,28.954423592493296
marslike,5428,42,44,72.92225201072387,27.077747989276133
marslike,5428,43,44,73.19034852546918,26.809651474530828
marslike,5438,42,43,65.23809523809524,34.76190476190476
marslike,5438,42,44,63.8095238095238,36.1904761904762
marslike,5438,43,44,57.61904761904761,42.38095238095239
marslike,5447,42,43,79.09319899244332,20.906801007556673
marslike,5447,42,44,79.09319899244332,20.906801007556673
marslike,5447,43,44,78.58942065491183,21.410579345088166
marslike,5449,42,43,69.5187165775401,30.481283422459892
marslike,5449,42,44,69.5187165775401,30.481283422459892
marslike,5449,43,44,73.79679144385027,26.203208556149736
marslike,5455,42,43,79.35483870967742,20.645161290322577
marslike,5455,42,44,78.70967741935485,21.29032258064516
marslike,5455,43,44,76.12903225806451,23.870967741935488
marslike,5460,42,43,55.072463768115945,44.927536231884055
marslike,5460,42,44,76.81159420289855,23.188405797101453
marslike,5460,43,44,55.072463768115945,44.927536231884055
marslike,5461,42,43,72.32142857142857,27.67857142857143
marslike,5461,42,44,79.46428571428571,20.535714285714292
marslike,5461,43,44,70.53571428571429,29.464285714285708
marslike,5463,42,43,71.16564417177914,28.834355828220858
marslike,5463,42,44,72.69938650306749,27.300613496932513
marslike,5463,43,44,72.69938650306749,27.300613496932513
marslike,5464,42,43,75.5,24.5
marslike,5464,42,44,67.5,32.49999999999999
marslike,5464,43,44,68.5,31.499999999999993
marslike,5496,42,43,81.2206572769953,18.7793427230047
marslike,5496,42,44,77.46478873239437,22.535211267605636
marslike,5496,43,44,79.34272300469483,20.657276995305164
marslike,5543,42,43,69.00369003690037,30.996309963099634
marslike,5543,42,44,71.21771217712177,28.782287822878228
marslike,5543,43,44,67.15867158671587,32.84132841328413
marslike,5545,42,43,71.7557251908397,28.24427480916031
marslike,5545,42,44,73.2824427480916,26.717557251908396
marslike,5545,43,44,72.264631043257,27.735368956743002
marslike,5550,42,43,76.86567164179104,23.134328358208954
marslike,5550,42,44,67.91044776119402,32.08955223880597
marslike,5550,43,44,67.91044776119402,32.08955223880597
marslike,5594,42,43,72.25433526011561,27.74566473988439
marslike,5594,42,44,73.98843930635837,26.011560693641623
marslike,5594,43,44,70.52023121387283,29.47976878612717
marslike,5604,42,43,70.86614173228347,29.13385826771654
marslike,5604,42,44,68.11023622047244,31.88976377952756
marslike,5604,43,44,73.22834645669292,26.77165354330708
marslike,5605,42,43,80.10610079575596,19.893899204244036
marslike,5605,42,44,77.9840848806366,22.015915119363395
marslike,5605,43,44,81.16710875331566,18.832891246684348
marslike,5633,42,43,60.07326007326007,39.92673992673993
marslike,5633,42,44,63.73626373626373,36.26373626373627
marslike,5633,43,44,60.43956043956044,39.56043956043956
marslike,5641,42,43,70.38043478260869,29.619565217391308
marslike,5641,42,44,75.81521739130434,24.184782608695656
marslike,5641,43,44,71.19565217391305,28.80434782608695
marslike,5653,42,43,80.0,19.999999999999996
marslike,5653,42,44,73.33333333333333,26.66666666666667
marslike,5653,43,44,70.0,30.000000000000004
marslike,5669,42,43,73.26732673267327,26.732673267326735
marslike,5669,42,44,69.10891089108911,30.891089108910897
marslike,5669,43,44,70.6930693069307,29.30693069306931
marslike,5674,42,43,73.094688221709,26.905311778290997
marslike,5674,42,44,74.13394919168591,25.86605080831409
marslike,5674,43,44,75.17321016166282,24.82678983833718
marslike,5697,42,43,72.00902934537245,27.990970654627546
marslike,5697,42,44,69.3002257336343,30.699774266365687
marslike,5697,43,44,69.3002257336343,30.699774266365687
marslike,5705,42,43,68.57142857142857,31.428571428571427
marslike,5705,42,44,62.857142857142854,37.142857142857146
marslike,5705,43,44,72.85714285714285,27.142857142857146
marslike,5711,42,43,55.09499136442142,44.90500863557858
marslike,5711,42,44,58.89464594127807,41.10535405872193
marslike,5711,43,44,54.92227979274611,45.07772020725389
marslike,5713,42,43,88.67924528301887,11.32075471698113
marslike,5713,42,44,86.79245283018868,13.207547169811317
marslike,5713,43,44,81.13207547169812,18.867924528301884
marslike,5714,42,43,70.3125,29.6875
marslike,5714,42,44,74.47916666666666,25.520833333333336
marslike,5714,43,44,70.83333333333334,29.166666666666664
marslike,5717,42,43,69.55223880597015,30.447761194029855
marslike,5717,42,44,74.32835820895522,25.671641791044774
marslike,5717,43,44,69.25373134328359,30.746268656716413
marslike,5720,42,43,76.95961995249407,23.040380047505938
marslike,5720,42,44,78.62232779097387,21.377672209026134
marslike,5720,43,44,74.82185273159145,25.178147268408544
marslike,5750,42,43,69.53125,30.46875
marslike,5750,42,44,63.28125,36.71875
marslike,5750,43,44,57.03125,42.96875
marslike,5755,42,43,72.46049661399549,27.539503386004515
marslike,5755,42,44,71.10609480812641,28.893905191873593
marslike,5755,43,44,70.8803611738149,29.119638826185103
marslike,5821,42,43,70.2576112412178,29.7423887587822
marslike,5821,42,44,73.06791569086651,26.932084309133486
marslike,5821,43,44,70.49180327868852,29.508196721311474
marslike,5826,42,43,71.24183006535948,28.75816993464052
marslike,5826,42,44,66.99346405228758,33.00653594771242
marslike,5826,43,44,70.58823529411765,29.411764705882348
marslike,5827,42,43,71.69811320754717,28.301886792452834
marslike,5827,42,44,73.37526205450735,26.62473794549266
marslike,5827,43,44,71.9077568134172,28.09224318658281
marslike,5842,42,43,62.58064516129033,37.41935483870967
marslike,5842,42,44,69.03225806451613,30.967741935483872
marslike,5842,43,44,64.51612903225806,35.483870967741936
marslike,5843,42,43,65.62054208273894,34.37945791726106
marslike,5843,42,44,64.90727532097004,35.09272467902995
marslike,5843,43,44,64.19400855920114,35.805991440798856
marslike,5844,42,43,71.10609480812641,28.893905191873593
marslike,5844,42,44,75.16930022573364,24.830699774266364
marslike,5844,43,44,71.10609480812641,28.893905191873593
marslike,5865,42,43,70.43010752688173,29.569892473118276
marslike,5865,42,44,70.96774193548387,29.032258064516125
marslike,5865,43,44,70.07168458781362,29.92831541218638
marslike,5873,42,43,61.197604790419156,38.802395209580844
marslike,5873,42,44,65.26946107784431,34.73053892215569
marslike,5873,43,44,63.952095808383234,36.047904191616766
marslike,5874,42,43,78.01418439716312,21.98581560283688
marslike,5874,42,44,77.30496453900709,22.69503546099291
marslike,5874,43,44,77.30496453900709,22.69503546099291
marslike,5876,42,43,77.61194029850746,22.388059701492537
marslike,5876,42,44,78.80597014925374,21.194029850746265
marslike,5876,43,44,81.49253731343283,18.507462686567166
marslike,5877,42,43,63.46153846153846,36.53846153846154
marslike,5877,42,44,64.90384615384616,35.09615384615385
marslike,5877,43,44,67.78846153846155,32.21153846153846
marslike,5904,42,43,68.10126582278481,31.898734177215193
marslike,5904,42,44,64.55696202531645,35.44303797468354
marslike,5904,43,44,70.37974683544303,29.620253164556964
marslike,5937,42,43,66.7779632721202,33.2220367278798
marslike,5937,42,44,64.10684474123539,35.89315525876461
marslike,5937,43,44,65.4424040066778,34.557595993322195
marslike,5963,42,43,70.75471698113208,29.24528301886793
marslike,5963,42,44,68.86792452830188,31.132075471698116
marslike,5963,43,44,66.98113207547169,33.01886792452831
marslike,5965,42,43,75.40983606557377,24.590163934426236
marslike,5965,42,44,73.77049180327869,26.22950819672131
marslike,5965,43,44,71.31147540983606,28.688524590163933
marslike,5966,42,43,75.13812154696133,24.861878453038678
marslike,5966,42,44,76.79558011049724,23.20441988950276
marslike,5966,43,44,74.58563535911603,25.41436464088398
marslike,5967,42,43,38.950715421303656,61.04928457869634
marslike,5967,42,44,45.151033386327505,54.84896661367249
marslike,5967,43,44,42.76629570747218,57.23370429252782
marslike,5988,42,43,71.56862745098039,28.431372549019606
marslike,5988,42,44,76.79738562091504,23.202614379084963
marslike,5988,43,44,75.49019607843137,24.50980392156863
marslike,5991,42,43,72.5,27.500000000000004
marslike,5991,42,44,70.35714285714286,29.64285714285714
marslike,5991,43,44,65.0,35.0
marslike,6013,42,43,78.099173553719,21.900826446280995
marslike,6013,42,44,73.55371900826447,26.446280991735538
marslike,6013,43,44,73.96694214876032,26.033057851239672
marslike,6030,42,43,71.71717171717171,28.282828282828287
marslike,6030,42,44,71.31313131313132,28.68686868686868
marslike,6030,43,44,75.55555555555556,24.444444444444446
marslike,6037,42,43,74.46808510638297,25.531914893617024
marslike,6037,42,44,76.35933806146572,23.64066193853428
marslike,6037,43,44,71.39479905437352,28.605200945626475
marslike,6038,42,43,68.95674300254453,31.043256997455472
marslike,6038,42,44,68.70229007633588,31.29770992366412
marslike,6038,43,44,70.99236641221374,29.007633587786263
marslike,6075,42,43,63.600782778864975,36.399217221135025
marslike,6075,42,44,60.46966731898239,39.53033268101761
marslike,6075,43,44,61.64383561643836,38.35616438356164
marslike,6080,42,43,67.3469387755102,32.6530612244898
marslike,6080,42,44,67.09183673469387,32.90816326530612
marslike,6080,43,44,63.01020408163265,36.98979591836735
marslike,6086,42,43,59.02061855670103,40.97938144329897
marslike,6086,42,44,57.98969072164949,42.01030927835051
marslike,6086,43,44,65.72164948453609,34.27835051546392
marslike,6087,42,43,71.53284671532847,28.467153284671532
marslike,6087,42,44,77.00729927007299,22.99270072992701
marslike,6087,43,44,69.7080291970803,30.29197080291971
marslike,6103,42,43,70.67448680351906,29.325513196480934
marslike,6103,42,44,74.7800586510264,25.219941348973606
marslike,6103,43,44,75.366568914956,24.633431085043988
marslike,6104,42,43,68.97374701670644,31.026252983293556
marslike,6104,42,44,74.7016706443914,25.298329355608594
marslike,6104,43,44,70.64439140811456,29.355608591885442
marslike,6116,42,43,68.67924528301886,31.320754716981135
marslike,6116,42,44,66.79245283018868,33.20754716981133
marslike,6116,43,44,62.264150943396224,37.735849056603776
marslike,6181,42,43,63.26034063260341,36.73965936739659
marslike,6181,42,44,62.530413625304135,37.469586374695865
marslike,6181,43,44,61.0705596107056,38.9294403892944
marslike,6182,42,43,53.65853658536586,46.34146341463414
marslike,6182,42,44,56.09756097560976,43.90243902439024
marslike,6182,43,44,60.16260162601627,39.83739837398373
marslike,6193,42,43,77.05382436260622,22.94617563739377
marslike,6193,42,44,74.22096317280453,25.77903682719547
marslike,6193,43,44,72.23796033994334,27.762039660056658
marslike,6194,42,43,66.07142857142857,33.92857142857143
marslike,6194,42,44,75.0,25.0
marslike,6194,43,44,67.85714285714286,32.14285714285714
marslike,6204,42,43,64.82213438735178,35.17786561264822
marslike,6204,42,44,64.82213438735178,35.17786561264822
marslike,6204,43,44,67.58893280632411,32.41106719367589
marslike,6207,42,43,64.67391304347827,35.32608695652174
marslike,6207,42,44,68.47826086956522,31.521739130434778
marslike,6207,43,44,63.58695652173913,36.41304347826087
marslike,6209,42,43,67.83625730994152,32.163742690058484
marslike,6209,42,44,66.66666666666666,33.333333333333336
marslike,6209,43,44,65.8869395711501,34.113060428849906
marslike,6212,42,43,75.60137457044674,24.398625429553267
marslike,6212,42,44,70.61855670103093,29.381443298969067
marslike,6212,43,44,73.53951890034365,26.460481099656352
marslike,6214,42,43,50.72463768115942,49.27536231884058
marslike,6214,42,44,60.86956521739131,39.13043478260869
marslike,6214,43,44,48.55072463768116,51.44927536231884
marslike,6231,42,43,74.47916666666666,25.520833333333336
marslike,6231,42,44,75.0,25.0
marslike,6231,43,44,80.20833333333334,19.791666666666664
marslike,6264,42,43,69.73684210526315,30.263157894736846
marslike,6264,42,44,70.26315789473684,29.73684210526316
marslike,6264,43,44,65.0,35.0
marslike,6273,42,43,51.61290322580645,48.38709677419355
marslike,6273,42,44,51.61290322580645,48.38709677419355
marslike,6273,43,44,51.61290322580645,48.38709677419355
marslike,6310,42,43,68.04123711340206,31.958762886597935
marslike,6310,42,44,71.1340206185567,28.865979381443296
marslike,6310,43,44,74.22680412371135,25.773195876288657
marslike,6322,42,43,65.89147286821705,34.10852713178295
marslike,6322,42,44,64.34108527131784,35.65891472868217
marslike,6322,43,44,65.89147286821705,34.10852713178295
marslike,6324,42,43,74.26900584795322,25.730994152046783
marslike,6324,42,44,77.19298245614034,22.807017543859654
marslike,6324,43,44,70.76023391812866,29.239766081871345
marslike,6335,42,43,73.17073170731707,26.82926829268293
marslike,6335,42,44,70.03484320557492,29.965156794425084
marslike,6335,43,44,73.86759581881533,26.132404181184665
marslike,6355,42,43,76.04651162790698,23.953488372093023
marslike,6355,42,44,73.0232558139535,26.97674418604651
marslike,6355,43,44,73.25581395348837,26.74418604651163
marslike,6380,42,43,72.22222222222221,27.77777777777778
marslike,6380,42,44,75.0,25.0
marslike,6380,43,44,72.91666666666666,27.083333333333336
marslike,6388,42,43,65.80310880829016,34.196891191709845
marslike,6388,42,44,73.83419689119171,26.165803108808294
marslike,6388,43,44,65.28497409326425,34.715025906735754
marslike,6394,42,43,69.49152542372882,30.508474576271183
marslike,6394,42,44,52.54237288135594,47.45762711864406
marslike,6394,43,44,55.932203389830505,44.067796610169495
marslike,6413,42,43,74.3801652892562,25.619834710743806
marslike,6413,42,44,71.900826446281,28.099173553719005
marslike,6413,43,44,75.6198347107438,24.380165289256194
marslike,6422,42,43,74.77360931435963,25.226390685640364
marslike,6422,42,44,72.83311772315653,27.166882276843463
marslike,6422,43,44,74.1267787839586,25.873221216041397
marslike,6431,42,43,49.46996466431096,50.53003533568905
marslike,6431,42,44,44.87632508833922,55.12367491166077
marslike,6431,43,44,55.12367491166078,44.87632508833922
marslike,6442,42,43,72.47956403269755,27.520435967302447
marslike,6442,42,44,70.02724795640327,29.972752043596728
marslike,6442,43,44,73.84196185286103,26.158038147138964
marslike,6468,42,43,64.31718061674009,35.68281938325991
marslike,6468,42,44,64.31718061674009,35.68281938325991
marslike,6468,43,44,66.96035242290749,33.03964757709251
marslike,6473,42,43,63.17365269461078,36.82634730538922
marslike,6473,42,44,67.66467065868264,32.33532934131736
marslike,6473,43,44,68.26347305389223,31.73652694610778
marslike,6474,42,43,64.06926406926407,35.930735930735935
marslike,6474,42,44,71.42857142857143,28.57142857142857
marslike,6474,43,44,67.53246753246754,32.467532467532465
marslike,6482,42,43,64.0,36.0
marslike,6482,42,44,68.0,31.999999999999996
marslike,6482,43,44,68.0,31.999999999999996
marslike,6488,42,43,74.0053050397878,25.994694960212207
marslike,6488,42,44,71.61803713527851,28.381962864721487
marslike,6488,43,44,71.3527851458886,28.647214854111404
marslike,6506,42,43,73.49397590361446,26.506024096385538
marslike,6506,42,44,70.48192771084338,29.518072289156628
marslike,6506,43,44,68.07228915662651,31.92771084337349
marslike,6514,42,43,80.21739130434783,19.782608695652172
marslike,6514,42,44,81.73913043478261,18.260869565217387
marslike,6514,43,44,81.30434782608695,18.695652173913047
marslike,6520,42,43,57.19298245614035,42.80701754385965
marslike,6520,42,44,57.54385964912281,42.45614035087719
marslike,6520,43,44,55.78947368421052,44.21052631578948
marslike,6525,42,43,70.34795763993948,29.652042360060516
marslike,6525,42,44,75.18910741301059,24.810892586989407
marslike,6525,43,44,69.7428139183056,30.2571860816944
marslike,6539,42,43,69.6969696969697,30.303030303030297
marslike,6539,42,44,71.38047138047138,28.619528619528623
marslike,6539,43,44,73.62514029180696,26.374859708193043
marslike,6553,42,43,68.22429906542055,31.775700934579444
marslike,6553,42,44,70.40498442367601,29.59501557632399
marslike,6553,43,44,63.862928348909655,36.137071651090345
marslike,6562,42,43,75.42857142857143,24.571428571428566
marslike,6562,42,44,74.28571428571429,25.71428571428571
marslike,6562,43,44,84.57142857142857,15.428571428571425
marslike,6591,42,43,73.11320754716981,26.88679245283019
marslike,6591,42,44,73.27044025157232,26.72955974842768
marslike,6591,43,44,73.42767295597484,26.572327044025158
marslike,6612,42,43,77.98507462686567,22.014925373134332
marslike,6612,42,44,73.88059701492537,26.119402985074625
marslike,6612,43,44,74.25373134328358,25.74626865671642
marslike,6620,42,43,61.46788990825688,38.53211009174312
marslike,6620,42,44,52.293577981651374,47.706422018348626
marslike,6620,43,44,60.550458715596335,39.449541284403665
marslike,6629,42,43,65.55555555555556,34.44444444444444
marslike,6629,42,44,67.77777777777779,32.22222222222222
marslike,6629,43,44,50.0,50.0
marslike,6642,42,43,70.55837563451777,29.441624365482234
marslike,6642,42,44,68.52791878172589,31.472081218274116
marslike,6642,43,44,63.95939086294417,36.04060913705583
marslike,6649,42,43,62.16216216216216,37.83783783783784
marslike,6649,42,44,58.55855855855856,41.44144144144144
marslike,6649,43,44,60.36036036036037,39.63963963963963
marslike,6652,42,43,64.19213973799127,35.80786026200873
marslike,6652,42,44,60.698689956331876,39.301310043668124
marslike,6652,43,44,58.369723435225616,41.630276564774384
marslike,6665,42,43,69.76320582877959,30.236794171220403
marslike,6665,42,44,66.66666666666666,33.333333333333336
marslike,6665,43,44,71.58469945355192,28.415300546448087
marslike,6666,42,43,76.11940298507463,23.880597014925375
marslike,6666,42,44,73.77398720682304,26.226012793176967
marslike,6666,43,44,70.78891257995735,29.21108742004265
marslike,6673,42,43,68.13953488372093,31.86046511627907
marslike,6673,42,44,66.04651162790698,33.95348837209302
marslike,6673,43,44,67.2093023255814,32.7906976744186
marslike,6676,42,43,69.187675070028,30.81232492997199
marslike,6676,42,44,75.35014005602241,24.649859943977592
marslike,6676,43,44,72.54901960784314,27.450980392156865
marslike,6689,42,43,77.00729927007299,22.99270072992701
marslike,6689,42,44,72.26277372262774,27.73722627737226
marslike,6689,43,44,71.8978102189781,28.102189781021902
marslike,6723,42,43,81.18279569892472,18.817204301075275
marslike,6723,42,44,76.34408602150538,23.655913978494624
marslike,6723,43,44,82.79569892473118,17.204301075268813
marslike,6743,42,43,54.51127819548872,45.48872180451128
marslike,6743,42,44,64.28571428571429,35.71428571428571
marslike,6743,43,44,52.63157894736842,47.36842105263158
marslike,6745,42,43,61.711711711711715,38.288288288288285
marslike,6745,42,44,63.06306306306306,36.93693693693694
marslike,6745,43,44,65.31531531531532,34.68468468468468
marslike,6766,42,43,67.02702702702703,32.97297297297297
marslike,6766,42,44,62.70270270270271,37.29729729729729
marslike,6766,43,44,68.10810810810811,31.891891891891888
marslike,6770,42,43,62.38244514106584,37.61755485893416
marslike,6770,42,44,64.57680250783699,35.423197492163006
marslike,6770,43,44,62.695924764890286,37.304075235109714
marslike,6803,42,43,75.7821552723059,24.217844727694093
marslike,6803,42,44,77.52027809965237,22.479721900347627
marslike,6803,43,44,75.43453070683661,24.56546929316339
marslike,6819,42,43,72.11413748378729,27.88586251621271
marslike,6819,42,44,72.11413748378729,27.88586251621271
marslike,6819,43,44,72.63294422827497,27.367055771725035
marslike,6837,42,43,54.23728813559322,45.76271186440678
marslike,6837,42,44,56.779661016949156,43.220338983050844
marslike,6837,43,44,67.79661016949152,32.20338983050848
marslike,6849,42,43,64.0,36.0
marslike,6849,42,44,66.8,33.199999999999996
marslike,6849,43,44,68.0,31.999999999999996
marslike,6855,42,43,60.15625,39.84375
marslike,6855,42,44,66.40625,33.59375
marslike,6855,43,44,60.9375,39.0625
marslike,6880,42,43,74.75247524752476,25.247524752475247
marslike,6880,42,44,77.47524752475248,22.524752475247524
marslike,6880,43,44,78.46534653465346,21.53465346534653
marslike,6895,42,43,71.51515151515152,28.48484848484848
marslike,6895,42,44,70.9090909090909,29.09090909090909
marslike,6895,43,44,68.48484848484848,31.51515151515152
marslike,6898,42,43,73.49397590361446,26.506024096385538
marslike,6898,42,44,71.6867469879518,28.31325301204819
marslike,6898,43,44,74.69879518072288,25.30120481927711
marslike,6903,42,43,77.97619047619048,22.023809523809522
marslike,6903,42,44,71.42857142857143,28.57142857142857
marslike,6903,43,44,77.97619047619048,22.023809523809522
marslike,6908,42,43,77.56849315068493,22.431506849315063
marslike,6908,42,44,76.36986301369863,23.630136986301366
marslike,6908,43,44,77.3972602739726,22.602739726027398
marslike,6951,42,43,58.43828715365239,41.56171284634761
marslike,6951,42,44,67.00251889168766,32.99748110831234
marslike,6951,43,44,60.20151133501259,39.79848866498741
marslike,6953,42,43,68.72427983539094,31.275720164609055
marslike,6953,42,44,70.78189300411523,29.218106995884774
marslike,6953,43,44,74.07407407407408,25.92592592592593
marslike,6954,42,43,60.25104602510461,39.74895397489539
marslike,6954,42,44,65.27196652719665,34.72803347280335
marslike,6954,43,44,65.27196652719665,34.72803347280335
marslike,6963,42,43,66.56441717791411,33.435582822085884
marslike,6963,42,44,70.5521472392638,29.447852760736193
marslike,6963,43,44,66.56441717791411,33.435582822085884
marslike,6975,42,43,74.74226804123711,25.257731958762886
marslike,6975,42,44,72.16494845360825,27.835051546391753
marslike,6975,43,44,75.77319587628865,24.226804123711343
marslike,6978,42,43,69.76,30.240000000000002
marslike,6978,42,44,69.28,30.720000000000002
marslike,6978,43,44,72.16,27.839999999999996
marslike,7001,42,43,69.33638443935926,30.663615560640732
marslike,7001,42,44,70.25171624713958,29.748283752860416
marslike,7001,43,44,69.56521739130434,30.434782608695656
marslike,7003,42,43,78.1491002570694,21.850899742930597
marslike,7003,42,44,75.06426735218508,24.935732647814913
marslike,7003,43,44,78.66323907455013,21.336760925449873
marslike,7027,42,43,78.125,21.875
marslike,7027,42,44,73.828125,26.171875
marslike,7027,43,44,78.515625,21.484375
marslike,7040,42,43,64.58333333333334,35.416666666666664
marslike,7040,42,44,63.541666666666664,36.458333333333336
marslike,7040,43,44,55.729166666666664,44.270833333333336
marslike,7044,42,43,73.121387283237,26.878612716763005
marslike,7044,42,44,74.85549132947978,25.144508670520228
marslike,7044,43,44,78.32369942196532,21.67630057803468
marslike,7048,42,43,74.93606138107417,25.063938618925828
marslike,7048,42,44,69.56521739130434,30.434782608695656
marslike,7048,43,44,69.82097186700767,30.179028132992325
marslike,7050,42,43,73.83720930232558,26.16279069767442
marslike,7050,42,44,69.76744186046511,30.23255813953488
marslike,7050,43,44,66.27906976744185,33.720930232558146
marslike,7065,42,43,66.7779632721202,33.2220367278798
marslike,7065,42,44,59.59933222036727,40.40066777963273
marslike,7065,43,44,61.101836393989984,38.898163606010016
marslike,7070,42,43,69.6088264794383,30.391173520561686
marslike,7070,42,44,69.00702106318957,30.992978936810434
marslike,7070,43,44,69.6088264794383,30.391173520561686
marslike,7071,42,43,65.70048309178745,34.29951690821256
marslike,7071,42,44,63.28502415458937,36.71497584541063
marslike,7071,43,44,65.21739130434783,34.78260869565217
marslike,7095,42,43,76.73267326732673,23.267326732673265
marslike,7095,42,44,78.46534653465346,21.53465346534653
marslike,7095,43,44,75.0,25.0
marslike,7097,42,43,54.644808743169406,45.355191256830594
marslike,7097,42,44,56.557377049180324,43.442622950819676
marslike,7097,43,44,52.732240437158474,47.267759562841526
marslike,7122,42,43,64.51612903225806,35.483870967741936
marslike,7122,42,44,74.19354838709677,25.806451612903224
marslike,7122,43,44,68.27956989247312,31.720430107526887
marslike,7133,42,43,70.67669172932331,29.323308270676694
marslike,7133,42,44,71.05263157894737,28.947368421052634
marslike,7133,43,44,72.74436090225564,27.255639097744368
marslike,7135,42,43,69.23076923076923,30.76923076923077
marslike,7135,42,44,66.66666666666666,33.333333333333336
marslike,7135,43,44,67.17948717948717,32.820512820512825
marslike,7150,42,43,59.693877551020414,40.306122448979586
marslike,7150,42,44,60.204081632653065,39.795918367346935
marslike,7150,43,44,63.775510204081634,36.224489795918366
marslike,7152,42,43,73.89705882352942,26.102941176470583
marslike,7152,42,44,70.58823529411765,29.411764705882348
marslike,7152,43,44,70.58823529411765,29.411764705882348
marslike,7160,42,43,74.30830039525692,25.69169960474308
marslike,7160,42,44,77.4703557312253,22.529644268774707
marslike,7160,43,44,77.07509881422925,22.92490118577075
marslike,7168,42,43,75.96153846153845,24.03846153846154
marslike,7168,42,44,77.88461538461539,22.115384615384613
marslike,7168,43,44,74.03846153846155,25.96153846153846
marslike,7183,42,43,74.58432304038006,25.415676959619947
marslike,7183,42,44,71.97149643705463,28.028503562945374
marslike,7183,43,44,72.92161520190024,27.078384798099762
marslike,7195,42,43,62.45259165613148,37.54740834386852
marslike,7195,42,44,63.46396965865993,36.53603034134007
marslike,7195,43,44,65.48672566371681,34.51327433628318
marslike,7197,42,43,68.83116883116884,31.16883116883117
marslike,7197,42,44,72.2943722943723,27.705627705627712
marslike,7197,43,44,74.89177489177489,25.108225108225113
marslike,7217,42,43,73.72881355932203,26.271186440677962
marslike,7217,42,44,66.10169491525424,33.89830508474576
marslike,7217,43,44,72.03389830508475,27.966101694915256
marslike,7231,42,43,71.35922330097088,28.640776699029125
marslike,7231,42,44,61.6504854368932,38.3495145631068
marslike,7231,43,44,54.36893203883495,45.63106796116505
marslike,7245,42,43,71.84466019417476,28.155339805825243
marslike,7245,42,44,70.87378640776699,29.126213592233007
marslike,7245,43,44,75.72815533980582,24.271844660194176
marslike,7251,42,43,75.0,25.0
marslike,7251,42,44,74.35064935064936,25.649350649350644
marslike,7251,43,44,70.77922077922078,29.220779220779225
marslike,7264,42,43,52.55474452554745,47.44525547445255
marslike,7264,42,44,56.02189781021898,43.97810218978102
marslike,7264,43,44,52.37226277372263,47.62773722627737
marslike,7266,42,43,66.66666666666666,33.333333333333336
marslike,7266,42,44,72.22222222222221,27.77777777777778
marslike,7266,43,44,71.42857142857143,28.57142857142857
marslike,7271,42,43,63.929618768328446,36.070381231671554
marslike,7271,42,44,53.3724340175953,46.6275659824047
marslike,7271,43,44,56.598240469208214,43.401759530791786
marslike,7278,42,43,44.47761194029851,55.52238805970149
marslike,7278,42,44,47.01492537313433,52.98507462686567
marslike,7278,43,44,47.61194029850746,52.38805970149254
marslike,7281,42,43,78.08219178082192,21.91780821917808
marslike,7281,42,44,77.3972602739726,22.602739726027398
marslike,7281,43,44,76.71232876712328,23.28767123287672
marslike,7285,42,43,60.747663551401864,39.252336448598136
marslike,7285,42,44,71.02803738317756,28.971962616822434
marslike,7285,43,44,72.89719626168224,27.10280373831776
marslike,7290,42,43,67.65578635014838,32.344213649851625
marslike,7290,42,44,70.91988130563797,29.08011869436202
marslike,7290,43,44,70.62314540059347,29.37685459940653
marslike,7362,42,43,72.1830985915493,27.8169014084507
marslike,7362,42,44,74.64788732394366,25.352112676056336
marslike,7362,43,44,66.90140845070422,33.098591549295776
marslike,7373,42,43,76.29310344827587,23.70689655172413
marslike,7373,42,44,72.84482758620689,27.155172413793103
marslike,7373,43,44,74.56896551724138,25.43103448275862
marslike,7420,42,43,62.12765957446808,37.87234042553192
marslike,7420,42,44,65.95744680851064,34.04255319148937
marslike,7420,43,44,67.23404255319149,32.765957446808514
marslike,7444,42,43,71.73489278752436,28.265107212475638
marslike,7444,42,44,71.9298245614035,28.07017543859649
marslike,7444,43,44,72.12475633528264,27.875243664717352
marslike,7463,42,43,69.34306569343066,30.65693430656934
marslike,7463,42,44,68.61313868613139,31.386861313868607
marslike,7463,43,44,64.37956204379563,35.62043795620438
marslike,7467,42,43,67.55994358251057,32.44005641748943
marslike,7467,42,44,65.58533145275035,34.41466854724965
marslike,7467,43,44,67.27785613540198,32.72214386459803
marslike,7468,42,43,72.3404255319149,27.6595744680851
marslike,7468,42,44,74.46808510638297,25.531914893617024
marslike,7468,43,44,75.31914893617021,24.680851063829788
marslike,7484,42,43,69.79865771812081,30.201342281879196
marslike,7484,42,44,64.42953020134227,35.570469798657726
marslike,7484,43,44,63.08724832214765,36.91275167785235
marslike,7492,42,43,68.18950930626058,31.810490693739425
marslike,7492,42,44,68.35871404399323,31.64128595600677
marslike,7492,43,44,71.57360406091371,28.42639593908629
marslike,7524,42,43,56.34178905206942,43.65821094793058
marslike,7524,42,44,55.80774365821095,44.19225634178905
marslike,7524,43,44,54.73965287049399,45.26034712950601
marslike,7533,42,43,65.73426573426573,34.265734265734274
marslike,7533,42,44,62.93706293706294,37.06293706293706
marslike,7533,43,44,69.93006993006993,30.069930069930074
marslike,7535,42,43,72.38372093023256,27.616279069767447
marslike,7535,42,44,72.67441860465115,27.32558139534884
marslike,7535,43,44,70.20348837209302,29.796511627906973
marslike,7537,42,43,74.5945945945946,25.4054054054054
marslike,7537,42,44,77.29729729729729,22.702702702702705
marslike,7537,43,44,75.13513513513513,24.864864864864867
marslike,7601,42,43,59.388646288209614,40.611353711790386
marslike,7601,42,44,61.572052401746724,38.427947598253276
marslike,7601,43,44,70.74235807860262,29.257641921397383
marslike,7604,42,43,66.55231560891939,33.447684391080614
marslike,7604,42,44,64.15094339622641,35.84905660377359
marslike,7604,43,44,63.979416809605496,36.020583190394504
marslike,7617,42,43,64.79820627802691,35.2017937219731
marslike,7617,42,44,66.3677130044843,33.63228699551569
marslike,7617,43,44,66.59192825112108,33.40807174887892
marslike,7636,42,43,57.692307692307686,42.307692307692314
marslike,7636,42,44,63.46153846153846,36.53846153846154
marslike,7636,43,44,60.57692307692307,39.42307692307693
marslike,7642,42,43,73.28767123287672,26.71232876712328
marslike,7642,42,44,70.54794520547945,29.452054794520542
marslike,7642,43,44,76.36986301369863,23.630136986301366
marslike,7663,42,43,75.38071065989847,24.619289340101524
marslike,7663,42,44,75.1269035532995,24.873096446700504
marslike,7663,43,44,73.60406091370558,26.39593908629442
marslike,7675,42,43,71.01449275362319,28.985507246376805
marslike,7675,42,44,70.77294685990339,29.227053140096615
marslike,7675,43,44,73.42995169082126,26.57004830917874
marslike,7697,42,43,49.09090909090909,50.90909090909091
marslike,7697,42,44,47.878787878787875,52.121212121212125
marslike,7697,43,44,49.696969696969695,50.303030303030305
marslike,7699,42,43,59.93975903614458,40.06024096385542
marslike,7699,42,44,62.34939759036144,37.65060240963856
marslike,7699,43,44,67.7710843373494,32.22891566265061
marslike,7703,42,43,62.4113475177305,37.5886524822695
marslike,7703,42,44,67.37588652482269,32.62411347517731
marslike,7703,43,44,68.08510638297872,31.914893617021278
marslike,7718,42,43,65.88235294117646,34.11764705882353
marslike,7718,42,44,74.11764705882354,25.882352941176467
marslike,7718,43,44,74.90196078431373,25.098039215686274
marslike,7744,42,43,67.17325227963525,32.82674772036474
marslike,7744,42,44,65.04559270516718,34.954407294832826
marslike,7744,43,44,75.98784194528876,24.012158054711243
marslike,7756,42,43,69.93464052287581,30.065359477124186
marslike,7756,42,44,80.3921568627451,19.6078431372549
marslike,7756,43,44,71.24183006535948,28.75816993464052
marslike,7762,42,43,54.347826086956516,45.652173913043484
marslike,7762,42,44,49.40711462450593,50.59288537549407
marslike,7762,43,44,50.19762845849802,49.80237154150198
marslike,7764,42,43,46.57039711191336,53.42960288808665
marslike,7764,42,44,40.07220216606498,59.927797833935024
marslike,7764,43,44,57.03971119133574,42.96028880866426
marslike,7770,42,43,67.02586206896551,32.974137931034484
marslike,7770,42,44,66.37931034482759,33.620689655172406
marslike,7770,43,44,71.76724137931035,28.23275862068966
marslike,7778,42,43,65.9047619047619,34.0952380952381
marslike,7778,42,44,65.52380952380953,34.476190476190474
marslike,7778,43,44,68.76190476190476,31.23809523809524
marslike,7809,42,43,70.11494252873564,29.885057471264364
marslike,7809,42,44,68.53448275862068,31.465517241379317
marslike,7809,43,44,71.83908045977012,28.16091954022989
marslike,7820,42,43,45.056320400500624,54.943679599499376
marslike,7820,42,44,48.310387984981226,51.689612015018774
marslike,7820,43,44,44.931163954943685,55.06883604505632
marslike,7826,42,43,64.49864498644986,35.50135501355014
marslike,7826,42,44,57.994579945799465,42.005420054200535
marslike,7826,43,44,56.09756097560976,43.90243902439024
marslike,7836,42,43,65.07352941176471,34.92647058823529
marslike,7836,42,44,68.75,31.25
marslike,7836,43,44,68.01470588235294,31.985294117647058
marslike,7869,42,43,56.86274509803921,43.13725490196079
marslike,7869,42,44,58.16993464052288,41.83006535947712
marslike,7869,43,44,50.326797385620914,49.673202614379086
marslike,7881,42,43,76.10619469026548,23.893805309734518
marslike,7881,42,44,81.41592920353983,18.58407079646017
marslike,7881,43,44,70.79646017699115,29.20353982300885
marslike,7889,42,43,74.3455497382199,25.654450261780106
marslike,7889,42,44,74.3455497382199,25.654450261780106
marslike,7889,43,44,70.68062827225131,29.31937172774869
marslike,7919,42,43,74.42273534635879,25.57726465364121
marslike,7919,42,44,72.46891651865009,27.531083481349917
marslike,7919,43,44,71.93605683836589,28.063943161634107
marslike,7921,42,43,68.0,31.999999999999996
marslike,7921,42,44,74.0,26.0
marslike,7921,43,44,71.0,29.000000000000004
marslike,7963,42,43,74.71526195899773,25.284738041002274
marslike,7963,42,44,75.85421412300684,24.145785876993166
marslike,7963,43,44,73.80410022779044,26.195899772209565
marslike,7970,42,43,61.95652173913043,38.04347826086957
marslike,7970,42,44,63.04347826086957,36.95652173913043
marslike,7970,43,44,65.21739130434783,34.78260869565217
marslike,7978,42,43,68.125,31.874999999999996
marslike,7978,42,44,66.875,33.12500000000001
marslike,7978,43,44,71.25,28.749999999999996
marslike,8004,42,43,74.4336569579288,25.566343042071193
marslike,8004,42,44,73.13915857605178,26.860841423948223
marslike,8004,43,44,69.25566343042071,30.74433656957929
marslike,8013,42,43,74.28872497365649,25.711275026343515
marslike,8013,42,44,72.91886195995785,27.081138040042152
marslike,8013,43,44,72.28661749209695,27.71338250790305
marslike,8031,42,43,62.16216216216216,37.83783783783784
marslike,8031,42,44,60.36036036036037,39.63963963963963
marslike,8031,43,44,65.76576576576578,34.23423423423423
marslike,8052,42,43,58.54214123006833,41.45785876993167
marslike,8052,42,44,62.414578587699324,37.585421412300676
marslike,8052,43,44,64.00911161731207,35.99088838268793
marslike,8074,42,43,71.9298245614035,28.07017543859649
marslike,8074,42,44,76.19047619047619,23.809523809523814
marslike,8074,43,44,70.42606516290726,29.57393483709273
marslike,8080,42,43,85.71428571428571,14.28571428571429
marslike,8080,42,44,82.14285714285714,17.85714285714286
marslike,8080,43,44,76.19047619047619,23.809523809523814
marslike,8098,42,43,77.63157894736842,22.368421052631582
marslike,8098,42,44,69.73684210526315,30.263157894736846
marslike,8098,43,44,76.31578947368422,23.684210526315784
marslike,8101,42,43,72.11538461538461,27.884615384615387
marslike,8101,42,44,78.36538461538461,21.634615384615387
marslike,8101,43,44,68.26923076923077,31.73076923076923
marslike,8135,42,43,72.33009708737865,27.669902912621357
marslike,8135,42,44,74.75728155339806,25.24271844660194
marslike,8135,43,44,75.24271844660194,24.75728155339806
marslike,8142,42,43,62.74944567627494,37.25055432372506
marslike,8142,42,44,65.85365853658537,34.14634146341463
marslike,8142,43,44,64.30155210643017,35.69844789356984
marslike,8183,42,43,69.67670011148273,30.323299888517276
marslike,8183,42,44,70.68004459308807,29.319955406911923
marslike,8183,43,44,70.1226309921962,29.87736900780379
marslike,8221,42,43,75.10204081632654,24.897959183673468
marslike,8221,42,44,74.89795918367346,25.102040816326532
marslike,8221,43,44,74.6938775510204,25.306122448979597
marslike,8223,42,43,48.78048780487805,51.21951219512195
marslike,8223,42,44,50.40650406504065,49.59349593495935
marslike,8223,43,44,52.84552845528455,47.15447154471545
marslike,8254,42,43,68.26086956521739,31.739130434782613
marslike,8254,42,44,71.73913043478261,28.260869565217394
marslike,8254,43,44,65.65217391304347,34.34782608695652
marslike,8264,42,43,70.54263565891473,29.457364341085267
marslike,8264,42,44,71.83462532299741,28.165374677002585
marslike,8264,43,44,73.38501291989664,26.614987080103358
marslike,8331,42,43,73.568281938326,26.431718061674005
marslike,8331,42,44,74.8898678414097,25.110132158590304
marslike,8331,43,44,76.2114537444934,23.788546255506603
marslike,8352,42,43,47.93388429752066,52.066115702479344
marslike,8352,42,44,54.54545454545454,45.45454545454546
marslike,8352,43,44,61.98347107438017,38.01652892561983
marslike,8362,42,43,61.7816091954023,38.2183908045977
marslike,8362,42,44,64.08045977011494,35.91954022988506
marslike,8362,43,44,61.49425287356321,38.50574712643679
marslike,8392,42,43,68.67469879518072,31.32530120481928
marslike,8392,42,44,53.01204819277109,46.98795180722891
marslike,8392,43,44,59.036144578313255,40.963855421686745
marslike,8394,42,43,74.20718816067652,25.79281183932347
marslike,8394,42,44,72.3044397463002,27.695560253699792
marslike,8394,43,44,72.51585623678648,27.48414376321353
marslike,8419,42,43,72.45901639344262,27.54098360655738
marslike,8419,42,44,67.54098360655738,32.45901639344262
marslike,8419,43,44,71.80327868852459,28.196721311475414
marslike,8426,42,43,74.13793103448276,25.86206896551724
marslike,8426,42,44,72.98850574712644,27.011494252873558
marslike,8426,43,44,73.5632183908046,26.436781609195403
marslike,8438,42,43,71.9298245614035,28.07017543859649
marslike,8438,42,44,76.84210526315789,23.15789473684211
marslike,8438,43,44,71.57894736842105,28.421052631578945
marslike,8440,42,43,79.13043478260869,20.869565217391305
marslike,8440,42,44,73.04347826086956,26.956521739130434
marslike,8440,43,44,69.56521739130434,30.434782608695656
marslike,8478,42,43,67.26804123711341,32.73195876288659
marslike,8478,42,44,62.628865979381445,37.371134020618555
marslike,8478,43,44,65.97938144329896,34.02061855670103
marslike,8508,42,43,75.45839210155148,24.541607898448515
marslike,8508,42,44,71.36812411847673,28.63187588152327
marslike,8508,43,44,71.36812411847673,28.63187588152327
marslike,8511,42,43,64.83180428134557,35.16819571865444
marslike,8511,42,44,62.69113149847095,37.30886850152905
marslike,8511,43,44,67.58409785932722,32.415902140672785
marslike,8516,42,43,72.72727272727273,27.27272727272727
marslike,8516,42,44,74.30830039525692,25.69169960474308
marslike,8516,43,44,72.72727272727273,27.27272727272727
marslike,8546,42,43,70.27027027027027,29.729729729729726
marslike,8546,42,44,73.74517374517374,26.25482625482626
marslike,8546,43,44,75.2895752895753,24.710424710424704
marslike,8564,42,43,71.85185185185186,28.148148148148145
marslike,8564,42,44,70.37037037037037,29.629629629629626
marslike,8564,43,44,71.85185185185186,28.148148148148145
marslike,8588,42,43,60.76923076923077,39.23076923076923
marslike,8588,42,44,60.0,40.0
marslike,8588,43,44,61.53846153846154,38.46153846153846
marslike,8597,42,43,55.5956678700361,44.4043321299639
marslike,8597,42,44,56.13718411552347,43.86281588447653
marslike,8597,43,44,52.888086642599276,47.111913357400724
marslike,8632,42,43,72.78761061946902,27.212389380530976
marslike,8632,42,44,69.02654867256636,30.973451327433633
marslike,8632,43,44,70.2433628318584,29.756637168141598
marslike,8659,42,43,72.93447293447294,27.06552706552706
marslike,8659,42,44,70.94017094017094,29.059829059829056
marslike,8659,43,44,72.93447293447294,27.06552706552706
marslike,8664,42,43,61.66666666666667,38.33333333333333
marslike,8664,42,44,65.55555555555556,34.44444444444444
marslike,8664,43,44,70.55555555555556,29.44444444444444
marslike,8665,42,43,70.11494252873564,29.885057471264364
marslike,8665,42,44,75.86206896551724,24.13793103448276
marslike,8665,43,44,71.26436781609196,28.735632183908045
marslike,8669,42,43,66.90391459074732,33.09608540925267
marslike,8669,42,44,65.12455516014235,34.87544483985765
marslike,8669,43,44,65.83629893238434,34.16370106761566
marslike,8694,42,43,71.75398633257403,28.246013667425974
marslike,8694,42,44,73.12072892938497,26.87927107061503
marslike,8694,43,44,68.79271070615034,31.207289293849662
marslike,8695,42,43,67.80952380952381,32.19047619047619
marslike,8695,42,44,73.14285714285714,26.857142857142858
marslike,8695,43,44,66.66666666666666,33.333333333333336
marslike,8698,42,43,72.3076923076923,27.692307692307693
marslike,8698,42,44,71.15384615384616,28.846153846153843
marslike,8698,43,44,73.84615384615385,26.15384615384615
marslike,8700,42,43,72.7447216890595,27.2552783109405
marslike,8700,42,44,72.552783109405,27.447216890595005
marslike,8700,43,44,73.12859884836853,26.87140115163148
marslike,8736,42,43,71.04072398190046,28.959276018099544
marslike,8736,42,44,70.13574660633483,29.864253393665162
marslike,8736,43,44,71.04072398190046,28.959276018099544
marslike,8741,42,43,69.18238993710692,30.817610062893085
marslike,8741,42,44,67.29559748427673,32.704402515723274
marslike,8741,43,44,67.61006289308176,32.38993710691824
marslike,8744,42,43,77.74647887323944,22.253521126760567
marslike,8744,42,44,70.70422535211267,29.295774647887328
marslike,8744,43,44,77.46478873239437,22.535211267605636
marslike,8766,42,43,70.87719298245614,29.122807017543863
marslike,8766,42,44,63.50877192982456,36.49122807017544
marslike,8766,43,44,69.82456140350877,30.175438596491233
marslike,8779,42,43,50.51546391752577,49.48453608247423
marslike,8779,42,44,50.51546391752577,49.48453608247423
marslike,8779,43,44,48.45360824742268,51.546391752577314
marslike,8789,42,43,77.14285714285715,22.857142857142854
marslike,8789,42,44,73.80952380952381,26.190476190476186
marslike,8789,43,44,74.28571428571429,25.71428571428571
marslike,8797,42,43,65.08875739644971,34.9112426035503
marslike,8797,42,44,71.59763313609467,28.402366863905325
marslike,8797,43,44,68.04733727810651,31.95266272189349
marslike,8798,42,43,72.29336437718277,27.70663562281723
marslike,8798,42,44,70.89639115250291,29.103608847497085
marslike,8798,43,44,72.9918509895227,27.0081490104773
marslike,8801,42,43,67.27272727272727,32.72727272727273
marslike,8801,42,44,62.727272727272734,37.272727272727266
marslike,8801,43,44,64.54545454545455,35.45454545454545
marslike,8814,42,43,73.52941176470588,26.470588235294112
marslike,8814,42,44,70.58823529411765,29.411764705882348
marslike,8814,43,44,68.38235294117648,31.61764705882353
marslike,8834,42,43,68.13186813186813,31.868131868131865
marslike,8834,42,44,63.18681318681318,36.81318681318682
marslike,8834,43,44,56.59340659340659,43.40659340659341
marslike,8835,42,43,62.0,38.0
marslike,8835,42,44,57.99999999999999,42.00000000000001
marslike,8835,43,44,62.0,38.0
marslike,8871,42,43,74.4186046511628,25.581395348837212
marslike,8871,42,44,73.64341085271317,26.356589147286826
marslike,8871,43,44,82.17054263565892,17.829457364341085
marslike,8873,42,43,69.43942133815551,30.560578661844485
marslike,8873,42,44,70.34358047016275,29.65641952983725
marslike,8873,43,44,74.68354430379746,25.31645569620253
marslike,8905,42,43,48.117839607201304,51.882160392798696
marslike,8905,42,44,51.06382978723404,48.93617021276596
marslike,8905,43,44,45.662847790507364,54.337152209492636
marslike,8910,42,43,71.1297071129707,28.870292887029294
marslike,8910,42,44,70.29288702928869,29.707112970711304
marslike,8910,43,44,75.31380753138075,24.68619246861925
marslike,8930,42,43,67.71894093686355,32.28105906313645
marslike,8930,42,44,69.75560081466395,30.244399185336047
marslike,8930,43,44,69.55193482688391,30.448065173116092
marslike,8942,42,43,73.85892116182573,26.14107883817427
marslike,8942,42,44,73.44398340248964,26.556016597510368
marslike,8942,43,44,73.85892116182573,26.14107883817427
marslike,8944,42,43,72.26890756302521,27.73109243697479
marslike,8944,42,44,74.78991596638656,25.210084033613445
marslike,8944,43,44,60.50420168067227,39.49579831932773
marslike,8956,42,43,69.78260869565217,30.217391304347828
marslike,8956,42,44,70.21739130434783,29.78260869565217
marslike,8956,43,44,67.6086956521739,32.391304347826086
marslike,8961,42,43,71.68458781362007,28.31541218637993
marslike,8961,42,44,75.98566308243727,24.01433691756273
marslike,8961,43,44,71.68458781362007,28.31541218637993
marslike,8964,42,43,68.26347305389223,31.73652694610778
marslike,8964,42,44,66.46706586826348,33.532934131736525
marslike,8964,43,44,69.46107784431138,30.53892215568862
marslike,8984,42,43,76.15658362989323,23.843416370106763
marslike,8984,42,44,72.59786476868328,27.402135231316727
marslike,8984,43,44,72.24199288256227,27.75800711743772
marslike,8988,42,43,75.38860103626943,24.61139896373057
marslike,8988,42,44,73.31606217616581,26.683937823834192
marslike,8988,43,44,71.50259067357513,28.497409326424872
marslike,9041,42,43,77.35849056603774,22.64150943396226
marslike,9041,42,44,77.35849056603774,22.64150943396226
marslike,9041,43,44,71.69811320754717,28.301886792452834
marslike,9063,42,43,51.81818181818182,48.18181818181818
marslike,9063,42,44,40.0,60.0
marslike,9063,43,44,32.72727272727273,67.27272727272727
marslike,9070,42,43,60.0,40.0
marslike,9070,42,44,51.42857142857142,48.57142857142858
marslike,9070,43,44,56.19047619047619,43.80952380952381
marslike,9092,42,43,71.26696832579185,28.733031674208142
marslike,9092,42,44,76.47058823529412,23.529411764705888
marslike,9092,43,44,73.98190045248869,26.01809954751131
marslike,9106,42,43,66.78700361010831,33.21299638989169
marslike,9106,42,44,65.34296028880865,34.65703971119134
marslike,9106,43,44,64.98194945848375,35.018050541516246
marslike,9130,42,43,74.21383647798741,25.786163522012583
marslike,9130,42,44,69.18238993710692,30.817610062893085
marslike,9130,43,44,66.66666666666666,33.333333333333336
marslike,9139,42,43,58.201058201058196,41.798941798941804
marslike,9139,42,44,60.317460317460316,39.682539682539684
marslike,9139,43,44,64.55026455026454,35.449735449735456
marslike,9141,42,43,74.46808510638297,25.531914893617024
marslike,9141,42,44,70.2127659574468,29.78723404255319
marslike,9141,43,44,76.59574468085107,23.404255319148938
marslike,9155,42,43,67.9465776293823,32.0534223706177
marslike,9155,42,44,74.95826377295492,25.041736227045075
marslike,9155,43,44,71.11853088480802,28.881469115191983
marslike,9163,42,43,64.75548060708263,35.244519392917375
marslike,9163,42,44,67.79089376053963,32.209106239460375
marslike,9163,43,44,64.41821247892075,35.58178752107926
marslike,9188,42,43,72.0,28.000000000000004
marslike,9188,42,44,71.55555555555554,28.44444444444445
marslike,9188,43,44,69.77777777777779,30.222222222222218
marslike,9189,42,43,74.54909819639278,25.450901803607216
marslike,9189,42,44,71.34268537074149,28.65731462925851
marslike,9189,43,44,71.7434869739479,28.256513026052097
marslike,9195,42,43,61.95652173913043,38.04347826086957
marslike,9195,42,44,63.04347826086957,36.95652173913043
marslike,9195,43,44,63.58695652173913,36.41304347826087
marslike,9196,42,43,55.33980582524271,44.66019417475729
marslike,9196,42,44,61.40776699029126,38.59223300970874
marslike,9196,43,44,59.22330097087378,40.77669902912622
marslike,9200,42,43,72.8643216080402,27.135678391959793
marslike,9200,42,44,65.82914572864321,34.17085427135679
marslike,9200,43,44,71.35678391959799,28.643216080402013
marslike,9201,42,43,61.73044925124792,38.26955074875208
marslike,9201,42,44,63.394342762063225,36.605657237936775
marslike,9201,43,44,59.23460898502496,40.76539101497504
marslike,9205,42,43,75.48387096774194,24.51612903225806
marslike,9205,42,44,75.91397849462366,24.086021505376344
marslike,9205,43,44,77.20430107526882,22.795698924731177
marslike,9209,42,43,75.63451776649747,24.365482233502533
marslike,9209,42,44,79.69543147208121,20.304568527918786
marslike,9209,43,44,74.36548223350253,25.634517766497467
marslike,9211,42,43,67.47311827956989,32.52688172043011
marslike,9211,42,44,63.70967741935484,36.29032258064516
marslike,9211,43,44,63.17204301075269,36.82795698924731
marslike,9217,42,43,70.18072289156626,29.819277108433738
marslike,9217,42,44,77.40963855421687,22.590361445783135
marslike,9217,43,44,66.56626506024097,33.43373493975904
marslike,9232,42,43,63.1578947368421,36.8421052631579
marslike,9232,42,44,63.1578947368421,36.8421052631579
marslike,9232,43,44,60.526315789473685,39.473684210526315
marslike,9240,42,43,60.115606936416185,39.884393063583815
marslike,9240,42,44,52.601156069364166,47.398843930635834
marslike,9240,43,44,61.27167630057804,38.72832369942196
marslike,9246,42,43,61.21794871794872,38.78205128205128
marslike,9246,42,44,66.98717948717949,33.01282051282052
marslike,9246,43,44,66.34615384615384,33.65384615384615
marslike,9247,42,43,66.34615384615384,33.65384615384615
marslike,9247,42,44,61.53846153846154,38.46153846153846
marslike,9247,43,44,63.46153846153846,36.53846153846154
marslike,9253,42,43,75.21186440677965,24.78813559322034
marslike,9253,42,44,74.78813559322035,25.21186440677966
marslike,9253,43,44,75.0,25.0
marslike,9258,42,43,68.37944664031622,31.62055335968379
marslike,9258,42,44,73.91304347826086,26.086956521739136
marslike,9258,43,44,70.7509881422925,29.249011857707508
marslike,9277,42,43,44.44444444444444,55.55555555555556
marslike,9277,42,44,50.0,50.0
marslike,9277,43,44,70.37037037037037,29.629629629629626
marslike,9282,42,43,72.92161520190024,27.078384798099762
marslike,9282,42,44,74.58432304038006,25.415676959619947
marslike,9282,43,44,72.20902612826603,27.79097387173397
marslike,9295,42,43,64.35406698564593,35.64593301435407
marslike,9295,42,44,66.26794258373205,33.73205741626795
marslike,9295,43,44,66.98564593301435,33.01435406698564
marslike,9311,42,43,68.18181818181817,31.818181818181824
marslike,9311,42,44,73.86363636363636,26.136363636363637
marslike,9311,43,44,69.88636363636364,30.113636363636363
marslike,9321,42,43,67.90606653620353,32.093933463796475
marslike,9321,42,44,62.81800391389433,37.18199608610567
marslike,9321,43,44,66.73189823874756,33.268101761252446
marslike,9330,42,43,72.77676950998185,27.223230490018146
marslike,9330,42,44,74.77313974591652,25.226860254083483
marslike,9330,43,44,73.32123411978222,26.67876588021778
marslike,9334,42,43,77.03703703703704,22.962962962962962
marslike,9334,42,44,75.55555555555556,24.444444444444446
marslike,9334,43,44,73.33333333333333,26.66666666666667
marslike,9335,42,43,56.75675675675676,43.24324324324324
marslike,9335,42,44,54.864864864864856,45.135135135135144
marslike,9335,43,44,56.21621621621622,43.78378378378378
marslike,9338,42,43,70.17543859649122,29.824561403508774
marslike,9338,42,44,71.9298245614035,28.07017543859649
marslike,9338,43,44,78.94736842105263,21.052631578947366
marslike,9348,42,43,52.51798561151079,47.48201438848921
marslike,9348,42,44,59.71223021582733,40.28776978417267
marslike,9348,43,44,68.34532374100719,31.654676258992808
marslike,9374,42,43,69.54022988505747,30.45977011494253
marslike,9374,42,44,71.83908045977012,28.16091954022989
marslike,9374,43,44,66.28352490421456,33.716475095785434
marslike,9380,42,43,65.15609264853978,34.843907351460224
marslike,9380,42,44,66.56596173212488,33.434038267875124
marslike,9380,43,44,65.86102719033232,34.13897280966768
marslike,9416,42,43,77.18631178707224,22.81368821292775
marslike,9416,42,44,77.18631178707224,22.81368821292775
marslike,9416,43,44,74.90494296577947,25.095057034220535
marslike,9474,42,43,58.66336633663366,41.33663366336634
marslike,9474,42,44,59.900990099009896,40.099009900990104
marslike,9474,43,44,60.396039603960396,39.603960396039604
marslike,9484,42,43,66.44518272425249,33.5548172757475
marslike,9484,42,44,68.10631229235881,31.893687707641195
marslike,9484,43,44,67.109634551495,32.89036544850499
marslike,9503,42,43,68.0,31.999999999999996
marslike,9503,42,44,72.33333333333334,27.66666666666666
marslike,9503,43,44,66.0,34.0
marslike,9512,42,43,76.51122625215889,23.48877374784111
marslike,9512,42,44,78.41105354058722,21.58894645941278
marslike,9512,43,44,78.06563039723662,21.934369602763383
marslike,9517,42,43,56.95364238410596,43.04635761589404
marslike,9517,42,44,55.62913907284768,44.37086092715232
marslike,9517,43,44,50.993377483443716,49.006622516556284
marslike,9531,42,43,61.13445378151261,38.86554621848739
marslike,9531,42,44,66.17647058823529,33.82352941176471
marslike,9531,43,44,63.23529411764706,36.76470588235294
marslike,9565,42,43,67.83439490445859,32.16560509554141
marslike,9565,42,44,64.01273885350318,35.98726114649682
marslike,9565,43,44,69.42675159235668,30.573248407643316
marslike,9566,42,43,66.4179104477612,33.582089552238806
marslike,9566,42,44,71.26865671641791,28.73134328358209
marslike,9566,43,44,69.77611940298507,30.22388059701493
marslike,9568,42,43,64.375,35.62499999999999
marslike,9568,42,44,70.625,29.374999999999996
marslike,9568,43,44,67.5,32.49999999999999
marslike,9574,42,43,74.60317460317461,25.396825396825395
marslike,9574,42,44,73.4126984126984,26.587301587301592
marslike,9574,43,44,75.39682539682539,24.603174603174605
marslike,9586,42,43,66.63055254604551,33.36944745395449
marslike,9586,42,44,63.27193932827736,36.72806067172264
marslike,9586,43,44,61.86348862405201,38.13651137594799
marslike,9587,42,43,74.32835820895522,25.671641791044774
marslike,9587,42,44,74.92537313432835,25.074626865671647
marslike,9587,43,44,73.43283582089552,26.567164179104473
marslike,9588,42,43,74.66666666666667,25.33333333333333
marslike,9588,42,44,72.88888888888889,27.111111111111107
marslike,9588,43,44,68.44444444444444,31.555555555555557
marslike,9606,42,43,69.0625,30.937499999999996
marslike,9606,42,44,66.5625,33.4375
marslike,9606,43,44,69.0625,30.937499999999996
marslike,9607,42,43,73.30097087378641,26.699029126213592
marslike,9607,42,44,63.10679611650486,36.89320388349514
marslike,9607,43,44,66.01941747572816,33.98058252427184
marslike,9627,42,43,74.18032786885246,25.81967213114754
marslike,9627,42,44,74.38524590163934,25.61475409836066
marslike,9627,43,44,71.10655737704919,28.893442622950815
marslike,9631,42,43,60.37234042553191,39.62765957446809
marslike,9631,42,44,61.96808510638297,38.03191489361703
marslike,9631,43,44,59.840425531914896,40.159574468085104
marslike,9641,42,43,70.1098901098901,29.890109890109894
marslike,9641,42,44,73.4065934065934,26.5934065934066
marslike,9641,43,44,68.35164835164835,31.648351648351646
marslike,9649,42,43,70.73170731707317,29.268292682926834
marslike,9649,42,44,68.48030018761726,31.51969981238274
marslike,9649,43,44,73.92120075046904,26.07879924953096
marslike,9671,42,43,68.70748299319727,31.292517006802722
marslike,9671,42,44,73.46938775510205,26.530612244897956
marslike,9671,43,44,72.10884353741497,27.89115646258503
marslike,9676,42,43,72.69503546099291,27.30496453900709
marslike,9676,42,44,73.75886524822694,26.241134751773053
marslike,9676,43,44,68.43971631205675,31.560283687943258
marslike,9695,42,43,49.056603773584904,50.943396226415096
marslike,9695,42,44,55.9748427672956,44.0251572327044
marslike,9695,43,44,54.71698113207547,45.28301886792453
marslike,9715,42,43,55.34591194968554,44.65408805031446
marslike,9715,42,44,57.54716981132076,42.45283018867924
marslike,9715,43,44,58.17610062893082,41.82389937106918
marslike,9757,42,43,64.28571428571429,35.71428571428571
marslike,9757,42,44,66.07142857142857,33.92857142857143
marslike,9757,43,44,71.875,28.125
marslike,9758,42,43,71.1734693877551,28.826530612244895
marslike,9758,42,44,69.89795918367348,30.102040816326525
marslike,9758,43,44,74.48979591836735,25.510204081632647
marslike,9763,42,43,65.13911620294598,34.86088379705401
marslike,9763,42,44,68.57610474631751,31.42389525368249
marslike,9763,43,44,64.32078559738135,35.679214402618655
marslike,9765,42,43,80.18575851393189,19.814241486068106
marslike,9765,42,44,71.8266253869969,28.173374613003098
marslike,9765,43,44,75.85139318885449,24.148606811145513
marslike,9767,42,43,72.72727272727273,27.27272727272727
marslike,9767,42,44,76.53958944281524,23.46041055718475
marslike,9767,43,44,71.26099706744868,28.739002932551315
marslike,9775,42,43,76.41681901279708,23.583180987202923
marslike,9775,42,44,70.38391224862889,29.61608775137111
marslike,9775,43,44,70.93235831809872,29.06764168190128
marslike,9792,42,43,54.285714285714285,45.714285714285715
marslike,9792,42,44,51.42857142857142,48.57142857142858
marslike,9792,43,44,44.285714285714285,55.714285714285715
marslike,9802,42,43,74.54545454545455,25.454545454545453
marslike,9802,42,44,75.84415584415585,24.155844155844154
marslike,9802,43,44,74.54545454545455,25.454545454545453
marslike,9807,42,43,69.32153392330383,30.678466076696164
marslike,9807,42,44,71.09144542772862,28.908554572271385
marslike,9807,43,44,68.73156342182891,31.268436578171087
marslike,9810,42,43,68.02721088435374,31.97278911564626
marslike,9810,42,44,65.98639455782312,34.013605442176875
marslike,9810,43,44,65.98639455782312,34.013605442176875
marslike,9868,42,43,54.76839237057221,45.23160762942779
marslike,9868,42,44,55.5858310626703,44.4141689373297
marslike,9868,43,44,53.67847411444142,46.32152588555858
marslike,9873,42,43,75.9493670886076,24.0506329113924
marslike,9873,42,44,80.25316455696202,19.74683544303798
marslike,9873,43,44,78.48101265822784,21.518987341772156
marslike,9877,42,43,67.24137931034483,32.758620689655174
marslike,9877,42,44,61.206896551724135,38.793103448275865
marslike,9877,43,44,63.793103448275865,36.206896551724135
marslike,9886,42,43,75.82417582417582,24.17582417582418
marslike,9886,42,44,74.72527472527473,25.274725274725274
marslike,9886,43,44,76.37362637362637,23.62637362637363
marslike,9895,42,43,70.9090909090909,29.09090909090909
marslike,9895,42,44,70.3030303030303,29.6969696969697
marslike,9895,43,44,68.48484848484848,31.51515151515152
marslike,9900,42,43,81.9672131147541,18.032786885245898
marslike,9900,42,44,66.66666666666666,33.333333333333336
marslike,9900,43,44,74.31693989071039,25.683060109289613
marslike,9902,42,43,66.97416974169742,33.02583025830258
marslike,9902,42,44,70.11070110701108,29.889298892988926
marslike,9902,43,44,69.55719557195572,30.44280442804428
marslike,9922,42,43,46.49122807017544,53.50877192982456
marslike,9922,42,44,46.49122807017544,53.50877192982456
marslike,9922,43,44,68.42105263157895,31.57894736842105
marslike,9936,42,43,69.48717948717949,30.512820512820515
marslike,9936,42,44,71.28205128205128,28.717948717948715
marslike,9936,43,44,68.97435897435898,31.025641025641026
marslike,9949,42,43,48.24561403508772,51.75438596491229
marslike,9949,42,44,33.33333333333333,66.66666666666667
marslike,9949,43,44,56.14035087719298,43.85964912280702
marslike,9966,42,43,70.93596059113301,29.064039408866993
marslike,9966,42,44,71.42857142857143,28.57142857142857
marslike,9966,43,44,69.45812807881774,30.541871921182263
marslike,9974,42,43,66.0431654676259,33.9568345323741
marslike,9974,42,44,71.51079136690647,28.489208633093522
marslike,9974,43,44,69.49640287769783,30.50359712230216
