backbone_id,mean_plddt_base,mean_plddt_marslike,sequence_recovery_pct_base,sequence_recovery_pct_marslike,surface_MC_abs_distance_base,surface_MC_abs_distance_marslike,surface_STNQDE_abs_distance_base,surface_STNQDE_abs_distance_marslike,tm_score_base,tm_score_marslike,usalign_rmsd_base,usalign_rmsd_marslike
7,96.11233075459798,95.1861302057902,46.84684684684684,49.18918918918919,0.011928361477672166,0.011940737486065634,0.1066609709239613,0.07627941004724904,0.8043033333333334,0.7610033333333334,4.206666666666667,4.22
14,85.23467580477397,90.24358193079631,6.079664570230608,11.740041928721174,0.0822784810126582,0.0780856088952578,0.42380241129569535,0.4132575886815199,0.5892266666666667,0.6207866666666666,3.5666666666666664,3.78
26,95.29007275899251,94.10233696301778,48.18594104308389,49.77324263038548,0.032258064516129,0.025689089953935165,0.02533317646969473,0.033300302282251504,0.79825,0.69278,3.3366666666666664,1.7133333333333336
49,83.73133341471355,76.63970987002055,37.09677419354839,36.37992831541219,0.024492632749513465,0.011462807855281767,0.09269884085164837,0.0406556040309215,0.88374,0.6912366666666667,2.1766666666666663,3.93
60,95.70138057072957,95.70277531941731,42.09039548022599,45.48022598870057,0.019047619047619,0.010030800522470533,0.03730639671456056,0.0649855985898245,0.9716366666666666,0.9728466666666667,1.1933333333333334,1.2433333333333334
62,76.19841694831848,73.83757829666138,46.766169154228855,47.2636815920398,0.022691197691197634,0.022014161549045203,0.0434343434343434,0.027719050974864903,0.9352433333333333,0.9255466666666666,1.04,1.0166666666666666
76,53.19868524869283,48.44736953576406,14.285714285714286,14.285714285714285,0.014925373134328299,0.0031642692105274335,0.1110081401272504,0.27884799297596286,0.35344,0.35052,3.7300000000000004,3.1333333333333333
95,96.17435534795125,95.83581884702046,49.230769230769226,50.0,0.04003637741073813,0.0367407930789502,0.07864128856899083,0.07846369909018737,0.9861366666666668,0.9838233333333334,0.7466666666666667,0.8233333333333334
115,96.18395368258159,95.79626520474751,51.20405576679341,51.71102661596958,0.027777777777777696,0.018031816500184934,0.07811016144349471,0.0390275551170852,0.9748899999999999,0.97627,0.85,1.0999999999999999
128,87.08955645561218,84.72014268239339,34.047619047619044,35.714285714285715,0.04347826086956521,0.02912353347135953,0.06562538058701733,0.08240165631469974,0.9874700000000001,0.97734,0.5,0.7600000000000001
146,79.03268138567607,93.90927950541179,36.36363636363637,41.59779614325069,0.0008938070862189667,0.0009545187322964666,0.04822643781993371,0.07091977980866866,0.8638233333333334,0.9091133333333333,1.5399999999999998,1.2266666666666666
153,66.71313047409058,74.14802511533101,44.8559670781893,43.62139917695473,0.0384567953935323,0.026098901098901065,0.051014067939706066,0.04716117216117213,0.7643033333333333,0.8028,1.8033333333333335,1.4433333333333334
154,93.11081369717915,91.20973745981853,45.89371980676329,51.690821256038646,0.010752688172043,0.0004061295811622334,0.0601361912722361,0.025999123737733634,0.9828166666666668,0.9542066666666668,0.71,1.1366666666666667
161,95.60064474741618,96.54728770256042,51.018744906275465,51.507742461287684,0.0063694267515923,0.00015711916646670806,0.056415963157941264,0.045901933559701104,0.9732933333333333,0.9763100000000001,1.38,0.94
168,96.33588592211406,93.22677254676819,37.53753753753754,43.24324324324325,0.02165173206990073,0.017005258734582,0.11186596628557689,0.1831008590407087,0.8465599999999999,0.8209233333333333,1.6766666666666665,2.27
173,94.57992513974507,94.86518104871114,47.67137624280482,48.822605965463104,0.034704326711712606,0.0301978494149901,0.03988028262672657,0.007521374560563233,0.9731933333333332,0.9673666666666666,1.4466666666666665,1.5
193,94.74106629689534,94.56334710121155,44.152046783625735,46.19883040935673,0.0341880341880341,0.024778419460298632,0.0963061833344852,0.0417268806548988,0.9627500000000001,0.9619533333333333,0.9833333333333334,1.0133333333333334
219,80.78322609265645,77.30101943016052,41.84914841849149,38.929440389294406,0.0253164556962025,0.0253164556962025,0.06830369471257276,0.09537497901078801,0.7846500000000001,0.8269500000000001,2.4133333333333336,2.21
226,94.38250660896301,94.90283131599426,49.61240310077519,49.61240310077519,0.0744428639165481,0.06553973001341419,0.09384542437174011,0.0635508990772148,0.9460500000000001,0.94094,1.1133333333333333,1.09
233,87.05696860949199,84.67610478401184,29.156118143459917,33.71308016877637,0.016485521411629765,0.014271691218705466,0.22256427810178522,0.17203398692675398,0.6656133333333333,0.65476,2.733333333333333,2.7900000000000005
238,95.985080798467,95.75476050376892,42.91187739463603,45.21072796934866,0.0104166666666666,0.0038870692617831997,0.046072180140328635,0.0550620908458437,0.9642133333333334,0.9731833333333334,1.1633333333333333,1.09
240,94.53201691309611,93.94452571868896,48.34437086092715,50.19867549668874,0.007170502453521267,0.005351233481593667,0.07827523589097407,0.053549461782737895,0.9011033333333334,0.85983,3.1266666666666665,3.693333333333334
250,85.09910901387532,82.62745141983032,45.05050505050505,45.05050505050506,0.0275862068965517,0.0275862068965517,0.014517705468585934,0.030114830966099366,0.9518233333333334,0.9447733333333334,1.6633333333333333,1.54
264,92.5810734430949,95.11162042617798,48.21092278719397,46.704331450094166,0.0581395348837209,0.04530901448990934,0.056709972246147905,0.0424080070650573,0.97843,0.96626,0.81,1.03
265,62.98513015111288,62.05835541089376,17.857142857142858,23.015873015873016,0.05484235703413783,0.05479280650513524,0.27929920353055815,0.2232077968379338,0.5117366666666666,0.5282166666666667,2.9499999999999997,2.5966666666666662
268,84.32485858599345,85.09745597839355,35.99067599067599,38.83449883449884,0.006580101072903167,0.005637054736722633,0.19625472789425105,0.09994592174957233,0.8271033333333334,0.8236333333333334,3.66,3.5666666666666664
269,96.60813808441162,95.32891114552815,52.398523985239855,55.47355473554736,0.0102917725868545,0.005032076683622367,0.036907948133288467,0.015816844044491768,0.9847800000000001,0.97548,0.8300000000000001,0.8966666666666666
291,72.46280312538147,71.38670086860657,34.48275862068966,37.16475095785441,0.0223839462337611,0.038066129480411166,0.0440236262552497,0.0520514957858664,0.76699,0.7518666666666668,1.9400000000000002,1.4033333333333333
298,95.59759696324666,96.53930068016052,40.725806451612904,42.876344086021504,0.040983606557377,0.026588621915215067,0.11261999545509671,0.024211927832292302,0.9770300000000001,0.9763933333333332,0.98,0.9933333333333333
312,89.39681649208069,92.86609689394633,40.26402640264026,43.8943894389439,0.0134583934583934,0.009793814432989668,0.061976911976911936,0.09841924398625423,0.9078066666666667,0.8999199999999999,1.64,1.61
321,89.0185574690501,90.8482809861501,34.883720930232556,39.34108527131783,0.0141843971631205,0.0069543828552391,0.09960138737899256,0.08250284807019394,0.6027133333333333,0.6352333333333333,2.52,2.4066666666666667
356,84.75259343783061,82.06747372945149,26.300366300366303,36.92307692307693,0.0856481481481481,0.08329684146309874,0.226388517510737,0.13424171601780382,0.21241,0.21402000000000002,7.07,6.45
358,96.82462612787883,96.51024738947551,53.53200883002207,53.53200883002208,0.015783652740174434,0.013762804391829699,0.0599387729822512,0.05263243983724874,0.9797433333333334,0.9816699999999999,0.9166666666666666,0.93
369,86.93128824234009,88.29254905382793,36.49122807017544,42.22222222222222,0.012241669433354035,0.012931594699550466,0.13783056396596985,0.118223836732124,0.6644266666666666,0.6756966666666667,2.29,2.49
370,96.51788671811421,92.71109104156494,36.93693693693694,43.39339339339339,0.04,0.0317328737055083,0.23161374594640718,0.19585489796548416,0.8499633333333333,0.8899,1.4433333333333334,1.8166666666666667
376,92.8223470846812,92.19613671302795,40.93067426400759,44.491927825261165,0.041379310344827565,0.03834261873180513,0.07956757435090193,0.07571864695134532,0.86919,0.87669,3.25,2.9466666666666668
384,82.20398426055908,80.606609582901,25.19685039370079,34.645669291338585,0.020123028864851036,0.016980136158851532,0.08885885733062167,0.10019428446381073,0.57685,0.5692333333333334,2.2466666666666666,2.1566666666666667
391,97.45484590530396,96.73203428586324,48.776758409785934,46.94189602446483,0.014885020657516334,0.0148826113500026,0.05393550045502501,0.09253729362425005,0.9854600000000001,0.9869233333333334,0.6666666666666666,0.6366666666666667
398,96.55686815579732,96.01326584815979,44.62719298245614,44.51754385964912,0.011549491419097467,0.011560564880440034,0.08582022673298384,0.07522408307877247,0.89593,0.8671466666666667,2.2133333333333334,2.59
410,92.74813135464986,89.38830693562825,43.908045977011504,47.66283524904215,0.007880685761754033,0.007641686924555399,0.14651113810033684,0.18192807635038707,0.7530866666666668,0.7291233333333333,2.0866666666666664,2.0033333333333334
413,92.41528312365215,91.7356789112091,44.41512752858399,45.778364116094984,0.013839328850366333,0.013917994562798132,0.089525338531961,0.05406924688262651,0.9545533333333333,0.9510433333333334,2.14,2.24
415,86.65678699811299,83.69051814079285,42.129629629629626,45.60185185185185,0.010413795815811333,0.013297051103906068,0.06647834258876646,0.0636264367720004,0.9433466666666667,0.7774066666666667,1.6233333333333333,2.853333333333333
424,94.83653903007507,95.19439935684204,43.311258278145694,46.09271523178808,0.017091896999763732,0.014131307483608866,0.027564539869614397,0.020692117954671133,0.8595,0.8678633333333333,1.6733333333333331,1.82
428,94.00071303049724,90.42530655860901,41.77215189873417,43.178621659634324,0.006250335318418366,0.00014057757205598455,0.17621902610739493,0.11161405053056717,0.97535,0.9504666666666667,1.03,1.55
450,96.57781720161438,94.6973979473114,52.23367697594502,49.3127147766323,0.017391304347826,0.014441451840451367,0.025665147633110966,0.10029578826029335,0.8655866666666667,0.86225,1.5133333333333334,1.3666666666666665
455,77.13255286216736,70.49365441004436,32.64367816091954,38.62068965517241,0.021871614301191705,0.017479152515835,0.13483466978954464,0.13873538265764998,0.61485,0.5241933333333333,3.926666666666667,4.2
457,88.02539110183716,87.86855538686116,44.495944380069524,45.77056778679026,0.007094550106288899,0.004463358537035766,0.015532280613391666,0.0157774477553472,0.56292,0.54494,4.066666666666666,3.69
462,94.95925704638164,94.51801776885986,40.0278940027894,43.86331938633194,0.01933445858827383,0.0137493077199353,0.21630187634561313,0.18514852900315917,0.8770700000000001,0.8791333333333333,2.1633333333333336,2.4766666666666666
471,77.96982725461324,88.57495188713074,23.55889724310777,26.31578947368421,0.0581395348837209,0.04598625893919673,0.07058911170707187,0.09064484557294271,0.8572799999999999,0.8390566666666667,1.9799999999999998,1.9833333333333332
475,68.55667630831401,70.52857279777527,31.212121212121207,37.57575757575758,0.02111444277861067,0.015968334607511833,0.09832583708145924,0.03579414206679977,0.5008466666666667,0.5360033333333334,3.0,2.8633333333333333
497,89.02191519737244,88.58358860015869,35.73573573573574,41.44144144144144,0.0094786729857819,0.0033620753432206003,0.20806369859204757,0.18355922811774808,0.8002600000000001,0.8654433333333333,3.6,2.86
512,97.09085822105408,96.8924880027771,47.16870986573264,48.102743724460005,0.014180380724553465,0.017037873499826432,0.04815272056909973,0.017382782048767333,0.9838999999999999,0.9763166666666666,1.0833333333333333,1.34
513,96.56492869059245,95.48657536506653,44.0,47.53846153846154,0.020833333333333266,0.018217543826063068,0.12590267309401929,0.0930152140936454,0.9485133333333332,0.9472733333333334,1.4933333333333334,1.6600000000000001
556,88.17382256189983,86.18663350741069,35.06944444444444,36.80555555555556,0.04877428542365977,0.045634715174944995,0.04046464127148793,0.026718254304461165,0.85446,0.8203833333333334,2.3733333333333335,2.6366666666666667
563,94.52326496442159,93.18254192670186,43.51215038972948,47.86795048143053,0.024366923974634733,0.0207446916991189,0.06643943074936033,0.026670936666511866,0.8720033333333334,0.89079,2.8200000000000003,2.58
615,97.03939159711202,96.92525664965312,46.549707602339176,47.719298245614034,0.016,0.010750330687830668,0.08241535547785543,0.06526355820105813,0.9082133333333333,0.91967,1.2266666666666668,1.43
626,95.10608712832133,94.6122686068217,49.57805907172996,50.070323488045005,0.0219780219780219,0.014809459591243199,0.07469489452961693,0.08632144988881225,0.9467599999999999,0.9503066666666666,1.0133333333333334,1.3533333333333333
641,48.87910485267639,52.40394870440165,22.07379134860051,26.52671755725191,0.013130007551961332,0.013062893609243266,0.0331194500627685,0.06061426347966924,0.38323666666666667,0.4127066666666666,6.239999999999999,5.859999999999999
646,77.15407212575276,84.22852158546448,14.545454545454545,21.515151515151516,0.0555555555555555,0.0460905084648692,0.40959801892523595,0.3552240217510893,0.42030666666666666,0.48952333333333337,3.5566666666666666,2.7133333333333334
668,93.49252978960673,93.40526858965556,31.23123123123123,37.23723723723724,0.0192307692307692,0.0192307692307692,0.2461624309118978,0.12816884153342104,0.7106533333333332,0.7155666666666667,2.1266666666666665,2.0066666666666664
690,78.15635402997334,86.66275143623352,51.88172043010752,55.913978494623656,0.0057133838383838,0.00045754366406536664,0.03508250609543707,0.06381921218877736,0.8844099999999999,0.8958200000000001,1.7933333333333332,1.3933333333333333
701,89.34124906857808,89.76720770200093,45.391705069124434,48.31029185867896,0.013532942784669167,0.012394044022761367,0.029000687121252866,0.03146026014121064,0.9234833333333333,0.7142900000000001,1.7566666666666666,4.023333333333333
711,77.2429347038269,74.76247549057007,40.833333333333336,42.22222222222222,0.02415458937198067,0.014673956469458432,0.08253968253968251,0.037564616799406036,0.9576133333333333,0.9513633333333334,0.9500000000000001,1.0733333333333333
713,58.405341704686485,62.512065966924034,24.637681159420293,28.502415458937197,0.0237124639309346,0.020712071618024967,0.11044071967607212,0.05877170156721487,0.4730733333333333,0.41322666666666663,2.38,2.1966666666666668
744,92.06646879514058,89.440123240153,36.17886178861789,38.61788617886179,0.0193798449612403,0.015528283222915232,0.11398293809493397,0.10685565381044364,0.5810966666666667,0.50564,5.863333333333333,4.406666666666667
747,69.96525724728902,79.4743259747823,21.222606689734718,31.83391003460208,0.022368032468564964,0.022421974738747935,0.23355849671222614,0.12960816050830803,0.35738000000000003,0.3643733333333334,2.706666666666667,1.9133333333333333
757,60.038975874582924,64.1974925994873,31.446540880503147,34.90566037735849,0.012674139487648499,0.012024939542244832,0.0517240305783411,0.03591223798877303,0.5765833333333333,0.5819066666666667,3.016666666666667,2.8433333333333333
763,96.01780374844869,95.41656772295634,47.04684317718941,47.657841140529534,0.0054347826086956,0.00011146379282541091,0.05642960363563463,0.09285836859386325,0.99038,0.9906566666666667,0.81,0.7933333333333333
773,72.482434908549,73.00625244776408,37.719298245614034,43.68421052631579,0.0092592592592592,0.0062610229276895335,0.018583398009440234,0.014863546404102668,0.9285233333333333,0.9178933333333333,1.8433333333333335,1.4833333333333334
799,93.21592052777608,92.11628039677937,48.790007806401256,51.522248243559716,0.0059249048723296,0.004324783891272767,0.0132350253661183,0.013125210657718699,0.74173,0.7720733333333333,4.07,4.06
816,94.80154315630595,94.12419398625691,48.24797843665768,50.85354896675651,0.016872026162024736,0.014925002266897332,0.011934469930714134,0.009004663341608467,0.9018700000000001,0.9284666666666667,2.8699999999999997,2.8699999999999997
824,94.7299857934316,92.73193875948589,47.441217150760714,49.72337482710927,0.0075757575757575,0.0036118106191018,0.17967750149913334,0.10174524350666596,0.83379,0.82248,2.12,2.35
865,91.31005207697551,90.93636870384216,41.333333333333336,43.48148148148149,0.0155642023346303,0.010375659842755033,0.040731360154471034,0.013832774786928034,0.8377166666666667,0.7761466666666667,3.26,3.453333333333333
918,74.90944067637126,75.2469817797343,36.56716417910448,40.547263681592035,0.012980093043384133,0.012958266562774034,0.10318484258357667,0.09371774798218135,0.6660266666666667,0.6636133333333333,3.31,3.5500000000000003
970,65.30456344286601,78.87072165807088,32.97872340425532,35.46099290780142,0.0449438202247191,0.04128081656171543,0.1763040627290242,0.2368922804926713,0.54568,0.5051333333333333,3.44,3.6300000000000003
1031,77.69687573115031,85.67918141682942,23.88451443569554,35.17060367454068,0.04385964912280701,0.025606714916584134,0.1551194136481647,0.09611601991515477,0.47898666666666667,0.46466999999999997,2.733333333333333,3.2266666666666666
1041,95.73925137519836,96.38930360476176,52.47524752475247,53.333333333333336,0.015020197786309033,0.0133563479578753,0.06293083607334256,0.04819068326529463,0.6791133333333333,0.5710933333333333,6.68,6.366666666666667
1061,96.53658469518025,96.77218596140544,45.370370370370374,47.37654320987654,0.02527522597695937,0.023600441622391697,0.08010127808164363,0.055531036788569965,0.87669,0.8365366666666668,2.8733333333333335,3.4
1072,96.3877002398173,96.16344571113586,49.43977591036414,50.56022408963585,0.016525039690177264,0.0073654368030012666,0.04014130619635197,0.0156599601904039,0.9758133333333333,0.97064,0.98,1.1033333333333333
1136,96.32870554924011,95.23710608482361,36.18382780686446,42.40837696335078,0.0196078431372549,0.0173669404489249,0.050870860715219235,0.03323099957018567,0.92426,0.8072,2.49,3.0233333333333334
1198,92.15107957522075,88.17685842514038,34.84224965706448,37.72290809327846,0.0197368421052631,0.015336354130358965,0.03422571624746523,0.025619072348634503,0.8438333333333333,0.7935933333333333,2.6999999999999997,2.4499999999999997
1209,89.69305753707886,88.62271507581075,40.856342537014804,43.17727090836335,0.0260416666666666,0.022405853619088867,0.12649031239207728,0.07197832572832567,0.9322966666666668,0.8945633333333333,2.6,2.8833333333333333
1216,93.11275283495586,91.46905740102132,47.22222222222223,50.0,0.040191522051316035,0.036816910270472465,0.08603196229943823,0.06733328231682946,0.9764233333333333,0.96371,1.43,1.6199999999999999
1240,95.04404067993164,94.34719284375508,49.100071994240466,50.82793376529878,0.017221938107628232,0.017352113923770233,0.06954662569964733,0.031625805594312634,0.9803233333333333,0.9787266666666667,1.1833333333333333,1.2433333333333334
1241,95.30088305473328,93.95706653594972,38.91547049441786,43.859649122807014,0.03907977796968454,0.03892771198596437,0.04701221515656387,0.033363265644819,0.9680399999999999,0.9714633333333333,1.0066666666666666,0.9666666666666667
1267,95.28141419092815,94.64986721674602,55.219454329774614,58.30367734282325,0.010948905109489001,0.010948905109489001,0.0150376680978525,0.04004174148512594,0.94579,0.9119233333333333,2.0666666666666664,2.81
1269,93.17538936932881,94.35341556866963,42.96296296296296,44.44444444444445,0.0333333333333333,0.014173171881082566,0.0413299663299663,0.042412119846196895,0.9766333333333334,0.9760866666666667,0.8233333333333334,0.8300000000000001
1275,83.69427720705669,80.29439449310303,23.978919631093543,27.93148880105402,0.0229885057471264,0.017585745209513566,0.3060687654520546,0.2956738886227191,0.75721,0.6461733333333334,2.8266666666666667,4.303333333333334
1298,91.17762446403503,91.13676349322002,33.333333333333336,36.58751099384346,0.020384785773052267,0.017408535980659,0.15465387621296542,0.13460736545563723,0.79338,0.8188933333333334,2.85,2.6766666666666663
1316,87.75024215380351,87.86424994468689,21.66172106824926,30.16815034619189,0.0414937759336099,0.035825416086567335,0.17458200948217198,0.16769984120657935,0.6678066666666668,0.7304366666666667,3.5233333333333334,3.2266666666666666
1329,50.17195244630178,49.80023801326752,14.19753086419753,17.901234567901234,0.0232558139534883,0.0014160260355695665,0.12801089765194917,0.21761343293789193,0.4180566666666667,0.36854000000000003,3.52,3.296666666666667
1337,96.66635791460673,96.94069425264995,54.754440961337515,58.20271682340647,0.005530864197530833,0.005229838709677419,0.09240866520183703,0.05016666666666667,0.98551,0.98713,0.8733333333333334,0.7966666666666665
1342,91.87840421994527,91.65480732917786,38.99948953547728,44.308320571720266,0.021239854506869067,0.016691029701180932,0.07730756201290957,0.0955491273472308,0.7869866666666666,0.6874566666666667,4.713333333333334,4.77
1345,95.34521698951721,95.37073572476704,38.967136150234744,43.42723004694835,0.0294117647058823,0.019403594771241803,0.19081159972079442,0.06597222222222217,0.80796,0.8579533333333332,2.5833333333333335,1.9566666666666668
1349,88.7916624546051,87.8594160079956,48.60139860139861,49.06759906759907,0.0145985401459854,0.007358978108822099,0.07733512860970716,0.04618359367098133,0.9044266666666667,0.90138,1.9900000000000002,2.0733333333333337
1368,92.20125675201416,92.1848436196645,44.54976303317536,45.497630331753555,0.0104166666666666,0.0003803288992364334,0.06821145124716553,0.09980469460511472,0.9507166666666667,0.9555600000000001,1.1033333333333333,1.3399999999999999
1379,90.69791038831075,92.0919120311737,25.599128540305014,31.699346405228756,0.025558598245822867,0.027027027027027,0.15046822595444262,0.13673519673519666,0.55997,0.6182266666666666,2.4533333333333336,2.6999999999999997
1380,96.3871697584788,96.30003968874614,43.60730593607306,46.00456621004566,0.0328947368421052,0.028555087420488567,0.13428330744616734,0.12508049184062986,0.9609866666666668,0.9478966666666667,1.5999999999999999,2.02
1384,90.61373472213745,90.79601764678955,43.15245478036176,45.908699397071494,0.027089505853102602,0.022012564069657833,0.07391800306561692,0.0893401191451237,0.9236566666666667,0.93854,2.07,1.9533333333333334
1389,91.47988160451253,87.45150367418925,38.113207547169814,43.144654088050316,0.030891704962168632,0.02251787931116477,0.10120032360528107,0.05765281529112263,0.63454,0.63987,2.5500000000000003,3.8066666666666666
1421,93.56138706207275,94.35735742251079,45.0,50.138888888888886,0.00014584660452386533,0.008024220867208666,0.13970510910598535,0.06308642150374993,0.9377066666666667,0.95269,1.76,1.5866666666666667
1427,89.7981305917104,89.04721736907959,36.92946058091287,38.86583679114799,0.0447307063160721,0.0426614304641936,0.012163975218101133,0.05965133215427596,0.54194,0.60402,5.123333333333334,5.016666666666667
1428,95.84899544715881,96.63815498352051,48.48484848484848,51.15864527629233,0.011627906976744101,0.0002187408445574,0.06905994778980597,0.13245797404407275,0.9821300000000001,0.9842633333333334,0.7333333333333334,0.6699999999999999
1429,81.64805968602498,76.29791299502055,33.05497564370216,37.23034098816979,0.018024345042030234,0.016847318637599935,0.06336914613347026,0.005600395625971001,0.9319366666666666,0.8540566666666667,2.2433333333333336,2.7866666666666666
1432,96.13072276115417,94.32160655657451,41.176470588235304,42.42424242424243,0.0303030303030303,0.020711152311812333,0.11372294372294367,0.0752826351011169,0.9374066666666666,0.8949933333333333,1.5166666666666666,1.95
1433,86.99549237887065,87.24562128384908,32.747068676716914,36.05527638190955,0.021003063900849533,0.01979497001254193,0.15615564177002283,0.10413316945384266,0.7410033333333333,0.74015,4.72,4.263333333333333
1457,96.17409507433574,95.14899452527364,47.31182795698925,50.19807583474816,0.0242424242424242,0.020065961337513035,0.031944743670563464,0.052080067920585095,0.8503033333333333,0.80009,2.41,4.346666666666667
1471,92.87594556808472,92.49321619669597,43.79884471627591,45.803601766904514,0.013835444018434534,0.008175854201068233,0.020956327537017597,0.014191813660821099,0.7204100000000001,0.7198666666666668,2.796666666666667,2.75
1474,76.42729878425598,79.7692100207011,45.804988662131514,51.24716553287982,0.051030895967604795,0.04702250723699383,0.015367986183738601,0.043926785435224235,0.9152966666666668,0.92169,1.49,1.09
1494,48.9717165629069,56.37531280517578,31.794871794871806,32.30769230769231,0.0232558139534883,0.0012631369304776333,0.08343023255813953,0.07366409290069546,0.41875666666666667,0.6578066666666667,3.5566666666666666,2.5500000000000003
1510,90.98620613416035,88.2013460000356,34.375,38.802083333333336,0.036135018006470065,0.033514808576328735,0.10612021365546358,0.029835938999588002,0.6412533333333333,0.6146033333333333,3.7266666666666666,3.3233333333333337
1515,93.6717430750529,94.52826380729675,52.22222222222222,55.833333333333336,0.0059656528250745,0.0036305097795761333,0.036171140258877,0.04607299113128263,0.9339666666666666,0.9736533333333334,1.1466666666666667,1.1533333333333333
1517,93.72652173042297,94.41034197807312,47.648261758691206,49.38650306748466,0.0266666666666666,0.0199550557268678,0.03316486247520723,0.0062371767740895005,0.8898733333333334,0.8892333333333333,1.14,1.4433333333333334
1521,92.3487941424052,91.19735360145569,41.74406604747162,44.68524251805985,0.0109278298748415,0.008975660757462966,0.0958383166952793,0.03710914408117553,0.8418333333333333,0.8269033333333334,2.48,2.606666666666667
1545,95.3150749206543,95.00403006871541,51.09983079526227,53.55329949238578,0.023171195859024097,0.014567992570928731,0.0137455755748621,0.04982544765163507,0.98399,0.9870566666666667,0.9199999999999999,0.8933333333333334
1569,96.94077769915263,96.92558844884236,53.932584269662925,57.39700374531835,0.0214533278099972,0.021092294507787466,0.049200880665255096,0.051199791340636326,0.9903166666666667,0.9868100000000001,0.7033333333333335,0.8366666666666666
1587,94.95803713798523,95.21095355351765,46.231155778894475,46.73366834170855,0.010711737918681699,0.010610386766390334,0.0200462707990522,0.02603429688026403,0.96685,0.9612833333333333,1.1833333333333333,1.2666666666666666
1589,94.1047728061676,93.50783824920654,43.02134646962233,47.12643678160919,0.0164865946378551,0.012639968946959802,0.05365199843378204,0.048873998342083426,0.97919,0.98145,0.7866666666666667,0.7433333333333333
1598,93.65533391634624,92.79608329137166,46.028210838901266,47.80994803266518,0.0073218136420383,0.005313487353005133,0.016354556803994932,0.023529170513702333,0.9795033333333333,0.9700766666666666,1.2966666666666666,1.6266666666666667
1599,97.71640300750732,96.78627053896587,65.30864197530865,65.4320987654321,0.006732547387887133,0.0006694626006135667,0.05534836851187447,0.013791700742183234,0.99105,0.9906066666666667,0.58,0.6
1609,94.78047887484233,94.29127971331279,32.73542600896861,34.67862481315396,0.032,0.023775599128540232,0.14357222638993075,0.1069091192032368,0.9372033333333333,0.9051866666666667,1.7133333333333332,1.37
1623,94.36946511268616,93.03865234057109,42.8322440087146,46.88453159041395,0.02786442433997517,0.024672195807603502,0.026342098644178264,0.021166090867901704,0.6242733333333333,0.6552600000000001,6.22,4.283333333333334
1628,95.50757606824239,95.74541449546814,51.42028985507246,51.42028985507247,0.0121475545631596,0.0054050740929314335,0.0310656274443524,0.028963973879228066,0.98896,0.98669,0.9733333333333333,0.9933333333333333
1634,93.7267283598582,94.11144455273946,42.99516908212561,45.89371980676329,0.0263157894736842,0.019959459027701035,0.16923765500640173,0.1090345425129326,0.7456,0.7556733333333333,1.0133333333333334,1.5433333333333332
1643,55.15391528606415,52.97983388106028,21.95121951219512,20.73170731707317,0.0285219609987242,0.015505978756851066,0.0547081872661585,0.13011066008324232,0.5106033333333334,0.41538,3.1799999999999997,3.6633333333333336
1644,88.47167491912842,82.89461135864258,16.176470588235293,24.34640522875817,0.050883563301863895,0.048693340972752706,0.16576096450777242,0.24154417808550344,0.6859166666666666,0.5816,2.1166666666666667,3.233333333333333
1646,89.1161282857259,90.63339829444885,41.10718492343934,41.57832744405183,0.021588854418285498,0.020285759168061766,0.019375543070308032,0.05835153515118217,0.94406,0.9601833333333333,1.8766666666666667,1.6266666666666667
1663,92.60910550753276,93.4154748916626,38.62433862433863,46.82539682539683,0.0394736842105263,0.032605644842486896,0.016791214430003133,0.06721026049973412,0.7001499999999999,0.70627,2.09,2.53
1689,94.10594701766968,93.85016560554504,48.78892733564013,51.44175317185698,0.031157327232014434,0.030929883512544765,0.0184733529520522,0.06851814516129028,0.97012,0.9834466666666666,1.3499999999999999,0.8666666666666667
1692,97.08047111829121,96.16045753161113,52.422270426608826,50.831525668835866,0.024414342040868998,0.022583467201041735,0.08144418026969706,0.11692443164438272,0.9545766666666666,0.94557,1.2833333333333332,1.1633333333333333
1717,93.50867668787639,94.04583374659221,42.54385964912281,47.80701754385965,0.028666020671834602,0.020664972899728965,0.04504966393474954,0.0302273035230352,0.8566699999999999,0.8983366666666667,2.39,2.0
1722,86.60439848899841,86.2896203994751,22.69503546099291,28.28014184397163,0.029090909090909,0.0279532526631502,0.2514610140060753,0.20608612739941812,0.32857,0.32800999999999997,3.9066666666666667,4.99
1735,73.03991317749023,76.6672154267629,44.289044289044284,45.68764568764569,0.0326086956521739,0.024809024059398832,0.22534425671059596,0.1001956109431441,0.8364833333333334,0.8273,1.5366666666666664,1.4533333333333334
1741,97.15996980667114,96.38590216636658,57.826887661141804,57.6427255985267,0.0400423116424666,0.03603673393717887,0.05231918157938616,0.03343176721930887,0.9690633333333333,0.9609066666666667,1.0233333333333334,0.8866666666666667
1742,81.00798328717549,92.63988931973775,41.26984126984127,48.01587301587301,0.024390243902439,0.011827171098402334,0.09565181825138597,0.04581553229804767,0.8421433333333334,0.9696466666666668,1.8333333333333333,1.0733333333333335
1748,88.04004788398743,86.02708379427592,30.278884462151396,35.0597609561753,0.0404624277456647,0.030384143351953097,0.15145773862710832,0.0521616651095814,0.7200166666666666,0.7985833333333333,3.1300000000000003,3.08
1752,76.10071698824565,71.89605434735616,22.844656336909022,28.96305125148987,0.03507547720019954,0.03595525330231633,0.24125579215869075,0.1917556866026343,0.22200666666666669,0.1973666666666667,7.046666666666667,6.486666666666667
1792,92.13180343310039,91.92325075467427,40.083333333333336,44.666666666666664,0.031633349815167966,0.028784047401595403,0.0646586006821913,0.020484157045852398,0.6790833333333334,0.6722033333333334,4.536666666666666,3.5766666666666667
1799,92.28824178377788,89.96179501215617,36.11111111111111,40.07936507936508,0.023837745632316068,0.0232446104493348,0.07970030713596347,0.05628182695111827,0.95935,0.8954433333333333,1.5033333333333332,1.96
1813,90.53599834442139,88.13617825508118,40.328336902212705,43.326195574589576,0.0068122095807350005,0.008166110236503566,0.11673124481285603,0.09881498107861113,0.8689399999999999,0.8346533333333334,2.716666666666667,2.603333333333333
1830,96.51595552762349,96.05156977971394,46.774193548387096,47.54224270353302,0.0081955725433986,0.006147201375859866,0.05783825321766317,0.05232059099437144,0.9816266666666666,0.9878133333333333,1.4733333333333334,1.1433333333333333
1844,96.50571743647258,95.73601682980855,47.794871794871796,47.6923076923077,0.0067114093959731,0.0044893887175766,0.021639919950082867,0.045427325723194835,0.9181566666666666,0.9330999999999999,1.16,1.4400000000000002
1882,82.09109306335449,81.13688627878825,24.031007751937988,29.97416020671834,0.040471605688996964,0.037679166341254004,0.13664515838428878,0.04167530082677917,0.61322,0.7538833333333333,3.176666666666667,2.63
1905,96.98116183280945,96.13039493560791,43.11454311454312,46.84684684684685,0.0189291779043052,0.013719825030015334,0.0246463683135898,0.0561671748681826,0.9323466666666667,0.9424266666666666,1.7233333333333334,1.58
1908,85.92438300450642,88.16049098968506,34.04255319148936,35.88652482269504,0.046070048595863035,0.043259954613513,0.06362413397959406,0.09271374929814707,0.8221666666666666,0.9271766666666666,2.2600000000000002,1.6733333333333331
1909,86.15629871686299,84.43342248598735,28.258706467661693,31.144278606965173,0.02268461790585677,0.025742851506068167,0.036169344373404695,0.06866647814516741,0.6245033333333333,0.5969166666666667,2.9899999999999998,3.0233333333333334
1911,92.05966989199321,85.71854631106059,26.70157068062827,33.333333333333336,0.06282722513089,0.057582437769817196,0.24432809773123906,0.1324331771837971,0.22089999999999999,0.22052666666666668,4.286666666666666,4.666666666666667
1942,90.95186193784077,90.58085282643636,40.61433447098976,46.75767918088737,0.038553970445364766,0.0368961262390969,0.10653308051446035,0.08307900877783037,0.71084,0.74619,3.0833333333333335,3.206666666666667
1949,94.14643049240112,93.70300769805908,47.64492753623188,49.69806763285024,0.011155823831880135,0.009668047057249267,0.022092686839994168,0.02371182403414467,0.9835166666666666,0.9775166666666667,1.2133333333333334,1.3733333333333333
1951,89.89307681719463,91.2908951441447,26.95970695970696,32.6007326007326,0.011685241472475433,0.011609088079676233,0.19812765909779365,0.2168922850542452,0.6684933333333333,0.7336933333333334,3.766666666666667,3.436666666666667
1957,88.1765067577362,86.7775022983551,34.05017921146953,35.483870967741936,0.02,0.016092664092664067,0.23469973043493017,0.17733848133848132,0.6621333333333334,0.64462,3.4233333333333333,3.22
1968,93.12708179155986,94.32232181231181,28.629032258064523,35.21505376344086,0.009850905464171467,0.009851401813098066,0.17051004223294486,0.1750136682459966,0.5751466666666667,0.6938633333333334,3.4166666666666665,3.3333333333333335
1994,91.9584294160207,89.73423043886821,37.988826815642454,43.01675977653631,0.0347826086956521,0.0255506211147549,0.10257940891311766,0.022092499330749266,0.8833033333333334,0.8653333333333334,1.8033333333333335,2.0966666666666667
2004,87.55036195119222,87.33890255292256,39.03508771929825,41.75438596491228,0.012915933283044134,0.009663181633656566,0.10275016181626247,0.04291947818263603,0.7687499999999999,0.7790699999999999,2.1466666666666665,1.82
2008,93.20866465568542,92.54324436187744,32.76740237691002,36.44595359366158,0.0252100840336134,0.022477748741973034,0.09955352306668519,0.06722688275723783,0.8195266666666666,0.8241733333333334,3.7466666666666666,4.01
2012,69.66842611630757,73.12767108281453,14.056224899598392,14.859437751004016,0.04780066107297226,0.0396431054325791,0.17273867044064453,0.12005976479660686,0.5047366666666667,0.47741666666666666,3.203333333333333,2.6
2019,83.48513841629028,83.01360805829366,37.01605288007554,41.359773371104815,0.0054644808743169,0.0001167853392904447,0.2752123407861113,0.2039642955988679,0.7658333333333335,0.7773666666666667,2.6666666666666665,2.73
2054,90.67359368006389,88.57866525650024,31.594488188976374,35.006561679790025,0.025814635618557135,0.0252418628282903,0.16446374505909192,0.1711725609248075,0.6352366666666667,0.61933,4.613333333333333,4.443333333333334
2056,66.75971150398254,63.7502650419871,24.38764643237487,26.730564430244943,0.044903657339224266,0.0415682050353254,0.0295437864846867,0.0423554214666215,0.4909666666666667,0.43574,4.47,4.773333333333333
2075,62.86396582921346,60.40924588839213,31.494804156674665,35.25179856115108,0.013057209689340467,0.013019458107064867,0.2564299707516348,0.23919783292881444,0.32293666666666665,0.3753566666666666,5.8566666666666665,5.75
2086,90.17617702484131,83.26946496963501,26.190476190476193,32.142857142857146,0.0156739811912225,0.013570596865748666,0.2693240748952554,0.27318131112356836,0.5265133333333333,0.5386633333333334,2.793333333333333,3.11
2087,39.19050693511963,42.5781766573588,24.719101123595504,17.97752808988764,0.0570816286771868,0.0677966101694915,0.11007597895967262,0.2474023245856001,0.31185666666666667,0.2841666666666667,4.733333333333333,4.116666666666667
2112,81.93554878234863,88.63054315249126,32.4574209245742,36.934306569343065,0.042228557637191834,0.0401897196527469,0.04517763673937306,0.03722527578568437,0.6703800000000001,0.9015866666666668,4.026666666666666,3.25
2123,69.0938651561737,68.20164521535237,13.953488372093025,13.178294573643411,0.0083940449794108,0.0024699518247697,0.2651837773788993,0.16362376494740805,0.5711266666666667,0.5938833333333333,3.043333333333333,2.69
2133,95.93981504440308,93.93029610315959,41.6941694169417,42.57425742574257,0.017222716288930167,0.014842992457359002,0.15829448172402327,0.17792130796070507,0.9835833333333334,0.9800666666666666,0.8733333333333334,1.0533333333333335
2146,96.50901953379314,95.2528436978658,51.09395109395109,53.96825396825397,0.023989862756990932,0.020281240502798267,0.06572632537997404,0.047332964641803234,0.9914166666666667,0.98895,0.8966666666666666,1.0433333333333332
2153,91.69980684916179,92.49926805496216,37.90262172284644,37.90262172284644,0.03137412775093933,0.0289411371188842,0.03574303024541,0.017308550698056268,0.64868,0.6229066666666666,4.103333333333333,3.9899999999999998
2162,93.120276927948,90.52292505900066,42.769230769230774,48.0,0.0445859872611464,0.03399146597801827,0.0967415664071714,0.04198723508755033,0.88822,0.8607999999999999,2.25,1.4400000000000002
2189,68.3981438477834,80.74288566907246,9.848484848484848,16.193181818181817,0.02451741937613333,0.0238341196129417,0.48497763450935133,0.09994840244783491,0.14077666666666666,0.15150666666666668,7.733333333333333,7.623333333333332
2243,72.46899803479512,76.2241780757904,37.005649717514125,38.4180790960452,0.027027027027027,0.0136888871568035,0.08528990528990527,0.22639925433724994,0.82699,0.8235199999999999,1.83,1.4366666666666668
2250,84.48978265126546,85.83025932312012,44.91428571428571,48.076190476190476,0.00570358779314,0.0043188743856276,0.21069040928674995,0.21323043937148442,0.5668566666666667,0.6593466666666666,6.306666666666666,5.55
2261,92.35391616821289,90.99563757578532,35.18518518518518,37.87561146051713,0.005181090808925867,0.0035059112274274666,0.12743706600764806,0.07707010676287697,0.38883333333333336,0.4340133333333333,6.756666666666667,6.253333333333333
2263,89.30793205897014,87.77022361755371,42.099567099567096,44.37229437229437,0.048780487804878,0.044449840035583395,0.021589726603806998,0.06619224331189606,0.86499,0.8605866666666667,1.99,2.143333333333333
2273,89.47085340817769,84.56921180089314,15.82633053221288,51.260504201680675,0.022727272727272697,0.021068897934569536,0.15287923365645917,0.09747786361897466,0.8539366666666667,0.6398166666666666,2.3466666666666667,3.76
2279,86.37120127677917,87.1222158273061,39.93855606758833,42.54992319508448,0.009501252458998901,0.007056544556682799,0.2627098190478472,0.22944902986918625,0.6918799999999999,0.7117466666666666,2.7099999999999995,2.9266666666666663
2286,93.01038185755412,92.32054352760315,42.014388489208635,47.146282973621105,0.0202898550724637,0.018395900392862197,0.16670450728397598,0.13208539592741253,0.8310666666666666,0.8291266666666667,2.566666666666667,2.356666666666667
2295,95.51440477371216,95.68952322006226,44.2838370565046,47.174770039421816,0.0212765957446808,0.0203076034966188,0.06147109947644907,0.035415456277653135,0.9526566666666666,0.9526333333333333,1.8466666666666667,1.6266666666666667
2308,94.35778061548869,91.39357606569926,37.51962323390895,44.008372579801154,0.0291005291005291,0.02650526436390277,0.06285119733395593,0.05675173050535596,0.5146333333333333,0.42533666666666664,6.236666666666667,5.363333333333333
2323,96.45183086395262,96.82261943817139,51.620370370370374,50.3858024691358,0.0067114093959731,0.0067114093959731,0.06707096358103071,0.04272159222402223,0.9929399999999999,0.99511,0.7133333333333334,0.5266666666666667
2329,81.23513857523601,81.56916896502177,28.605200945626475,28.841607565011824,0.0357142857142857,0.032627865961199265,0.1627755926821347,0.10240610922764314,0.6486999999999999,0.6700166666666667,2.3233333333333333,2.35
2330,76.21883749961853,80.49697081247966,16.521739130434785,16.811594202898547,0.0275229357798165,0.021509120257671002,0.10755027673843666,0.026169558364188505,0.6593066666666667,0.6172533333333333,2.7300000000000004,2.533333333333333
2332,90.78007539113362,90.4276152451833,30.211202938475665,33.792470156106525,0.0241228070175438,0.021933611452552067,0.21634244593537044,0.19542891198271684,0.5932133333333334,0.5908433333333334,6.06,5.03
2358,70.85577448209126,80.19315401713054,47.55838641188959,54.56475583864119,0.028776978417266102,0.02636151948006803,0.10288455510101717,0.07979664617305127,0.4960066666666667,0.6191033333333333,3.0933333333333337,2.823333333333333
2362,63.357885678609215,57.16120004653931,10.294117647058824,9.313725490196079,0.1016949152542373,0.1016949152542373,0.113308223477715,0.11361952394183567,0.5409333333333334,0.5301933333333334,2.9166666666666665,2.8000000000000003
2378,88.16465338071187,86.66777014732361,38.0811078140455,40.75173095944609,0.026782706951057167,0.024033731603959097,0.12380408074932214,0.125774616587117,0.6582033333333334,0.6628599999999999,3.1799999999999997,3.753333333333334
2379,83.50871404012044,96.00295623143514,42.36947791164659,44.779116465863446,0.0462046204620462,0.0396337273171444,0.084726376692495,0.099888753390854,0.8489566666666667,0.8534666666666667,1.7366666666666666,1.7866666666666668
2400,96.25062147776286,95.78951994578044,52.57936507936508,55.456349206349216,0.010921357790427966,0.0065352030341913996,0.0227249765461499,0.023354598550949235,0.9777533333333333,0.9829133333333333,1.07,0.9166666666666666
2404,96.50883078575134,96.35752439498901,55.07559395248379,55.00359971202304,0.014722733783507233,0.0054377848918167665,0.03188780730217187,0.014496365337509967,0.9867633333333333,0.9838733333333334,0.93,1.04
2405,96.20403448740642,96.47956291834514,46.62491301322199,47.25121781489214,0.0085470085470085,0.007183151904274834,0.0556966079874126,0.029986019439465262,0.9668033333333333,0.9485899999999999,1.47,1.9766666666666666
2413,95.09722590446472,94.79131698608398,41.87889077532541,43.12393887945671,0.010364474819156033,0.0117639577668647,0.014218764421080133,0.010889272826046065,0.8121666666666666,0.9179400000000001,3.646666666666667,2.6
2425,93.90368262926738,92.27572679519653,33.333333333333336,36.518046709129514,0.0760869565217391,0.06914175847507603,0.128901775486827,0.056257912823295265,0.9003833333333334,0.8968333333333334,1.8033333333333335,2.0366666666666666
2440,58.707394202550255,55.63692251841227,26.373626373626376,30.76923076923077,0.0221062549829673,0.009787470621172134,0.10355715242709373,0.030749385146203498,0.5113099999999999,0.4825333333333333,3.31,3.486666666666667
2450,97.79223799705505,97.37834533055623,53.6019536019536,54.57875457875458,0.024390243902439,0.010591281694605034,0.08490086691747205,0.08121121299379407,0.9902166666666666,0.9839133333333333,0.6066666666666666,0.7833333333333333
2488,64.66391285260518,63.59508236249288,38.29787234042553,41.13475177304964,0.0769230769230769,0.06030334659366913,0.015315687896332966,0.0409475232055877,0.8666066666666667,0.8012833333333335,1.89,2.26
2500,77.80510385831197,86.90691590309143,21.264367816091955,37.06896551724138,0.022471910112359505,0.0186840313244807,0.18772132526378663,0.24205521841014233,0.8723533333333333,0.9023,1.8,1.0
2513,96.10350926717122,95.83743810653687,44.557329462989834,44.65408805031446,0.017748092532479134,0.017735650078827266,0.0350568846469936,0.0483650939044925,0.97201,0.9731533333333333,1.5933333333333335,1.5833333333333333
2522,93.73905460039775,83.25810631116231,1.639344262295082,30.874316939890708,0.0163934426229508,0.013469466014763667,0.4371584699453552,0.5503786789377816,0.6073233333333333,0.6915999999999999,2.316666666666667,2.8966666666666665
2528,85.93537211418152,91.58958991368611,39.2807745504841,40.387275242047025,0.0083333333333333,0.0056057238121700005,0.0483002142996298,0.06539316476799108,0.9476133333333333,0.9809100000000001,1.39,0.8333333333333334
2534,90.27504126230876,89.9217148621877,45.5012853470437,49.52870608397601,0.0222189039868597,0.018493345907045964,0.08262134560477101,0.05355460222649297,0.9626133333333334,0.94247,1.4966666666666668,1.8466666666666667
2546,93.94198854764302,91.17324948310852,37.94274623968947,42.60067928190199,0.0199946170186939,0.02183194781548457,0.0303364027978462,0.0611441262388878,0.6433333333333333,0.5489166666666666,4.523333333333333,4.54
2554,89.9346391359965,89.48273658752441,26.47462277091907,32.37311385459533,0.0263157894736842,0.021043349113524498,0.18930695869111488,0.1047154924347906,0.5512833333333333,0.5657933333333334,1.9766666666666668,2.953333333333333
2556,92.87171165148418,94.72417831420898,47.24220623501199,50.83932853717027,0.026894662062851033,0.02179833523836087,0.018757340613821533,0.035105015434726904,0.9083533333333333,0.9367933333333335,2.15,1.5599999999999998
2563,93.30777525901794,93.15458138783772,40.74074074074074,43.99551066217733,0.009335466012219334,0.006986196942486668,0.015476593037221799,0.037398425924057906,0.6775933333333333,0.6588066666666667,3.703333333333333,4.566666666666666
2572,96.8112329641978,95.09447614351909,48.09782608695652,49.184782608695656,0.005917159763313601,0.006084081709660933,0.022615936396763237,0.058916966053203235,0.9608933333333333,0.9539300000000001,1.4966666666666668,1.47
2574,92.72149602572124,92.83619125684102,20.754716981132074,24.947589098532493,0.0763358778625954,0.0709334281688071,0.2033098605440163,0.18303630462222753,0.5328633333333334,0.49930666666666673,3.4,3.026666666666667
2599,76.91240111986797,71.23516798019409,25.25,37.25,0.0335820895522388,0.0298587120077955,0.1808718332791515,0.17658827171941657,0.59387,0.5340133333333333,3.4299999999999997,4.3500000000000005
2601,90.89712699254353,91.50631626447041,33.333333333333336,35.9612724757953,0.051408170144954135,0.047068564970658804,0.13422584692810854,0.10774830148396453,0.9023133333333333,0.91391,1.9333333333333333,1.8566666666666667
2616,76.73558990160625,63.679794470469155,28.59477124183007,33.333333333333336,0.0264900662251655,0.017397965801795732,0.20020048860202647,0.07622825069978204,0.42777,0.42833666666666664,3.3166666666666664,4.5
2622,83.10532371203105,95.19329865773518,31.26436781609195,37.701149425287355,0.025641025641025595,0.012709512709512668,0.2020138449486276,0.06476856476856477,0.9490299999999999,0.9283033333333334,1.0633333333333332,1.2866666666666666
2627,96.12719615300496,94.0572480360667,45.62091503267974,44.83660130718954,0.0359712230215827,0.028825174104570066,0.05225114604034603,0.0362148836118096,0.8471100000000001,0.8715700000000001,1.78,1.3566666666666667
2636,97.2333033879598,96.91832065582275,44.15357766143106,43.280977312390924,0.0373831775700934,0.025064240969239635,0.10069978857919352,0.11435983776719433,0.9738833333333333,0.9687666666666667,0.9366666666666666,1.0466666666666666
2652,86.06345256169637,87.61273225148518,21.424296828246565,24.536205864751647,0.018465857697572936,0.017746498875128334,0.232583244230415,0.22228843627005102,0.44117,0.48344666666666664,3.6133333333333333,3.823333333333333
2661,95.15537023544312,95.06865938504536,47.916666666666664,49.348958333333336,0.022477843596454935,0.016965171076009266,0.03783062895888353,0.0190771085890605,0.9540166666666666,0.9717166666666667,1.3433333333333335,1.1233333333333333
2672,84.09999410311381,88.51487437884013,28.524046434494196,31.92371475953566,0.0361010830324909,0.032339557981152796,0.26542671786598,0.20484520814717913,0.6874466666666667,0.6828033333333333,2.5766666666666667,2.4466666666666668
2692,90.14553626378377,90.12852907180786,25.166002656042497,31.208499335989377,0.027431421446384,0.0248754978378288,0.13774302072413683,0.12834191810435402,0.45083,0.48480666666666666,4.93,5.68
2705,83.69550506273906,75.93057950337727,33.73015873015873,40.27777777777778,0.009751579856684067,0.013317035165230967,0.16144247617932386,0.04690300376448033,0.7979566666666668,0.65518,2.6566666666666667,3.6566666666666663
2727,89.4018292427063,85.33525268236797,40.32921810699589,41.25514403292181,0.013109050836961,0.015267335004177067,0.19217561307322875,0.2118723051195742,0.8741066666666667,0.8535400000000001,2.1,2.21
2728,54.64774171511332,58.72896114985148,17.333333333333332,25.333333333333332,0.0202985161435727,0.02735760971055087,0.03886671465026497,0.07943071127655298,0.40081000000000006,0.3962333333333334,3.41,3.606666666666667
2741,94.3075954914093,91.22742613156636,47.728860936408104,50.52410901467505,0.023783454987834535,0.018854057869482566,0.1277840573576334,0.0772767272614689,0.5661833333333334,0.56399,2.973333333333333,2.64
2743,92.13526646296184,92.70195364952087,31.77966101694915,38.70056497175141,0.015151515151515102,0.0081181462483983,0.1461909523764387,0.14072623999094583,0.9398399999999999,0.95052,1.656666666666667,1.46
2802,88.026758035024,86.45789225896199,43.454345434543455,47.96479647964796,0.004387941362731233,0.004520814173622633,0.020200873142049533,0.02355006330017383,0.5927766666666666,0.64322,4.05,4.2
2818,92.37746198972066,95.57081659634908,49.26108374384236,49.26108374384237,0.0606060606060606,0.05057103669550627,0.02642010628988377,0.026301194745324833,0.9735833333333334,0.95582,1.0366666666666666,1.2866666666666666
2833,57.59735504786173,60.65220236778259,24.649859943977592,29.691876750700278,0.02271404521404517,0.017002790461694534,0.05631433381433377,0.09819254185692537,0.7245466666666666,0.6212233333333333,2.9299999999999997,3.646666666666667
2853,90.90522329012553,91.34079217910767,49.03381642512077,51.111111111111114,0.0012916622672719607,0.00018658252655729706,0.02552986309083863,0.025718728896331033,0.9395199999999999,0.94687,1.9366666666666668,1.82
2859,85.27878125508626,83.56526494026184,15.32846715328467,33.09002433090024,0.0423728813559322,0.0340026163683883,0.1600486316940519,0.1680313657505913,0.7416200000000001,0.7867633333333334,2.763333333333333,2.6566666666666667
2874,76.49152278900146,84.18070475260417,30.15873015873016,33.333333333333336,0.019047619047619,0.009306543130072467,0.21800739931581048,0.1876948215183509,0.7447733333333333,0.7611466666666665,2.7533333333333334,2.47
2884,84.96668338775635,84.20594731966655,29.746835443037977,34.86286919831223,0.0453460620525059,0.0445797785276017,0.14319170114490712,0.0982748349419673,0.6853899999999999,0.5840766666666667,4.0633333333333335,4.33
2894,90.38573503494263,89.93638356526692,36.83862433862435,38.955026455026456,0.0176936685212675,0.0171511766501249,0.10996574849394967,0.12871589390494284,0.6801733333333333,0.6797366666666668,3.58,3.5100000000000002
2903,93.67287357648213,95.72225213050842,49.15611814345991,48.9451476793249,0.04170218812162543,0.029204437680584002,0.03437388012196193,0.051712653565363136,0.9827400000000001,0.9885066666666665,0.8266666666666667,0.7033333333333333
2906,93.06202530860901,90.72226484616597,34.77366255144033,42.59259259259259,0.0363636363636363,0.030515233131624003,0.16855898961162116,0.09724226784435613,0.8944666666666666,0.9113699999999999,1.8499999999999999,1.6766666666666667
2928,94.14551456769307,92.08393891652425,39.122807017543856,40.877192982456144,0.0344827586206896,0.025631802401312336,0.011918950413722533,0.07033894148231713,0.8353700000000001,0.82287,1.9133333333333333,2.106666666666667
2954,76.9211212793986,80.72172204653423,13.960113960113963,16.23931623931624,0.06842556842556839,0.05646280595537717,0.15039978583222538,0.15551483238419986,0.4767433333333333,0.5097866666666667,3.5766666666666667,3.276666666666667
2978,96.61874771118164,96.84388438860576,45.96695821185617,46.452866861030124,0.008743937783278033,0.008885781754909233,0.0272727032330059,0.03353796785504617,0.9872066666666667,0.98622,0.7866666666666666,0.8033333333333333
2987,96.00966970125835,95.36753098169963,52.0408163265306,51.275510204081634,0.0389610389610389,0.0345743145743145,0.05656157120480677,0.03205475810738967,0.9871666666666666,0.9862666666666667,0.8633333333333333,0.8633333333333333
2993,91.38580362002055,88.63994081815083,40.43092522179975,44.74017743979721,0.029409061667126132,0.024161363237609534,0.15176672035755223,0.09024117785114848,0.9594166666666667,0.9379366666666668,1.3800000000000001,1.6900000000000002
2996,90.19978443781535,92.40574240684509,43.7246963562753,43.45479082321187,0.020094051930966268,0.019876695649191367,0.07268555463793804,0.10466584349436643,0.9788399999999999,0.9831033333333333,0.9733333333333333,0.8266666666666667
3027,77.42706934611003,80.26914596557617,20.787973043027474,32.24468636599274,0.0244698205546492,0.02337948204153927,0.19542950037129556,0.07427077647580743,0.2267,0.22765666666666665,7.28,7.526666666666666
3032,56.29186232884725,54.323371251424156,17.16171617161716,17.82178217821782,0.0307692307692307,0.014768044790975467,0.0564268107371555,0.0779419762021787,0.57038,0.57058,2.8699999999999997,2.813333333333333
3033,84.36432679494222,91.39810403188069,42.78606965174129,45.52238805970149,0.0144927536231884,0.0006601343111169999,0.025841102500141367,0.0326841348282682,0.9773666666666667,0.9676533333333334,0.6699999999999999,0.9233333333333333
3045,93.68114074071248,90.72223504384358,23.626373626373624,30.21978021978022,0.065359477124183,0.05885145486913187,0.21945436651319003,0.07772232677605687,0.65026,0.6452,3.27,3.046666666666667
3049,81.84449275334676,91.26066168149312,33.333333333333336,37.280701754385966,0.023809523809523798,0.0038714672861014,0.11433733384952889,0.17140921409214083,0.97128,0.9619566666666667,0.9199999999999999,1.0866666666666667
3080,95.85190812746684,95.78734834988911,51.041666666666664,52.840909090909086,0.013071895424836602,0.004792723616252967,0.02812509681834587,0.0176595517771988,0.97689,0.9735066666666666,1.0866666666666667,1.1066666666666667
3081,87.21280296643575,87.17347780863444,41.11461619348055,42.79705573080967,0.011687163411301266,0.009154842426910833,0.015265944145254397,0.017148651554995068,0.95257,0.9529900000000001,1.6733333333333331,1.7333333333333334
3095,76.29149357477824,73.92033139864604,41.88034188034189,44.44444444444445,0.0,0.0077519379844961,0.0445193423959854,0.05124892334194653,0.94122,0.9344,0.9866666666666667,1.0133333333333334
3097,93.64802837371826,91.91568692525227,44.354293441514535,46.38269100743745,0.0027738613060438663,0.0029593538940342,0.11350894251805117,0.12213493281353653,0.8804966666666667,0.8588033333333334,2.7899999999999996,1.9433333333333334
3104,76.87483032544453,76.42734050750732,46.172839506172835,49.629629629629626,0.037037037037037,0.0246800524578302,0.06169513183222023,0.08109483109483107,0.8829433333333334,0.8869533333333334,1.3233333333333333,1.5
3155,93.03559064865112,94.3990170955658,47.990543735224584,47.16312056737589,0.015267175572519,0.007671554819003533,0.09769620316319906,0.060558358208016666,0.9265,0.9769266666666666,1.8033333333333335,0.9966666666666666
3175,85.47528187433879,85.18343965212505,26.91415313225058,34.261407579273005,0.0093167701863354,0.006247137644225766,0.19312073113663628,0.13888577591210216,0.44106333333333336,0.5178933333333333,4.043333333333334,4.68
3182,88.37207158406575,80.4720143477122,47.95918367346939,62.414965986394556,0.013071895424836602,0.006532353401423534,0.0652964963211642,0.1851073449745176,0.9386933333333333,0.8820066666666667,1.4566666666666668,1.9833333333333334
3183,88.87322942415874,88.38358918825786,37.95180722891566,41.365461847389554,0.0333333333333333,0.02793513419005153,0.05136771680216797,0.06918739534789888,0.6167066666666666,0.6566200000000001,2.65,2.83
3188,86.10538641611735,84.22287503878276,28.360957642725598,29.558011049723756,0.010323624085655568,0.005012157682425566,0.14131605030346703,0.03793079568286747,0.5966333333333332,0.5619166666666667,3.8833333333333333,3.9
3197,83.66830348968506,82.08881417910258,34.9112426035503,37.80407626561473,0.008,0.003949140375375567,0.1676822495340077,0.16021764943875202,0.8546933333333334,0.8623666666666666,3.233333333333333,3.1999999999999997
3199,73.22155634562174,65.64985116322835,47.22222222222223,47.53086419753087,0.04347826086956521,0.02893450515733123,0.0629084967320261,0.06624559341950643,0.96753,0.95097,0.7866666666666666,0.9800000000000001
3217,90.29151399930318,92.31101274490356,45.718654434250766,50.76452599388379,0.0263157894736842,0.017385319359003535,0.009220048844973199,0.028942621705779534,0.8802599999999999,0.88409,1.53,1.5166666666666666
3225,94.99564568201701,94.42892670631409,43.53741496598639,48.57142857142858,0.032843885972614305,0.0313141476032044,0.049978354810631065,0.0944515336873936,0.9403566666666666,0.96164,1.6966666666666665,1.4933333333333334
3236,89.17584816614787,89.40263191858928,28.682170542635657,30.54263565891473,0.0176470588235294,0.016666666666666635,0.21748949880175092,0.1385620915032679,0.47739,0.51205,3.3866666666666667,3.4633333333333334
3241,90.27716318766277,89.38306371370952,46.57794676806083,45.50063371356148,0.007070863918689967,0.0050883101866433,0.023874458874458836,0.037142402188261564,0.98143,0.9792066666666667,1.22,1.2233333333333334
3248,88.7057105700175,88.16295862197876,45.45454545454546,45.21212121212122,0.028379028379028365,0.023879977931909834,0.12058965000141468,0.06408972861534411,0.7183266666666667,0.7974733333333334,2.2433333333333336,2.6199999999999997
3252,97.04895218213399,95.53647836049397,34.854245880861846,38.91001267427123,0.0436093168917596,0.038652360711184164,0.04256488549618317,0.0723262032085561,0.9716833333333333,0.9590566666666667,1.0633333333333332,1.3033333333333335
3256,90.16350905100505,90.02736409505208,45.471014492753625,46.46739130434782,0.0144927536231884,0.009566090836637267,0.11917925008559872,0.049785794844297966,0.7231200000000001,0.75882,3.3800000000000003,2.733333333333333
3257,93.15983057022095,91.75134301185608,43.946188340807176,45.73991031390134,0.007807442102524001,0.010715699118425667,0.03088212334113967,0.04773250985483846,0.7021033333333334,0.5997566666666666,3.043333333333333,1.7733333333333334
3268,88.44347794850667,88.1831407546997,50.12437810945274,52.17661691542289,0.0099023142529564,0.006271996508007233,0.09941684114459026,0.06302692034494137,0.94114,0.9521799999999999,1.7299999999999998,1.8233333333333335
3269,95.00863154729207,95.29075622558594,37.297734627831716,40.29126213592233,0.0200801912101848,0.014703583259965401,0.12156100786411496,0.11637961193027536,0.7613133333333333,0.7524566666666667,3.6733333333333333,3.953333333333333
3272,94.7875161965688,94.64643994967145,52.52525252525252,54.04040404040404,0.016025641025641,0.009578928445565535,0.022716049382716,0.0496240974700863,0.9860766666666666,0.9782566666666667,0.8833333333333333,1.1033333333333333
3274,81.11516038576762,77.45497425397237,13.356562137049943,15.62137049941928,0.0300884955752212,0.029468916888728002,0.40278040020205497,0.295806024558088,0.18845,0.18192333333333333,7.510000000000001,7.456666666666666
3275,86.97097102801006,82.82316327095032,32.75862068965517,37.068965517241374,0.008130081300813,0.0041500296411183,0.1239815861746091,0.10040703550880363,0.5395333333333333,0.49722666666666665,4.1433333333333335,4.93
3305,96.74261808395386,94.83634233474731,47.863247863247864,48.37606837606838,0.0284090909090909,0.02451437319096397,0.10890775890775888,0.11301976881500657,0.9034966666666667,0.8844966666666667,1.7566666666666666,1.29
3306,94.00781194368999,92.78769890467326,45.234708392603125,47.93741109530583,0.0157056522714885,0.0101349294781701,0.015765304965461167,0.016940941078045533,0.9532766666666667,0.96317,2.026666666666667,1.9133333333333333
3321,79.84795769055684,81.01874589920044,40.64327485380117,48.53801169590643,0.03661236424394313,0.03726318484382996,0.029978171234537932,0.012339989759344567,0.9541633333333334,0.9588033333333333,1.1166666666666667,1.0
3354,94.86443599065144,95.6188718477885,38.327316486161244,42.59927797833935,0.0346020761245674,0.030938974520289333,0.01738967454761915,0.0185152563699276,0.78421,0.7934066666666667,3.5400000000000005,3.9333333333333336
3361,91.62946740786235,91.66989127794902,42.76228419654714,42.03187250996016,0.007741290292478533,0.006386210977124634,0.0561890415857714,0.07030078259357664,0.9217033333333333,0.9168233333333333,2.3333333333333335,1.97
3410,91.14607175191243,92.46192574501038,40.79952968841858,42.73956496178718,0.0405380937700329,0.040502343734282874,0.0631364061228389,0.02005352613717627,0.9406366666666667,0.9328799999999999,2.02,2.4766666666666666
3423,78.51369976997375,76.5232503414154,35.10150622134905,38.179436804191226,0.004339602530345834,0.0075504174656618,0.015360214041840932,0.026223096353599734,0.8696033333333334,0.8514833333333334,3.3033333333333332,3.6633333333333336
3427,83.63194465637207,85.21640698115031,34.31952662721894,33.72781065088757,0.011834319526627201,0.005917159763313601,0.3251107866492482,0.18145956607495065,0.5363866666666667,0.5542466666666667,3.013333333333333,3.2266666666666666
3429,96.32938106854756,96.91306749979655,42.835595776772244,40.573152337858225,0.021739130434782605,0.021739130434782605,0.052841556749714996,0.045769401151786036,0.9849766666666667,0.9826866666666666,0.7000000000000001,0.77
3436,96.68608903884888,96.91457748413086,41.312056737588655,46.80851063829788,0.006648495278133867,0.013929160468672866,0.09546997293541067,0.09429423921856671,0.9814133333333334,0.97876,0.71,0.7733333333333333
3509,66.01901451746623,64.52832023302715,37.3015873015873,40.476190476190474,0.014705882352941102,0.010918003565062333,0.06282034666829824,0.14280055456526042,0.8384466666666667,0.8100133333333334,2.1666666666666665,2.1766666666666663
3510,95.59091528256734,95.7528829574585,53.46715328467153,54.68369829683698,0.0476056413556413,0.043309389462135396,0.05391278740578664,0.020930857429713234,0.9701400000000001,0.9622566666666668,1.54,1.8833333333333335
3532,78.59650651613872,68.74255935351054,71.60493827160495,66.2551440329218,0.0016415399974980332,0.0296296296296296,0.08923357882332127,0.1653817082388511,0.9932099999999999,0.84374,0.26666666666666666,0.9833333333333334
3542,60.45341889063517,58.804615338643394,32.47863247863248,35.897435897435905,0.012825255888518865,0.0070493606247529995,0.05068442471328147,0.09838764296773912,0.7953533333333334,0.71014,1.8133333333333335,2.0033333333333334
3564,91.1228875319163,88.61547509829204,45.0070323488045,47.96061884669479,0.008154121863799234,0.002668604128666726,0.0097237386269644,0.07708980053529974,0.9012733333333333,0.9153766666666666,2.356666666666667,1.89
3567,93.5810645421346,94.99416748682658,47.916666666666664,52.31481481481482,0.028952991452991395,0.0245656214760145,0.05808500808500807,0.05940455280894987,0.9509733333333333,0.9706400000000001,1.07,0.8333333333333334
3581,53.829219937324524,64.38640554745992,16.099773242630384,22.222222222222218,0.0333333333333333,0.024943406904357632,0.1337806026365348,0.14493020184870772,0.3172433333333333,0.2873033333333333,3.796666666666667,4.54
3585,54.24868861834208,54.782350858052574,29.693486590038315,54.21455938697318,0.005110432330827033,0.0009340340917221666,0.09070124542662189,0.0477239604116624,0.43384,0.48390666666666665,4.863333333333333,4.37
3586,94.24147605895996,94.12221908569336,43.482064741907266,46.98162729658793,0.0374331550802139,0.03194811202611003,0.1005662175807653,0.0612420106164012,0.8821733333333333,0.88593,1.8733333333333333,1.82
3629,95.34629583358765,93.43727827072144,38.88888888888889,41.28205128205128,0.0,0.0015015015015015,0.16734334495396438,0.09008347216801797,0.7564299999999999,0.7502599999999999,2.1933333333333334,1.9299999999999997
3649,96.85619274775188,96.48729761441548,43.529411764705884,46.27450980392157,0.017809936500149833,0.013591344218140367,0.12464704299322556,0.0169637774723367,0.92613,0.8686166666666667,1.6966666666666665,2.64
3669,87.18050718307495,86.74284021059673,48.61733931240658,49.51420029895366,0.015042469794607966,0.009923808422200267,0.04022182112227687,0.013217196691153467,0.9727066666666667,0.9666366666666667,1.7866666666666668,2.0033333333333334
3672,70.8515743414561,77.2021214167277,34.72222222222222,34.44444444444444,0.014925373134328299,0.0004503680039046333,0.0795915381077804,0.1435830879049568,0.8110499999999999,0.7852866666666666,2.1533333333333333,1.8566666666666667
3677,95.52129904429118,94.73800857861836,48.93162393162393,51.92307692307693,0.0188679245283018,0.012484540002012233,0.0546757014240572,0.054425169912965664,0.8547966666666666,0.85617,1.3433333333333335,1.0999999999999999
3680,77.46904095013936,65.58114488919576,30.81761006289308,37.735849056603776,0.06153846153846151,0.04789145089976753,0.05350025543109607,0.11409246152231821,0.66879,0.4301566666666667,1.9066666666666665,3.776666666666667
3683,91.89160267512004,91.10994537671407,45.999195818254925,46.84358665058303,0.021507447164193002,0.022152710716991934,0.008788441626421799,0.0256163653367234,0.6112066666666667,0.5102233333333334,5.966666666666666,5.553333333333334
3684,58.75638127326965,74.8644193013509,15.80547112462006,12.462006079027354,0.04021938206720813,0.040674603174603134,0.21900740563784035,0.20756494371602283,0.3729833333333333,0.31984666666666667,4.206666666666667,4.08
3694,96.87514106432597,96.76847457885742,48.25046040515654,54.41988950276243,0.04347826086956521,0.03624875952708383,0.020085131419377265,0.0044316996871741334,0.99205,0.9929466666666666,0.6033333333333334,0.6133333333333334
3702,95.58990995089214,95.93993226687114,46.70280036133695,46.97380307136405,0.006535947712418301,0.0023381372342008667,0.03911432440844203,0.08717265583696367,0.9738733333333333,0.9813566666666667,1.07,1.0866666666666667
3718,65.19704262415569,67.01873739560445,26.27450980392157,27.84313725490196,0.030747728860936366,0.01943529477024517,0.09191155737001482,0.051471816290218596,0.7977466666666667,0.6656066666666667,1.8833333333333335,2.033333333333333
3722,92.2037382920583,91.3046379884084,44.785276073619634,50.920245398773005,0.0204081632653061,0.009840530415064533,0.09070046321473886,0.03670326826382723,0.88965,0.87086,1.67,2.0233333333333334
3728,91.94199641545613,90.53770701090495,37.95013850415513,42.012927054478304,0.02336448598130833,0.018319376717103698,0.10777464478627825,0.09351390875533744,0.6090099999999999,0.5784933333333333,4.286666666666666,3.823333333333333
3748,97.63331015904744,96.82008226712544,48.29059829059829,49.89316239316239,0.0189877942086507,0.016618118579441604,0.09926061071634336,0.06343895742736493,0.9698066666666666,0.9744733333333334,1.3699999999999999,1.2866666666666666
3752,97.0435082912445,96.18260661760966,46.796657381615596,49.76787372330548,0.014707408795082033,0.008505634770153267,0.01746232798989057,0.02206114382959637,0.9888333333333333,0.9908266666666666,0.73,0.6666666666666666
3762,73.1504499912262,82.30987787246704,23.409669211195933,24.427480916030532,0.05260766128156683,0.06463923673225996,0.1659236368966191,0.1263229268855675,0.31905333333333336,0.36324,4.076666666666667,3.9433333333333334
3771,95.56143085161845,94.78432536125183,44.8377581120944,50.737463126843664,0.04,0.04,0.13178694158075596,0.0518084161357312,0.9769333333333333,0.95108,0.9700000000000001,1.3466666666666667
3774,95.90701262156169,94.7146197160085,46.484375,48.177083333333336,0.0157480314960629,0.007517885624154834,0.08418734881546892,0.07474003631213592,0.8416733333333334,0.7370033333333333,1.8699999999999999,1.2966666666666666
3776,94.91514364878337,93.99400154749553,45.870469399881166,46.9399881164587,0.003731343283582,0.0013456940716515002,0.0752540586851503,0.08422653789526997,0.91891,0.84734,1.9266666666666665,1.9766666666666666
3783,95.81170678138733,95.72007258733113,36.743674367436746,38.613861386138616,0.0289855072463768,0.016872183736013766,0.0077530825921014,0.02360019875152203,0.94707,0.96542,1.5266666666666666,1.1833333333333333
3816,66.45825306574504,75.69351991017659,19.662058371735792,33.64055299539171,0.044554455445544504,0.039388202115885305,0.3195669229242802,0.24272085337494895,0.21037666666666666,0.29797,5.359999999999999,5.526666666666666
3818,89.57891464233398,88.569176197052,34.234234234234236,37.63763763763764,0.0276243093922651,0.02399100575896147,0.179213663651654,0.1694782338068429,0.8098299999999999,0.8431766666666668,2.566666666666667,2.35
3831,84.12232200304668,86.50612433751424,38.65619546247819,40.83769633507853,0.017555844991368,0.0158507567572314,0.1121946995232531,0.10894527262791431,0.8462466666666666,0.8477966666666666,2.81,2.7866666666666666
3838,94.92265184720357,92.9590920607249,38.349514563106794,40.93851132686084,0.0427350427350427,0.03701163325334286,0.03021088261826217,0.0653780532098917,0.8761966666666666,0.88564,1.7766666666666666,1.8266666666666669
3840,86.51840488115947,93.34241151809692,41.505376344086024,41.29032258064516,0.0114091661321867,0.018901660280970598,0.03162000635217247,0.06819923371647503,0.89572,0.9179366666666667,1.8133333333333332,1.5033333333333332
3852,88.77920707066853,87.73509860038757,34.62157809983896,38.70101986044015,0.0253164556962025,0.0219127868706552,0.14932364044623866,0.049153734411426335,0.80409,0.82617,3.563333333333333,3.7466666666666666
3853,78.18169991175334,76.75904234250386,45.882352941176464,53.72549019607843,0.0196078431372549,0.0002667733760170667,0.08752147012651212,0.10630919034280377,0.9614633333333334,0.96522,0.8766666666666666,0.6633333333333333
3855,97.10407654444377,96.42758170763652,39.48220064724919,41.909385113268605,0.07836459595906971,0.07245593851209244,0.17849109908291969,0.12509456196688884,0.9803700000000001,0.9799833333333333,0.7733333333333333,0.7600000000000001
3859,80.6549072265625,83.75500440597534,12.373737373737375,20.328282828282827,0.03528541851523217,0.0324520994337329,0.3185388892023925,0.20913200135428914,0.29450666666666664,0.31043666666666664,5.016666666666667,4.266666666666667
3872,89.64930574099223,82.06673661867778,16.764705882352942,20.0,0.0058823529411764,0.0039215686274509335,0.42843137254901964,0.08627450980392155,0.18874,0.21049666666666667,5.996666666666667,6.5
3879,94.13076043128967,92.81275471051534,38.01169590643275,42.397660818713454,0.0437956204379562,0.033750127831583765,0.018768085118450035,0.022514405298907633,0.6296900000000001,0.6612133333333333,3.896666666666667,3.216666666666667
3895,96.62781159083049,96.54589891433716,56.43564356435644,53.02530253025302,0.0195603665194891,0.017101149829517267,0.016233174516389334,0.02285376642993593,0.9870800000000001,0.9913633333333333,0.7233333333333333,0.6533333333333333
3904,71.96401556332906,67.9935892422994,44.14414414414415,38.288288288288285,0.0057471264367816,0.018235455101580835,0.08709727787497411,0.07549615248398206,0.7688666666666667,0.6274666666666667,1.7566666666666666,1.9733333333333334
3913,86.89143061637878,83.88131260871887,34.156976744186046,39.14728682170543,0.009663736936464133,0.007896035482242299,0.04631688246044089,0.04677092521449027,0.74157,0.7035533333333334,3.5366666666666666,4.016666666666667
3923,72.00659314791362,78.69036197662354,47.719298245614034,48.07017543859649,0.0273972602739726,0.0138821012793615,0.1014416695908313,0.08123164260150553,0.6253333333333333,0.5950766666666667,1.25,1.3966666666666667
3926,93.44471096992493,92.7409013112386,48.1541802388708,49.619978284473405,0.022885572139303433,0.020840840963797097,0.18800932157629716,0.11628986147669103,0.7562233333333334,0.8031166666666666,3.3666666666666667,3.6133333333333333
3937,74.62265491485596,88.05792729059856,37.908496732026144,36.16557734204793,0.05627221898829713,0.05347192060062297,0.08641505845066448,0.03659882544908877,0.47061333333333333,0.54892,3.5400000000000005,2.1133333333333333
3948,92.77159571647644,91.72070622444153,36.42987249544626,37.704918032786885,0.06,0.050709778084138825,0.10252525252525246,0.08811310067702233,0.95817,0.9469799999999999,1.1266666666666667,1.2766666666666666
3950,90.55375456809998,89.59824641545613,34.90878938640133,43.03482587064676,0.010633879781420733,0.0092953697608075,0.128275521587882,0.09101799429449198,0.8182533333333333,0.8064733333333334,2.8666666666666667,2.436666666666667
3974,64.91966843605042,63.84801467259725,15.920398009950247,16.915422885572138,0.028561441697034867,0.014908765889158002,0.3637688425824019,0.33272544449015035,0.40808,0.4379033333333333,2.966666666666667,2.67
3980,90.31152526537578,88.62327535947163,36.914936914936916,39.15343915343916,0.0359035969127712,0.034415957693772904,0.19596683474981155,0.14645592546586628,0.6930933333333332,0.6734866666666667,3.643333333333333,3.6166666666666667
3981,88.98229400316875,91.57551527023315,49.109414758269715,52.841391009329946,0.0204081632653061,0.015347791538267666,0.09759026232867667,0.07075217551408024,0.8171333333333334,0.84524,2.28,2.4033333333333333
3983,93.80693038304646,92.54120190938313,47.175141242937855,49.15254237288136,0.018348623853211,0.008758425848096699,0.23188834461095653,0.1430308998979661,0.9737566666666666,0.9588166666666668,1.1533333333333333,1.3333333333333333
4001,93.45892270406087,93.38630239168803,46.666666666666664,48.46441947565543,0.003276663062197088,0.003073861192292733,0.07010953582442224,0.04551812701899224,0.9202666666666666,0.92393,2.5933333333333333,2.41
4016,90.08737603823344,89.43374951680501,36.2962962962963,42.71604938271605,0.025875854895351436,0.024198495317816104,0.09331925595224146,0.042574687286500434,0.40102,0.4904933333333333,7.886666666666667,6.3933333333333335
4019,68.73573660850525,64.45382833480835,10.784313725490199,15.03267973856209,0.02234753550543023,0.022527910685805397,0.08145657571157937,0.05770107085896553,0.69837,0.5553199999999999,2.85,3.3800000000000003
4024,69.47890718777974,71.1305320262909,40.78014184397163,39.71631205673759,0.01609520098707703,0.0161016949152542,0.022189752581336403,0.061864406779660965,0.9012433333333334,0.8913033333333332,1.6266666666666667,1.7833333333333332
4032,93.96441578865051,93.58927408854167,37.93103448275862,42.67241379310345,0.022561615474063334,0.016244175976395932,0.11002491964669092,0.058991110315613604,0.8532966666666667,0.8525566666666666,1.9966666666666668,2.223333333333333
4039,90.6105359395345,88.4292999903361,39.559386973180075,41.475095785440615,0.03159425875318237,0.02482705195229527,0.10972321332601537,0.08855399387521379,0.83363,0.80131,2.42,2.2466666666666666
4061,93.21033358573914,91.02158347765605,43.1578947368421,44.64912280701754,0.025936599423631097,0.024917231431786036,0.1279192313236122,0.090399878167704,0.8561066666666667,0.8440300000000001,2.23,1.7700000000000002
4071,96.29406531651814,95.84927161534627,44.01858304297328,46.92218350754936,0.0234375,0.015624682089157432,0.09981215846994536,0.06254466647337684,0.98273,0.9794499999999999,0.8433333333333333,0.9866666666666667
4073,96.17412090301514,96.11731767654419,38.827838827838825,43.772893772893774,0.0344827586206896,0.0266712475197048,0.0495098505037788,0.0339639480973419,0.9601099999999999,0.9364133333333333,1.4466666666666665,1.8666666666666665
4074,89.86204266548157,91.73348546028137,20.66957787481805,29.548762736535664,0.0201005025125628,0.0148540636476919,0.09942745534992482,0.22862146801702413,0.7669133333333334,0.7464033333333333,2.433333333333333,2.356666666666667
4078,82.45644172032674,86.4201287428538,11.111111111111109,23.6331569664903,0.039787798408488,0.037132902006465206,0.36509499690427344,0.3623972791788883,0.29341333333333336,0.25504666666666664,5.423333333333333,4.456666666666667
4081,78.02897890408833,77.716463804245,19.607843137254903,29.691876750700278,0.027777777777777696,0.018896258076477098,0.1217835850863373,0.2062309710975838,0.44771,0.48833666666666664,3.5133333333333336,3.1199999999999997
4084,88.63453666369121,84.69935258229573,25.037707390648567,33.63499245852187,0.05751243781094526,0.055268059400956436,0.08351279557874318,0.07153725287413391,0.8418199999999999,0.81055,2.57,2.8166666666666664
4096,89.47680592536926,87.76824673016866,22.062350119904078,41.247002398081534,0.0215827338129496,0.014388489208632999,0.16296136023512012,0.11270983213429253,0.46930999999999995,0.46407,2.9166666666666665,3.36
4121,75.09650389353435,79.77713942527771,41.4050822122571,44.09566517189836,0.0263157894736842,0.0173432736255687,0.10170603031259069,0.08050386238661526,0.8135033333333334,0.87886,2.606666666666667,1.8733333333333333
4167,42.14673936367035,59.274824460347496,10.852713178294572,17.829457364341085,0.0206185567010309,0.011477583507183933,0.12696447955835,0.1176659107736545,0.3253466666666667,0.30624999999999997,4.756666666666667,4.976666666666667
4174,94.03196374575298,91.41773978869121,44.598765432098766,47.53086419753086,0.0310077519379844,0.0235076584206089,0.16661390425711253,0.1073418534186907,0.7368399999999999,0.72219,1.6066666666666667,1.9666666666666668
4188,76.53970718383789,74.73652958869934,9.836065573770492,14.207650273224042,0.0425531914893617,0.03175965977309927,0.05778434216420717,0.18273586127028207,0.7868566666666666,0.7747800000000001,1.8099999999999998,2.3133333333333335
4189,94.83453234036763,94.02708013852437,45.87378640776699,47.97734627831716,0.029585798816568,0.027625014502842504,0.10199266617105611,0.08844720197674057,0.9372166666666667,0.9252900000000001,1.2833333333333334,1.2933333333333332
4191,85.71650981903076,84.6816082795461,32.207207207207205,32.58258258258258,0.042483660130718894,0.0390662618398849,0.1382912656910478,0.17040586157814955,0.5608266666666667,0.5401733333333333,3.08,2.67
4198,92.75233546892802,91.0330871740977,46.5780998389694,48.42995169082126,0.0148400191954169,0.013870865240905967,0.039238610898602595,0.0065657447218222,0.94525,0.9345033333333334,2.466666666666667,2.7133333333333334
4208,94.4111982981364,92.65322883923848,34.84848484848485,41.53297682709447,0.022727272727272697,0.018174899681748933,0.06136864969612254,0.04460356994603567,0.9196366666666668,0.9092466666666666,1.8566666666666667,2.1466666666666665
4231,97.66859412193298,96.92342480023702,53.03030303030303,56.9023569023569,0.0112128146453089,0.007237223878902966,0.07883295194508007,0.07378407865664234,0.9826233333333333,0.9819166666666668,0.7933333333333333,0.7233333333333333
4248,93.4152623017629,93.04232001304626,36.81765389082462,38.443670150987224,0.0124223602484472,0.0059254362148428,0.0612984324164448,0.036860328901306895,0.94317,0.93331,1.97,1.5566666666666666
4277,90.78092575073242,89.92324670155843,17.404129793510325,53.097345132743364,0.0625,0.05651984446232233,0.07005618425736133,0.16054620158602453,0.7423433333333334,0.76455,1.6933333333333334,1.6266666666666667
4307,79.51377034187317,80.0710141658783,7.6923076923076925,12.5,0.0673076923076923,0.05766118994274327,0.2337737169197843,0.12733383121732633,0.47109666666666666,0.43322,2.723333333333333,2.8433333333333333
4338,93.99597843488057,93.97510091463725,54.237288135593225,55.273069679849336,0.0081593038821954,0.0023529322661072,0.056758420157874266,0.013352423500708935,0.9018466666666667,0.8977533333333333,1.6566666666666665,1.6566666666666665
4339,84.75897908210754,80.11273741722107,39.77777777777778,38.22222222222222,0.037800687285223296,0.031032323374002233,0.056104916193281396,0.024065962946669833,0.8774066666666668,0.8684,1.6933333333333334,1.7266666666666666
4366,85.29849648475647,77.69840359687805,39.04555314533622,40.63629790310918,0.023086743557904337,0.025513659318793302,0.07192870983238132,0.05755470288487257,0.8958933333333334,0.8364600000000001,2.6233333333333335,2.9466666666666668
4430,85.08700728416443,87.67271439234416,19.641577060931898,24.372759856630825,0.005475292254669033,0.004677790159552366,0.3318342350388941,0.09088127412129533,0.2839766666666667,0.28097666666666665,5.123333333333334,5.136666666666667
4444,93.82084210713704,94.13290619850159,42.82945736434109,48.449612403100765,0.047619047619047596,0.042010467695211,0.029604352887492802,0.04112492639587093,0.9161133333333332,0.9263166666666667,2.39,2.2166666666666663
4450,68.78866354624431,67.29041337966919,34.53815261044176,35.34136546184739,0.019912711402073065,0.0017944439095878,0.05668076013820691,0.0509343944888375,0.8738966666666667,0.7911199999999999,1.4633333333333332,1.3966666666666665
4460,96.40470345815022,95.9808071454366,55.80029368575624,53.157121879588836,0.010846363033919998,0.0105358814225549,0.0250526127109169,0.02708132495146193,0.98306,0.9834233333333334,0.7966666666666665,0.8533333333333334
4473,47.400736808776855,54.01722490787506,21.73913043478261,23.18840579710145,0.04545454545454539,0.028310895541750102,0.10543863123842477,0.1260249954756059,0.47696333333333335,0.51202,3.426666666666667,3.5933333333333337
4477,90.02341032028198,75.66726207733154,17.39130434782609,23.731884057971016,0.0121212121212121,0.005359458616500833,0.2619590245794923,0.21802258774089758,0.49844333333333335,0.4051733333333334,3.4299999999999997,2.853333333333333
4482,96.78330421447754,96.0841715335846,50.97222222222222,52.36111111111111,0.0507246376811594,0.04342202890609437,0.07126994761608109,0.04107740983461277,0.8022,0.8051166666666667,1.1466666666666667,1.0433333333333332
4494,63.100603222846985,82.6594630877177,10.884353741496598,16.3265306122449,0.030612244897959096,0.019555048954202566,0.29190776920524303,0.31802166253425546,0.3448366666666667,0.39169666666666664,2.313333333333333,3.03
4504,95.4559067885081,95.92662851015727,44.19475655430711,46.067415730337075,0.021141168447374365,0.019141513606837933,0.049269852825684836,0.031512137309954,0.9918066666666666,0.9918033333333334,0.7066666666666667,0.7000000000000001
4519,95.06187836329143,96.04811469713847,49.572649572649574,52.13675213675214,0.027865818044389434,0.026182230474517634,0.09824743640557333,0.09529182036689887,0.99098,0.9921733333333332,0.8133333333333334,0.7533333333333333
4520,85.56414246559143,81.1993916829427,28.218694885361554,32.98059964726631,0.04347826086956521,0.0358646071835155,0.13643214364040998,0.0706060476287342,0.6553,0.6333099999999999,2.813333333333333,2.736666666666667
4529,82.80363281567891,77.57920424143474,35.476190476190474,33.80952380952381,0.01732465065798393,0.0174822550709075,0.06668948335614996,0.07510299570120714,0.89214,0.8491866666666666,1.7366666666666666,2.32
4550,82.39273428916931,86.90418601036072,27.777777777777775,28.070175438596497,0.00036494513238696666,0.00018352168453583334,0.1967431793013188,0.2187497987700827,0.8796866666666666,0.87724,1.696666666666667,1.75
4555,94.84748641649882,94.1852589448293,52.28758169934641,58.60566448801743,0.0,0.0143749703608858,0.34604218299451034,0.27047031861789966,0.9747233333333334,0.9726366666666667,0.93,0.98
4576,57.06815322240194,68.32767923672994,25.0,30.76923076923077,0.0568181818181818,0.04794105071882846,0.030920745920745868,0.0176638641250513,0.40992999999999996,0.40449666666666667,3.266666666666667,4.236666666666667
4599,96.7387318611145,95.13743321100871,43.36283185840708,46.312684365781706,0.026832041343669233,0.0238218986400804,0.11336201126784423,0.10450299532117711,0.9462066666666668,0.9411533333333333,1.4799999999999998,1.5899999999999999
4641,92.20280845959981,90.67029356956482,41.666666666666664,43.445692883895134,0.0351758793969849,0.03352571438048323,0.05382398129436427,0.05080776521474659,0.7891433333333334,0.7914933333333334,1.6733333333333336,1.4633333333333332
4650,95.61990698178609,94.93698080380757,53.84902840059791,53.2137518684604,0.0182186234817813,0.0161883492107233,0.04630158799840376,0.09346918315026546,0.6900733333333333,0.52662,6.1499999999999995,6.196666666666666
4685,96.67324225107829,96.10711137453715,47.6280834914611,49.146110056926,0.023815383894143404,0.01969472676420103,0.060743426219323694,0.0826391048171952,0.9543633333333333,0.9565466666666667,1.8433333333333335,1.78
4703,87.88250883420308,88.18296591440837,40.86709310589907,46.837242359630416,0.0193798449612403,0.015527743532435065,0.08675043798617939,0.08665805489047403,0.6458233333333333,0.6796433333333334,2.9766666666666666,3.216666666666667
4705,82.61001706123352,86.36341691017151,42.691415313225065,45.707656612529,0.024390243902439,0.017393253754142534,0.02763772901257776,0.0646596959849942,0.8533633333333334,0.8988233333333334,2.146666666666667,2.3533333333333335
4706,93.44592889149983,93.75443458557129,41.318124207858055,43.155893536121674,0.014367816091954,0.012460231601516466,0.13820996931283513,0.10910220373551378,0.5852933333333333,0.5668966666666667,3.1133333333333333,2.8266666666666667
4714,85.84086298942566,72.8736400604248,18.40168243953733,21.135646687697164,0.024489795918367297,0.020383786213253468,0.2300475520990244,0.305828961703962,0.75976,0.5406433333333334,3.216666666666667,4.213333333333334
4722,93.76475811004639,91.99604193369548,48.2392667631452,49.734684032802704,0.0097402597402597,0.005200474921850267,0.10975268240333363,0.0711517086039108,0.9213833333333333,0.90148,1.6466666666666667,2.1999999999999997
4727,95.71012457211812,92.27964878082275,42.487046632124354,46.97754749568221,0.007938865682948134,0.007816257816257766,0.0659035379723875,0.06090329617888663,0.71562,0.7311933333333333,2.29,1.9966666666666668
4728,91.155872742335,94.00871396064758,44.40753045404208,45.40420819490587,0.0419580419580419,0.035061271545683434,0.09182662734062143,0.0392812614352529,0.9297666666666666,0.9453900000000001,1.8766666666666667,1.8666666666666665
4751,73.53579799334209,72.17187285423279,36.40350877192983,43.42105263157895,0.037037037037037,0.019063863362108933,0.047145291600769836,0.08464448157430605,0.8786133333333334,0.9223266666666667,1.2666666666666666,1.3733333333333333
4763,91.00512663523357,89.05133406321208,34.78835978835979,35.44973544973545,0.0239520958083832,0.017884204650706934,0.1835501637587401,0.14781952762479786,0.5849133333333333,0.5432666666666667,3.606666666666667,3.36
4795,84.06619628270467,79.90740736325581,18.561335902376367,23.249839434810536,0.024700074200873234,0.021040251146960065,0.3339980017642863,0.16506582691059693,0.36463,0.2523933333333333,4.933333333333334,5.506666666666667
4812,94.1678524017334,93.45086216926575,40.3068340306834,45.04881450488145,0.0465556559528419,0.03582347303014274,0.0760090690673184,0.021980488718491065,0.8697266666666668,0.8868366666666666,1.1900000000000002,1.8
4824,85.95933516820271,85.94722946484883,20.01888574126535,23.65439093484419,0.021614057129879034,0.019666131673971132,0.3757248637440269,0.23355238836340744,0.26598666666666665,0.28165666666666667,5.06,5.640000000000001
4826,94.25830642382304,95.17023364702861,44.93891797556719,50.261780104712045,0.0158730158730158,0.014051522248243499,0.03664388742922767,0.0302273945315558,0.9151699999999999,0.9094233333333334,1.7266666666666666,1.4533333333333331
4828,92.11697181065877,87.8958781560262,20.304568527918786,23.01184433164129,0.04347826086956521,0.037354845591258796,0.24760796404193738,0.2140209659274984,0.5071566666666667,0.4860166666666667,2.526666666666667,2.356666666666667
4844,81.46145145098369,84.06528830528259,29.28348909657321,33.956386292834885,0.022727272727272697,0.0153189507122091,0.1749012467435559,0.11828012811158876,0.49373,0.48896333333333336,2.1199999999999997,2.56
4852,91.57910148302715,91.81964993476868,44.337349397590366,47.30923694779116,0.0157894736842105,0.010243585273590832,0.09809964047252177,0.06770563034872946,0.9323733333333334,0.9282766666666666,1.9233333333333331,1.9166666666666667
4868,73.43366146087646,89.34532205263774,47.83549783549784,50.86580086580086,0.007285335826710267,8.051529790660001e-05,0.08059159264453793,0.05475040257648956,0.8297133333333333,0.8388366666666668,1.8166666666666667,1.9733333333333334
4878,93.2616651058197,91.72555804252625,36.98830409356725,40.78947368421053,0.013833887744865034,0.008197314174120533,0.18040894421172515,0.12807499738811065,0.9503366666666667,0.9443533333333334,1.4466666666666665,1.5133333333333334
4882,87.09541757901509,87.93551524480183,36.075268817204304,37.95698924731183,0.02553858925398833,0.026659234485321398,0.11175319431373609,0.0551076042760297,0.9029400000000001,0.9379666666666666,2.513333333333333,2.4266666666666663
4890,70.89103857676189,87.40349213282268,21.35922330097087,33.98058252427185,0.13822551193426366,0.11772455676363987,0.08305291074301109,0.13536340483886763,0.44716666666666666,0.4827666666666666,2.0833333333333335,2.716666666666667
4894,91.07834299405415,90.51124453544617,22.866894197952217,26.96245733788396,0.0191176470588235,0.018626729042132268,0.31233780523318727,0.2712907701259145,0.4497233333333333,0.4662866666666667,4.43,4.46
4906,93.67209871610005,93.91515453656514,52.190923317683875,53.05164319248826,0.05123373759245283,0.0552147239263803,0.043003838456743465,0.029701214844607134,0.9842066666666667,0.9736066666666666,0.9533333333333333,1.3666666666666665
4928,93.0551250775655,87.05957929293315,29.09090909090909,31.168831168831165,0.011522446816564433,0.011462080632041032,0.1870062002303654,0.19193383620261084,0.7561666666666667,0.7213533333333334,2.623333333333333,2.6533333333333333
4935,92.21146901448567,93.10297171274821,41.31578947368421,41.92982456140351,0.0379746835443038,0.025275118957946697,0.1141632390190786,0.06567693246699687,0.9761733333333334,0.9728733333333333,1.2233333333333334,1.32
4974,96.43392364184062,96.39498392740886,40.7185628742515,40.11976047904192,0.00023016958721470003,0.0002802709285642333,0.15556206978915602,0.07160588568949984,0.98215,0.98325,0.6633333333333333,0.6333333333333333
4997,86.96163296699524,86.17047071456909,30.707327403642523,34.731046166878436,0.04346676816296253,0.04268334020775274,0.231564665781532,0.12158128973051152,0.6736866666666667,0.6765633333333333,3.51,3.776666666666667
4999,96.95542653401692,97.0033307870229,40.61032863849765,42.72300469483568,0.010019466391847,0.004633130139593567,0.0202664017504278,0.05702287276665043,0.98074,0.9740500000000001,0.6233333333333334,0.7266666666666666
5003,89.31531111399333,89.714248975118,32.47011952191235,35.39176626826029,0.029254400123228035,0.027243941777004167,0.09016770660761127,0.051770827879864235,0.67211,0.6962999999999999,3.6366666666666667,3.6199999999999997
5008,94.25401290257771,93.42370231946309,44.229217110573046,46.56981436642454,0.026092137186499498,0.018317041735363866,0.12694269487378,0.102688645935452,0.6493533333333333,0.7007333333333333,2.956666666666667,3.706666666666667
5025,88.48560849825542,86.6577426592509,22.070015220700153,28.9193302891933,0.0131578947368421,0.0087570232771471,0.2879263915621588,0.2416638000229331,0.7433133333333334,0.6413300000000001,2.25,3.5066666666666664
5037,96.64705793062846,96.90170685450236,50.402144772117964,52.81501340482574,0.0213038381367756,0.023332440843391533,0.0305658626332741,0.05252676607901674,0.9559166666666666,0.9759066666666666,1.5666666666666667,1.11
5040,86.17583314577739,87.05885608990987,31.27853881278539,33.561643835616444,0.019047619047619,0.009726282891420466,0.26199294532627865,0.16784454078032054,0.6731266666666667,0.6089833333333333,3.1533333333333338,2.433333333333333
5051,85.39056777954102,85.42705376942952,29.11646586345381,33.53413654618473,0.04055258467023167,0.0328733866752442,0.10584625308567518,0.0370928435169921,0.4649033333333334,0.44047,2.44,2.27
5055,92.25017229715984,92.3901120821635,36.5819209039548,42.3728813559322,0.0252100840336134,0.016687219578545534,0.04251589718096887,0.0392962342114884,0.9064,0.9354533333333332,1.9033333333333333,1.6833333333333333
5065,96.76085710525513,96.14849090576172,47.417840375586856,47.24178403755869,0.010725032081065468,0.006530735560251566,0.016463633667077232,0.022863935730575564,0.9722933333333333,0.9541166666666667,1.4400000000000002,1.6866666666666668
5070,90.46619534492493,91.91951553026836,44.24673784104389,46.5005931198102,0.0142857142857142,0.0050466146054380665,0.150229309079674,0.06023080949551534,0.8269466666666667,0.8408966666666666,2.0100000000000002,1.62
5076,97.09906379381816,96.86057170232137,53.81750465549349,57.045313469894474,0.0208658244957371,0.0163934737217865,0.01982387047748683,0.020766500684473433,0.9718300000000001,0.9827166666666667,1.4233333333333331,1.0833333333333333
5080,57.558115323384605,71.5576986471812,48.38709677419354,67.38351254480287,0.0333333333333333,0.0333333333333333,0.12146417830511264,0.03214093283669497,0.4099266666666667,0.30582333333333334,3.6266666666666665,2.5866666666666664
5088,96.76284392674764,96.57868544260661,51.89669087974173,52.38095238095238,0.0042566250841225665,0.00020761584798566668,0.06813169070692224,0.06490340926697406,0.9907499999999999,0.9950866666666668,0.7333333333333334,0.52
5089,57.65848557154337,56.349462270736694,27.469135802469136,22.83950617283951,0.05333333333333331,0.03452881452881447,0.10672461866491713,0.13328210669982818,0.67446,0.3570933333333333,2.8733333333333335,4.133333333333333
5095,88.0016843477885,82.55052963892619,42.22222222222222,42.77777777777778,0.054799218490189504,0.041718282214644,0.0346618086167736,0.18560073624306114,0.8477166666666666,0.86797,1.6733333333333331,1.76
5123,92.56200194358826,88.85184129079182,32.99492385786802,36.54822335025381,0.0308988764044943,0.0268151927888393,0.18621012052171704,0.14872795159266383,0.7292033333333333,0.7209533333333334,2.8266666666666667,2.9333333333333336
5131,60.36649743715922,66.14208420117696,13.026819923371646,12.64367816091954,0.005413338230675634,0.008810207640616933,0.3631898252641286,0.36244131273371033,0.48113,0.4656,2.5033333333333334,2.2533333333333334
5138,80.79358736673991,80.97811142603557,29.88095238095238,34.047619047619044,0.0348258706467661,0.02983382915405967,0.15138964791265994,0.09188829330694254,0.5507066666666667,0.5557666666666666,3.83,3.6466666666666665
5150,97.93224334716797,97.93320099512736,54.1838134430727,54.73251028806584,0.0035631700362668,0.00041985320430636667,0.06428919016964024,0.10805571387775233,0.9893466666666666,0.9888066666666667,0.6,0.6233333333333334
5165,90.16534686088562,89.91239468256633,37.90252393385553,40.6875543951262,0.028776978417266102,0.02717802751311113,0.0653776316494295,0.0480844365268708,0.5319866666666666,0.52143,4.68,4.533333333333333
5173,80.13451894124348,72.57803479830424,21.823361823361825,25.299145299145298,0.011135176550571266,0.009221005118850233,0.1757165831293378,0.15589192531331397,0.5886333333333333,0.68005,4.1000000000000005,4.18
5177,96.18309140205383,95.5857237180074,49.12280701754386,51.036682615629985,0.048076923076922996,0.03519173345906013,0.0309366610698464,0.08976142119706476,0.9644233333333334,0.9523166666666666,0.9966666666666666,1.0466666666666666
5181,97.43173122406006,97.12393681208293,46.35108481262328,45.167652859960555,0.0549019607843137,0.04662719816688147,0.08825783186837947,0.045425451918377165,0.98974,0.9851866666666668,0.49666666666666665,0.6033333333333334
5187,94.52173312505086,93.40141812960307,46.53508771929825,47.76315789473684,0.02117335186187187,0.0213363836448411,0.0625702712076323,0.05830188735374864,0.9572833333333334,0.9471533333333334,1.9233333333333331,2.0733333333333337
5197,72.6485828558604,78.66763869921367,39.37007874015748,42.51968503937008,0.0114942528735632,0.00041445935311556673,0.09119878528893897,0.10751279558664471,0.8678,0.84706,1.5199999999999998,1.2566666666666666
5206,76.12000306447347,76.26991073290507,43.23432343234324,44.554455445544555,0.005952380952380934,0.018106162843004935,0.030746768954316096,0.06637073011014737,0.9577,0.94335,0.6966666666666667,0.9133333333333334
5214,71.74038290977478,76.62547032038371,31.558185404339252,46.35108481262328,0.0131578947368421,0.0060473672747882665,0.30921395017598635,0.31415426894758897,0.41401666666666664,0.41956333333333334,3.84,3.8533333333333335
5234,95.07753451665242,95.08909583091736,46.68615984405458,48.14814814814815,0.043046357615894,0.0397743022672415,0.03609731710451507,0.0142792759725595,0.7283799999999999,0.71747,2.6133333333333333,2.893333333333333
5242,95.55416305859882,95.88893254597981,47.417840375586856,49.45226917057903,0.0045091270825209665,0.0022806121289788,0.04618272739012857,0.02551983641525267,0.9590266666666666,0.9765633333333333,1.6766666666666667,1.5033333333333332
5243,91.09639525413513,90.07409811019897,38.87179487179487,44.51282051282052,0.022598870056497095,0.016828328650206902,0.1024610153270204,0.07866595824295551,0.8418466666666666,0.8481633333333334,1.78,1.4866666666666666
5255,87.76549498240153,89.02038931846619,17.320261437908496,25.980392156862745,0.0103092783505154,0.005154273908876233,0.20516083255130738,0.2580880934848166,0.4739,0.4849366666666666,4.12,3.9766666666666666
5264,78.63729596138,91.90145532290141,34.73597359735974,41.08910891089109,0.0218340611353711,0.019014557081961498,0.1239774880477827,0.08179989242092657,0.63987,0.87654,3.953333333333333,2.64
5279,91.07279578844707,91.17765029271443,30.28919330289193,36.83409436834094,0.02796864600128843,0.0300209280508046,0.2448538545593034,0.2660188407969312,0.6005266666666667,0.6459633333333333,2.873333333333333,3.4133333333333336
5298,92.67030159632365,91.70278906822205,39.96212121212121,46.02272727272727,0.0178401696278423,0.014320074005550366,0.11878623621487028,0.08436941103916124,0.94999,0.9526933333333334,1.2333333333333334,1.406666666666667
5317,94.18077071507771,92.77019898096721,54.49146250927989,50.037119524870086,0.0206611570247933,0.016644578637505566,0.019531915338998434,0.05660071746323647,0.5719366666666666,0.5454733333333334,4.93,4.67
5338,88.79296779632568,95.63210606575012,39.92467043314501,45.38606403013183,0.0531914893617021,0.04247529963539943,0.0540183627919702,0.07536505862350161,0.9363333333333334,0.9442233333333334,1.4066666666666665,1.3933333333333333
5339,88.91343077023824,86.87867124875386,31.866340668296658,34.229828850855746,0.02556164166071283,0.024112701149954997,0.1863528273434593,0.11036514153872275,0.8378366666666667,0.8114966666666668,3.1199999999999997,3.5066666666666664
5340,79.04345790545146,76.15225116411845,33.83838383838384,35.101010101010104,0.00039997922185856663,0.0110127205003865,0.11698872785829302,0.052547614027689864,0.8601533333333333,0.8352233333333333,2.313333333333333,2.36
5354,80.34354050954182,82.4536144733429,46.45669291338583,47.76902887139107,0.020362353695686966,0.012237586763331967,0.06688748741961587,0.08847350581767921,0.9246933333333334,0.8498933333333333,1.3366666666666667,1.7333333333333334
5373,96.18730743726094,95.21719813346863,49.944994499449955,48.624862486248624,0.020892970737913467,0.015914978090623002,0.0629036421126396,0.10095057019394583,0.9805633333333333,0.9777100000000001,1.0333333333333332,1.0266666666666666
5380,88.75013589859009,95.72039445241292,45.625,46.666666666666664,0.0135135135135135,0.0004909564768719334,0.0402686388601881,0.06735132791470815,0.98039,0.9620166666666666,0.9266666666666667,1.09
5394,89.30088877677917,86.66010697682698,8.238276299112803,27.122940430925222,0.021546261089987265,0.020269158950841165,0.21487835848215142,0.3749359030176375,0.6075833333333334,0.6254233333333333,3.85,4.293333333333333
5423,90.74353973070781,91.28567377726237,3.1045751633986924,13.071895424836603,0.0245098039215686,0.021225651976962367,0.2702812862497838,0.5259172976121141,0.6028766666666666,0.6218833333333333,4.11,2.9066666666666663
5428,97.0468521118164,95.49583792686462,34.316353887399465,37.17605004468275,0.03835796387520524,0.035160884866767134,0.08195067514786293,0.06002513826043234,0.7371833333333333,0.7513033333333334,2.986666666666667,3.1533333333333338
5438,94.72316702206929,92.14923779169719,32.22222222222222,36.34920634920635,0.0307692307692307,0.023052186606507968,0.06543885546242184,0.024710759177958033,0.7598033333333333,0.76195,1.8166666666666667,2.1033333333333335
5447,92.54698554674785,92.32609272003174,55.24769101595299,56.1712846347607,0.0047050620737742,0.0045616408067762,0.06603903700557177,0.040351621180577966,0.6127766666666666,0.6175666666666667,2.9633333333333334,2.763333333333333
5449,90.75937469800313,91.71732664108276,44.38502673796791,48.2174688057041,0.05173999995310916,0.05030502381424084,0.04299908797415377,0.02736752615480183,0.6773833333333333,0.8860166666666666,3.783333333333333,2.603333333333333
5455,97.31646378835042,97.42858807245891,41.93548387096774,44.086021505376344,0.0422535211267605,0.029642623793640934,0.055861541837651636,0.11222502429466434,0.97566,0.97832,0.9733333333333333,0.8666666666666667
5460,63.71516982714335,62.54727244377136,19.806763285024157,21.73913043478261,0.014705882352941102,0.0026433425503456336,0.25885792913656686,0.2533090384020353,0.4655666666666667,0.4566866666666667,1.3233333333333333,1.7
5461,70.31467358271281,72.61288364728291,37.797619047619044,44.64285714285714,0.011299435028248534,0.0006755394232707667,0.051154722965606136,0.054839685420447565,0.9146299999999999,0.8596433333333334,1.4566666666666668,2.0033333333333334
5463,97.09593653678894,97.05546299616496,45.60327198364008,47.95501022494887,0.011605061605061534,0.006837075227879766,0.045146411322881864,0.0306512772030013,0.9865333333333334,0.98271,0.7833333333333333,0.8733333333333334
5464,93.01053682963054,94.0930465857188,42.833333333333336,45.833333333333336,0.006715043636195034,0.0091881610800348,0.13110032321546708,0.14681014249671495,0.9658533333333333,0.9667833333333333,1.2266666666666666,1.2433333333333334
5496,97.90622591972351,97.796497742335,52.73865414710485,58.52895148669796,0.0222222222222222,0.011094153879997766,0.04519173727875614,0.058648646171332135,0.9918966666666668,0.9931933333333333,0.5733333333333334,0.45
5543,96.59317930539449,95.92233697573344,47.847478474784744,46.61746617466175,0.036745406824146905,0.03409990417864427,0.032647693824073634,0.08811837116851617,0.9094033333333332,0.8917666666666667,1.7533333333333332,1.7933333333333332
5545,91.7356808980306,92.76852011680603,50.63613231552163,54.113655640373196,0.0099947023270786,0.010117529444670566,0.04901776524813173,0.013554794918873068,0.7825066666666668,0.8054066666666667,3.556666666666667,3.233333333333333
5550,83.40520064036052,82.42332736651103,24.875621890547265,23.38308457711443,0.081967213114754,0.0769733852615389,0.14923728238542786,0.18310916758497664,0.47489333333333333,0.34042,1.8866666666666667,3.466666666666667
5594,97.1331238746643,96.77622318267822,40.46242774566474,44.70134874759152,0.015053763440860199,0.0072239074261318675,0.04898724681170289,0.037928322660375234,0.9361133333333335,0.9323100000000001,1.09,0.9966666666666667
5604,97.06045786539714,96.76308631896973,46.98162729658793,48.4251968503937,0.0031748663873794997,0.0027859902391857336,0.10140284506381207,0.028500283756533934,0.98887,0.9852066666666667,0.6266666666666666,0.7399999999999999
5605,96.89019322395325,96.89002037048338,55.52608311229002,55.9681697612732,0.011665119062546867,0.013947808545619866,0.023935014980407867,0.018568704964049932,0.9913133333333333,0.99071,0.6933333333333334,0.7266666666666667
5633,91.46898587544759,91.23927752176921,29.79242979242979,38.827838827838825,0.04426009399779537,0.041218217234571926,0.16549669728771818,0.08085507204065323,0.4985933333333333,0.50684,3.0533333333333332,3.1133333333333333
5641,89.31459188461304,89.46374257405598,43.29710144927537,42.844202898550726,0.0101010101010101,0.0034322125255989,0.052365357911038635,0.027023368308401168,0.7551733333333334,0.8118500000000001,4.2299999999999995,3.6133333333333333
5653,91.71513319015503,95.4294999440511,41.7283950617284,44.93827160493827,0.0588235294117647,0.051629036558842024,0.2172129794678814,0.18135220723676812,0.8625400000000001,0.9752166666666667,1.3699999999999999,1.12
5669,86.91680431365967,87.85718480745952,40.726072607260726,43.76237623762376,0.026608238575800264,0.024703732268419834,0.16238118672650634,0.14300611652977588,0.49756333333333336,0.48199,4.17,4.153333333333333
5674,96.20511730511983,95.66112558046977,51.69361046959199,51.50115473441108,0.010752688172043,0.002336636862259706,0.008156761400965966,0.010237217369000533,0.9949066666666667,0.9934,0.7133333333333333,0.8166666666666668
5697,92.69285996754964,91.30105376243591,43.190368698269374,45.82392776523702,0.013826927352685467,0.012367034907159166,0.08034540947036417,0.0372141733857617,0.8323499999999999,0.8197366666666667,3.0400000000000005,2.6166666666666667
5705,83.54771931966145,91.58664345741272,38.0952380952381,39.047619047619044,0.0348837209302325,0.0190551797444484,0.0457626646467969,0.09045817822786156,0.91324,0.9085833333333334,1.61,1.5366666666666664
5711,87.26155360539754,85.93061566352844,23.143350604490497,30.109383995394357,0.0194174757281553,0.01700090225137853,0.13302478480472,0.11599432473235212,0.6392933333333333,0.6013099999999999,5.996666666666666,6.596666666666667
5713,71.7065413792928,83.9941422144572,47.16981132075471,56.60377358490566,0.0377358490566037,0.0188679245283018,0.14740710023728887,0.1823899371069182,0.70586,0.8403366666666666,1.1933333333333334,1.2866666666666666
5714,95.53344249725342,95.11195818583171,40.625,44.96527777777777,0.029126213592233,0.018654107966401465,0.03299189637608497,0.040403884621898534,0.9830933333333333,0.97594,0.6966666666666667,0.8266666666666667
5717,94.61398720741272,90.54320255915324,38.90547263681592,41.39303482587064,0.0221238938053097,0.0175170494472805,0.0433088599378568,0.0558859009190343,0.76652,0.78125,3.16,2.8966666666666665
5720,88.52180242538452,94.7848379611969,51.781472684085514,52.57323832145685,0.0090241998438719,0.007162483405884267,0.05588289011409411,0.0186237403301444,0.79413,0.8529266666666667,1.2166666666666668,1.9100000000000001
5750,84.44160024325053,86.75920367240906,36.979166666666664,37.239583333333336,0.009194125632481768,0.00012862563508906667,0.028439398302411965,0.028361952537140633,0.9652533333333334,0.9643466666666667,1.0266666666666666,0.9033333333333333
5755,94.6650763352712,93.6530331770579,47.1030850263356,49.81188863807375,0.0287045135801972,0.025754662633714436,0.04310193677773797,0.06549881114103753,0.73789,0.7991166666666666,4.733333333333333,4.056666666666667
5821,90.18621444702148,88.99500568707784,40.67135050741608,41.37392661982826,0.009090909090909,0.0032022056490333037,0.10709749641164212,0.1105070558296946,0.8863166666666666,0.87947,1.8766666666666667,1.82
5826,86.35510404904683,85.33685207366943,34.85838779956427,40.08714596949891,0.017068246309624068,0.0152719381654449,0.1314789305510946,0.09488341048949038,0.75355,0.7245466666666666,3.3833333333333333,3.5066666666666664
5827,89.66660499572754,90.05983273188274,47.51921733053808,45.84206848357792,0.04277536417071296,0.04071905303545443,0.013399494562285235,0.052560746180697136,0.97808,0.96766,1.3066666666666666,1.5633333333333332
5842,93.08638374010722,86.5237573782603,36.774193548387096,36.774193548387096,0.016149501871946133,0.0128109869788094,0.4199065735330727,0.3882439084670463,0.7049099999999999,0.7243499999999999,1.3633333333333333,1.7866666666666668
5843,90.85656801859538,88.03215821584065,38.46885401806943,40.08559201141227,0.026431718061674003,0.024019333966121565,0.09176135949427726,0.10818955849780675,0.8168633333333334,0.8017133333333333,3.9066666666666663,3.8633333333333333
5844,90.2139961719513,91.352645556132,39.42814145974416,41.61023325808879,0.016890963128076465,0.0206122981560368,0.0862160614222469,0.04291289747723424,0.55762,0.5498266666666667,2.7900000000000005,2.39
5865,95.90244094530742,95.48092285792033,41.09916367980884,46.415770609319,0.008020550673686233,0.007970385370446234,0.11864266931365706,0.14578981890208095,0.9142733333333334,0.8509766666666666,2.82,2.983333333333333
5873,82.26901094118755,83.26992392539978,30.578842315369258,36.047904191616766,0.0037226973375426332,0.0031477509309896334,0.11696476178423441,0.0762739268929348,0.6294933333333333,0.6685133333333333,4.14,4.2700000000000005
5874,90.37802418073018,92.69018570582072,44.56264775413712,48.34515366430259,0.0310077519379844,0.023560996849097866,0.09101765606888984,0.07009301528901224,0.9182199999999999,0.9175599999999999,2.046666666666667,1.6333333333333335
5876,97.61672019958496,97.13023106257121,49.651741293532346,50.74626865671642,0.0300751879699248,0.0300751879699248,0.06747649508444056,0.023512980925596397,0.9958566666666666,0.9958333333333332,0.43333333333333335,0.43333333333333335
5877,93.8252866268158,94.25156712532043,42.78846153846154,44.07051282051282,0.0693069306930693,0.05986792667479124,0.0411078726920311,0.05206984445711516,0.9663533333333333,0.9674533333333333,1.0766666666666667,1.05
5904,96.04034622510274,94.09997661908467,48.101265822784804,49.70464135021097,0.015704616852498167,0.012508393842373467,0.0882590201129439,0.05202988687483479,0.8025366666666667,0.8189166666666666,1.7033333333333331,2.03
5937,89.55823183059692,85.6395701567332,35.50361713967724,36.56093489148581,0.0092307692307692,0.005232741190464268,0.12886966594938704,0.07807367655791282,0.5107033333333333,0.4899533333333333,4.173333333333333,4.579999999999999
5963,65.7902459303538,84.7130795319875,31.446540880503147,30.188679245283016,0.06028494247672323,0.05559460120101609,0.1728865852153523,0.12219100525147963,0.6112466666666667,0.7515633333333334,3.1633333333333336,2.58
5965,77.4886429309845,75.80238382021587,51.91256830601093,52.185792349726775,0.010030165912518799,0.00021737009750896665,0.0590593502358208,0.052700054713644064,0.9146333333333333,0.9072100000000001,1.3866666666666667,1.3566666666666667
5966,97.5600818792979,96.41559521357219,46.04051565377532,48.61878453038674,0.0043650793650793,0.008033294618660466,0.038324175824175764,0.022189243056451733,0.99079,0.9850500000000001,0.48333333333333334,0.6733333333333333
5967,81.62264823913574,81.97814623514812,8.426073131955485,17.223105458399576,0.0333863275039745,0.0317948146722968,0.41278149879340936,0.09553465042412207,0.15755,0.14806333333333335,7.919999999999999,8.203333333333333
5988,97.73014585177104,97.37000862757365,50.65359477124182,54.575163398692816,0.0400208226659839,0.03451438895341327,0.07627069465779136,0.04559556071751186,0.9923666666666667,0.9912466666666666,0.5666666666666668,0.6633333333333333
5991,87.57862051328023,83.2242767016093,25.11904761904762,33.333333333333336,0.047189733593242335,0.0428479303559642,0.14981157302555462,0.20476725295889767,0.8620533333333333,0.8476766666666666,2.8333333333333335,2.39
6013,93.8373605410258,95.26600241661072,50.55096418732783,49.311294765840216,0.0330578512396694,0.030232992482607236,0.060843587389041866,0.0716141618434739,0.94843,0.9345766666666666,1.5866666666666667,1.6766666666666667
6030,95.4230527083079,96.31632566452026,45.656565656565654,47.070707070707066,0.0101010101010101,0.0035959999963272003,0.043147022871895736,0.061765863915952506,0.9867533333333333,0.9864766666666668,1.11,1.04
6037,96.78912162780762,96.0508147875468,45.54767533490938,46.493301812450746,0.034837429363149,0.030821648854247197,0.0763917355637459,0.08328477482873244,0.9353366666666667,0.94164,1.0233333333333332,1.4433333333333334
6038,92.23307768503825,90.79766869544983,47.07379134860051,47.75233248515692,0.004711954711954633,0.006993006993006899,0.023745779831548103,0.026135898916058067,0.9720033333333333,0.98338,1.3933333333333333,1.0366666666666666
6075,88.1246546904246,86.53769095738728,28.897586431833005,32.22439660795825,0.0244648318042813,0.0224807048201543,0.14750135975256282,0.14080038053897045,0.8089533333333333,0.7688533333333334,2.89,2.9166666666666665
6080,93.15812786420186,92.60293841362,45.91836734693877,47.7891156462585,0.011746807343013267,0.0038672110042958997,0.03795497887638803,0.0431055522904626,0.9525166666666666,0.9393733333333333,1.6266666666666667,1.6533333333333333
6086,74.73901907602946,73.20293386777242,14.347079037800688,23.02405498281787,0.0196078431372549,0.017574396662463732,0.3359241927720265,0.2651867235415292,0.20358333333333334,0.2301133333333333,6.473333333333334,4.993333333333333
6087,93.28935146331787,92.5859808921814,33.21167883211679,34.91484184914842,0.0259067357512953,0.020742731634411603,0.12507889389743007,0.17350786731466541,0.5562233333333334,0.5718433333333334,2.783333333333333,3.2133333333333334
6103,96.4355727036794,96.19101881980896,51.417399804496576,54.154447702834794,0.015151515151515102,0.005627219694263867,0.037621841213406136,0.027013434220080734,0.9922366666666665,0.99096,0.5933333333333334,0.6566666666666667
6104,94.48703527450562,95.16772429148357,41.050119331742245,42.482100238663485,0.0295358649789029,0.0255081356821648,0.04354698883760203,0.07104855464354316,0.8111033333333334,0.80179,3.3666666666666667,3.4133333333333336
6116,85.57789921760559,77.51976648966472,30.81761006289308,38.74213836477987,0.0135746606334841,0.0089016954109139,0.2500009167414356,0.21153428092164975,0.7290366666666667,0.7115033333333334,2.64,3.6999999999999997
6181,90.46853582064311,88.35062185923259,35.11759935117599,35.19870235198703,0.0158227848101265,0.0104056089761731,0.22972495956002956,0.13289318984559187,0.35684999999999995,0.3353,4.33,4.183333333333334
6182,75.5792001883189,73.00382653872173,28.997289972899733,27.91327913279133,0.08076172390146116,0.08450704225352108,0.11318274321664261,0.10362663616670405,0.87045,0.8268266666666667,1.6333333333333335,1.6633333333333333
6193,94.88821824391682,96.22103174527486,51.74693106704438,55.4296506137866,0.0193236714975845,0.014432029738396001,0.0339211480141535,0.03522519700787607,0.785,0.82898,2.32,3.1933333333333334
6194,78.01472942034404,76.58569415410359,40.47619047619048,39.285714285714285,0.009233930286561798,0.0011742511742511333,0.1220957799905168,0.08527758527758526,0.9663200000000001,0.96545,0.4666666666666666,0.47333333333333333
6204,93.06860566139221,93.48315397898357,37.15415019762846,39.130434782608695,0.0384615384615384,0.034017094017093935,0.0585197044273972,0.044522792022792,0.8220766666666667,0.8274166666666667,1.6966666666666665,1.6166666666666665
6207,92.16534892717998,95.84542711575826,31.340579710144926,37.31884057971015,0.024317807574688304,0.015144204847626434,0.05726453792274477,0.04804407719704007,0.9316599999999999,0.9306933333333333,1.6366666666666667,1.72
6209,95.41902343432109,94.11374131838481,40.35087719298246,40.02599090318388,0.0547945205479452,0.050220561434323734,0.05660602999505877,0.03584125699449047,0.9756666666666667,0.97586,1.33,1.3099999999999998
6212,94.66983079910278,94.36274766921996,43.069873997709045,45.761741122565866,0.013269788323898335,0.017765252228005065,0.0304503817985282,0.030052019115312367,0.6271066666666667,0.7237766666666667,3.936666666666667,3.5366666666666666
6214,82.21539457639058,78.80532741546631,23.91304347826087,30.434782608695656,0.014705882352941102,0.007405828676075834,0.24662176615630552,0.14827602538599977,0.3017533333333333,0.26986333333333334,4.246666666666667,4.18
6231,91.08498096466064,94.1827654838562,40.45138888888889,42.53472222222222,0.013997760358342598,0.0006933512216144667,0.0647672617591913,0.0238946502859059,0.9469533333333334,0.9717066666666666,1.26,1.1666666666666667
6264,79.8706849416097,58.46650004386902,33.07017543859649,36.8421052631579,0.028012553905465132,0.02812687413413363,0.07198282596984913,0.10287925927671841,0.7720333333333333,0.37446333333333337,3.4,5.88
6273,66.34397705396016,64.29158051808675,18.27956989247312,28.49462365591398,0.05000000000000001,0.03897996357012747,0.12913508431752743,0.09883173167514599,0.5330866666666667,0.5498,2.5866666666666664,3.2733333333333334
6310,94.14280652999878,91.71433448791504,37.45704467353952,41.92439862542955,0.0353982300884955,0.02669722138748683,0.08716272901951229,0.05709112788758803,0.8297466666666667,0.8297833333333333,1.2766666666666666,1.5133333333333334
6322,51.852976282437645,52.592600385348,25.064599483204134,32.29974160206718,0.0642196464114272,0.042621124812905566,0.0180534317881109,0.041992994047788536,0.5267000000000001,0.5567633333333334,4.006666666666667,4.003333333333334
6324,79.7463337580363,79.51707641283672,29.044834307992204,31.968810916179336,0.0272727272727272,0.0186520376175548,0.017322214157673464,0.017293625914315533,0.8416966666666666,0.80709,1.99,2.43
6335,93.22170217831929,92.45910843213399,44.134727061556326,45.29616724738676,0.04304619306887903,0.0346267898873948,0.021678837899346035,0.0063913959848345,0.9754266666666668,0.9737466666666666,1.1033333333333333,1.0933333333333335
6355,92.80094703038533,92.93521444002788,44.883720930232556,45.65891472868217,0.025641025641025595,0.025641025641025595,0.035284960915212965,0.041164018430953166,0.8991433333333333,0.8977933333333333,2.0533333333333332,1.7299999999999998
6380,95.55150469144185,94.83508467674255,49.76851851851851,46.52777777777778,0.051114081996434906,0.047400057747329104,0.069705457940752,0.06630180854135494,0.9383033333333334,0.93938,1.4266666666666667,1.2366666666666666
6388,97.18411763509114,97.00236121813457,54.317789291882555,52.59067357512953,0.0285714285714285,0.021245178278700334,0.08406144630339112,0.10115599827830042,0.98563,0.9900466666666666,0.6066666666666666,0.7000000000000001
6394,72.07282185554504,60.522520542144775,31.638418079096045,33.898305084745765,0.0808429118773946,0.073264379298862,0.14379347072108126,0.0917023589437382,0.38344333333333336,0.2890733333333333,3.983333333333333,5.2700000000000005
6413,90.38527210553487,88.91440232594807,43.1129476584022,44.62809917355372,0.005089355089355033,0.00018256374222624635,0.031202929242144902,0.028773385000785464,0.9468133333333334,0.9419133333333333,1.5066666666666666,1.47
6422,92.0697033405304,92.72023439407349,42.5614489003881,45.924967658473484,0.0320391461292152,0.03198861661564074,0.06553064212115543,0.04148134603250417,0.9681033333333334,0.9716366666666666,1.6733333333333331,1.7666666666666666
6431,81.48890137672424,89.25743699073792,16.84334511189635,22.143698468786805,0.010600706713780902,0.0070629610137917,0.15413969744598469,0.28841189885472274,0.68161,0.62996,4.166666666666667,4.14
6442,95.9820290406545,96.0687796274821,42.05267938237966,43.96003633060854,0.014470525048416734,0.016309126857336334,0.09579095081430457,0.05167634761854043,0.9764533333333333,0.9756666666666667,1.1233333333333333,1.1733333333333333
6468,82.6115091641744,85.10572115580241,28.34067547723936,36.41703377386197,0.0384615384615384,0.030959610428884166,0.10017505970852826,0.06101697547228274,0.5505233333333334,0.56534,2.506666666666667,2.5866666666666664
6473,86.1277441183726,83.79241228103638,40.818363273453095,38.82235528942116,0.0341149047031399,0.0358974358974358,0.09836766071784664,0.0774844871215334,0.7149433333333333,0.6735333333333333,3.356666666666667,2.6033333333333335
6474,91.06327891349792,89.75793917973836,46.60894660894661,46.32034632034632,0.033778470689447095,0.03090887357308957,0.044584291926021896,0.037397613269136466,0.5862833333333333,0.5804166666666667,1.1766666666666667,1.7666666666666666
6482,57.63352711995443,61.67052189509074,13.777777777777779,20.88888888888889,0.0303030303030303,0.016332832303438464,0.17225368438483188,0.22584967866045633,0.44369,0.4108366666666667,3.3200000000000003,2.78
6488,93.60990325609843,92.33104189236958,39.699381078691424,42.08664898320071,0.0166666666666666,0.014794007490636633,0.17816720879653372,0.1154254855848793,0.8950333333333335,0.9331166666666667,1.4100000000000001,1.9600000000000002
6506,94.27583018938701,90.36784966786702,39.55823293172691,41.16465863453815,0.021739130434782605,0.011705460401112566,0.05732314625882953,0.05268335529205087,0.9325199999999999,0.9100166666666666,1.55,1.9833333333333334
6514,96.69828017552693,96.83595895767212,52.53623188405797,54.34782608695652,0.010466141001447868,0.0042447727700287005,0.10044472338461931,0.08445100647692765,0.9883133333333333,0.9891666666666667,0.9633333333333334,0.9
6520,75.82245071729024,67.48345494270325,23.274853801169588,25.964912280701753,0.03462258953168043,0.0347080103359173,0.16836000952165633,0.1404445349862878,0.44530000000000003,0.30282333333333333,4.27,5.093333333333333
6525,87.59722510973613,85.92570026715596,36.86333837619768,40.19162884518406,0.0077103420766022,0.007618848381579534,0.16468608482885247,0.10874655526402498,0.8182366666666666,0.8162866666666666,2.263333333333333,2.3800000000000003
6539,95.01658479372661,94.78137691815694,46.72652450430227,50.16835016835017,0.014012054090252468,0.014036415699451901,0.12241276214328684,0.055381166906282364,0.9128599999999999,0.9184733333333334,1.91,1.7133333333333336
6553,88.10171882311504,87.13677922884624,38.42159916926272,42.26375908618899,0.0374331550802139,0.030302722793336,0.15314406545521111,0.04619461878535717,0.8536433333333333,0.8232366666666667,3.0866666666666664,3.233333333333333
6562,92.18371311823527,83.54038000106812,13.333333333333334,54.857142857142854,0.0228571428571428,0.016877825361855902,0.09896004378762994,0.082656399930354,0.5426733333333333,0.58119,3.223333333333333,3.9800000000000004
6591,92.87570714950562,94.82465187708537,45.02096436058701,46.0167714884696,0.0288808664259927,0.021922284474969436,0.17492309082368088,0.14997569599433763,0.8532733333333334,0.8768966666666667,1.8566666666666667,2.526666666666667
6612,90.34605622291565,88.8795832792918,52.7363184079602,55.34825870646767,0.0150375939849624,0.009889894610605833,0.03811032598217947,0.078557845153092,0.8831033333333332,0.8943933333333334,2.1566666666666667,1.9766666666666666
6620,62.53072818120321,77.20428109169006,10.091743119266058,15.290519877675841,0.0206185567010309,0.009543058125532333,0.28106826592651335,0.2562641348723823,0.38979333333333327,0.3752066666666667,3.8800000000000003,3.6300000000000003
6629,52.869544426600136,65.9227470556895,18.51851851851852,28.14814814814815,0.0459770114942528,0.03405784944203343,0.1479505466942488,0.1688937129198961,0.33242666666666665,0.3569233333333333,2.2933333333333334,3.0433333333333334
6642,69.38610474268596,73.22234908739726,28.595600676818957,27.58037225042301,0.0313120475538619,0.02562309479769807,0.13784034561063563,0.08647915221205764,0.2716366666666667,0.35514333333333337,4.93,4.926666666666667
6649,61.53981685638428,72.85476326942444,30.03003003003003,27.927927927927925,0.0138888888888888,0.009324465310380734,0.11851851851851847,0.0641114156027163,0.63946,0.7533766666666666,3.0833333333333335,2.296666666666667
6652,84.18887654940288,84.32429234186809,27.462396894711304,31.87772925764192,0.014541554840609601,0.011132026799228098,0.25236945126658444,0.14391094374537225,0.56345,0.5684300000000001,3.5233333333333334,4.1866666666666665
6665,92.06916689872742,91.77043835322063,40.92289010321797,47.60170006071646,0.023461128649049232,0.0202381918027298,0.05108896399353471,0.017511249900763234,0.9065966666666667,0.9011966666666668,2.52,2.4566666666666666
6666,96.74352010091145,95.17783323923747,52.16773276474769,48.969438521677326,0.008250825082508233,0.0018553066717631331,0.008852363068819133,0.007887346022492,0.9817633333333333,0.9607133333333334,0.9199999999999999,0.96
6673,91.40425324440002,90.5909260114034,34.18604651162791,41.240310077519375,0.0049307127666872,0.0010036654596220975,0.1624296669343459,0.1757845061725478,0.44616999999999996,0.4259733333333333,3.7399999999999998,3.36
6676,97.09430734316508,96.53784036636353,50.04668534080299,51.16713352007469,0.0136986301369863,0.006905873545680133,0.03830584534139173,0.017293537035680467,0.98488,0.9868266666666666,0.96,0.8266666666666667
6689,96.94729248682658,95.77096899350484,43.43065693430657,48.54014598540146,0.014829824120243399,0.014647854937970266,0.3601922240653162,0.3282581037725412,0.8913266666666667,0.89749,1.9666666666666668,1.9166666666666667
6723,98.0168879032135,97.8308618068695,58.60215053763441,58.42293906810036,0.0132659708342586,0.012737210895105567,0.14950995632541264,0.1198864654127811,0.9919233333333333,0.9917566666666667,0.4633333333333333,0.4666666666666666
6743,91.74981117248535,90.37792086601257,29.573934837092736,38.095238095238095,0.027777777777777696,0.021915666005710367,0.25881086898036043,0.2060464414047165,0.7569866666666667,0.7801533333333334,2.473333333333333,2.14
6745,73.97109866142273,82.29539791742961,25.225225225225227,30.780780780780777,0.0391061452513966,0.0350890636069264,0.23563349431709704,0.15549271935625505,0.5016833333333334,0.5852066666666667,2.69,2.4166666666666665
6766,94.007807970047,89.02751207351685,32.432432432432435,36.3963963963964,0.0085470085470085,0.003707127071613,0.037697956384030305,0.02691223625803063,0.8173199999999999,0.8154466666666668,1.5733333333333333,1.4366666666666668
6770,93.88110637664795,95.0639804204305,36.886102403343784,41.013584117032394,0.0375,0.0357590592556228,0.06400898778716986,0.04666475404447906,0.6669200000000001,0.5996733333333334,5.22,4.1499999999999995
6803,96.43695553143819,95.78707416852315,48.01081498648126,50.05793742757822,0.0151418798477622,0.010553127864125567,0.007316508408118766,0.0193226485024912,0.9386033333333333,0.9138033333333334,2.52,3.063333333333333
6819,94.43159898122151,94.12695368131001,40.250756593169044,44.01210549070472,0.017525547517942167,0.0143048039979883,0.04975787530753867,0.04356740416035056,0.6469133333333333,0.6797366666666668,2.9233333333333333,3.0033333333333334
6837,54.15930946667989,54.98401721318563,26.55367231638418,27.401129943502827,0.036261989023952335,0.027715332308999367,0.123329001721224,0.0739377004631088,0.4488533333333333,0.43866333333333335,3.466666666666667,3.983333333333333
6849,81.96821212768555,85.2837363878886,30.133333333333336,32.666666666666664,0.0331125827814569,0.025703295991043703,0.21905891622579307,0.13111239269139208,0.7997466666666666,0.8177599999999999,3.033333333333333,2.3800000000000003
6855,93.73288154602051,92.83355275789897,32.03125,38.020833333333336,0.015262204100124568,0.005972497016582533,0.37593925216249363,0.270542440022929,0.75161,0.6815466666666666,2.8966666666666665,2.1966666666666668
6880,97.36069043477376,97.13596701622009,50.9075907590759,53.13531353135314,0.010098685892519268,0.008154717910815434,0.015945377614153433,0.024985826528582833,0.98319,0.9816600000000001,1.0933333333333335,1.08
6895,96.27241889635722,96.02692325909932,41.61616161616161,45.656565656565654,0.05397255025089537,0.0478296903604156,0.10097093489857893,0.06483914792725587,0.9383699999999999,0.9032366666666668,1.3033333333333335,1.67
6898,79.09186283747356,75.71840087572734,47.18875502008032,47.791164658634536,0.0114942528735632,0.007847481881549165,0.02463368577222543,0.047856816794636964,0.9304333333333333,0.9353433333333333,1.6633333333333333,1.3066666666666666
6903,87.50725984573364,88.02111347516377,39.68253968253968,45.23809523809524,0.008433177605516167,0.008432967722723101,0.22136163055201888,0.20759709721801398,0.4315833333333334,0.40441333333333335,2.436666666666667,2.39
6908,95.5924133459727,95.62221765518188,47.37442922374429,52.168949771689505,0.037940379403794,0.0392449191060708,0.048318810155252,0.016865375705672165,0.9648933333333334,0.9661266666666667,1.5633333333333332,1.6366666666666667
6951,88.07548085848491,88.64050110181172,30.730478589420652,32.57766582703611,0.0246478873239436,0.022344729730683632,0.3519286432778217,0.13540515923585666,0.5152233333333333,0.5233766666666667,2.6466666666666665,3.1166666666666667
6953,94.11078890164693,93.37235490481059,47.05075445816187,47.46227709190672,0.0169491525423728,0.011658147251367533,0.15851717479466218,0.20292314590619673,0.9351933333333333,0.9184233333333333,1.5166666666666666,1.64
6954,87.04532583554585,88.61296375592549,38.35425383542538,38.633193863319384,0.05000000000000001,0.0475669099756691,0.025771998038318967,0.0058155724033028995,0.8369099999999999,0.81988,2.276666666666667,2.04
6963,90.71071545283,90.11719624201457,31.39059304703476,34.969325153374236,0.0036562447850469666,0.005143212732976733,0.20387381794227302,0.20149081347315187,0.9231466666666667,0.9181066666666666,1.8,2.1633333333333336
6975,95.53474386533101,92.95982122421265,43.470790378006875,42.78350515463918,0.0384615384615384,0.0384615384615384,0.021821663864884336,0.012795104749767567,0.9391166666666667,0.8692500000000001,1.5933333333333335,1.0633333333333335
6978,96.35951121648152,96.05523149172465,45.49333333333333,47.46666666666667,0.0026934404283801665,0.003253109640284467,0.046099062918339935,0.030337549491314602,0.9814233333333333,0.9778366666666667,1.25,1.3666666666666665
7001,90.04124601682027,87.77017593383789,31.57894736842105,35.545385202135776,0.04082666002644883,0.038787311572798404,0.18567144691226903,0.150107313734684,0.57693,0.56264,2.8733333333333335,3.03
7003,96.74760897954305,96.44136826197307,50.985432733504716,53.29905741216795,0.015151515151515102,0.0074775666975094,0.07117606003506884,0.055835068239648324,0.9922166666666667,0.9937433333333333,0.64,0.5733333333333334
7027,89.39671317736308,89.7038737932841,45.963541666666664,49.479166666666664,0.008130081300813,0.0004956496933389667,0.07343386915194357,0.006989017258593633,0.9027833333333334,0.8813566666666667,2.2566666666666664,1.64
7040,85.33243536949158,90.78112045923869,35.9375,36.28472222222222,0.04555948521465756,0.033839018412521064,0.08430017324045909,0.11736237144585597,0.7465866666666666,0.8394533333333333,2.17,1.7
7044,96.08818491299947,95.29719154040019,56.262042389210016,59.05587668593449,0.0158730158730158,0.010642246642246568,0.0281755145190184,0.04295075295075293,0.9872,0.9851066666666667,0.8099999999999999,0.8933333333333334
7048,97.23579287528992,97.17024366060893,44.24552429667519,46.88832054560955,0.0100292127184368,0.010085126760966033,0.14396779517173172,0.14252597521722452,0.9925099999999999,0.9910266666666666,0.6266666666666666,0.6766666666666667
7050,73.34978580474854,85.33625801404317,40.116279069767444,44.96124031007752,0.0618556701030927,0.05177476660113659,0.0112100200661288,0.049077713849824504,0.8621666666666666,0.8493433333333332,2.0533333333333332,2.0833333333333335
7065,92.8936243057251,90.22992253303528,29.437952142459654,32.60990539788536,0.014753160389070532,0.013030780637942834,0.22101437162574636,0.12554719350704155,0.6639566666666666,0.6634566666666667,3.23,3.47
7070,95.51329016685486,94.82474128405254,47.041123370110334,48.378468739551984,0.0047058823529411,0.0023740797207527334,0.03573588822089894,0.0422070324915684,0.9480833333333333,0.9632366666666666,2.5933333333333333,2.1599999999999997
7071,96.41028642654419,93.5443917910258,37.52012882447665,38.32528180354267,0.0176991150442477,0.011850711812235399,0.0395309181909325,0.021136334487623403,0.84856,0.8621933333333334,1.2866666666666668,1.67
7095,96.68129881223042,96.45641644795735,49.17491749174917,49.66996699669968,0.0263157894736842,0.0263157894736842,0.08003053822238877,0.13383559523188926,0.9925766666666666,0.9900533333333333,0.6366666666666666,0.7600000000000001
7097,78.78124713897705,81.66451652844746,23.497267759562842,24.49908925318761,0.0031250000000000006,0.002106629392971246,0.2735711271883934,0.0782169035091944,0.29923666666666665,0.3400966666666667,3.23,4.533333333333333
7122,94.77881789207458,94.26562190055847,42.65232974910394,42.65232974910395,0.029126213592233,0.022924529041638764,0.0141129325401108,0.029200535616217164,0.8666899999999998,0.8130000000000001,2.1133333333333333,1.67
7133,96.844748655955,96.78721030553181,45.11278195488722,50.06265664160401,0.02682639434406907,0.024291753848355666,0.05299797452366647,0.06339678020648863,0.93969,0.9538633333333334,2.11,1.8233333333333333
7135,92.64648358027141,91.76409244537354,34.01709401709402,42.39316239316239,0.014804660159350135,0.009704448025615866,0.17525367071578835,0.2811993764548509,0.7618466666666667,0.7006033333333334,3.043333333333333,2.15
7150,63.07287613550822,90.32346208890279,30.782312925170064,37.414965986394556,0.0414874490794474,0.04186756876707237,0.07480485196058347,0.027020527625189434,0.5449666666666667,0.9564766666666666,3.6033333333333335,1.1233333333333333
7152,92.62766440709431,94.2843496799469,36.88725490196078,38.60294117647059,0.03272370541657906,0.030252925056050362,0.059111868510294964,0.2641262486520031,0.8770933333333334,0.8640533333333332,1.7700000000000002,1.78
7160,95.0552264849345,95.69510022799174,48.616600790513836,53.359683794466406,0.008130081300813,0.0002307133290490504,0.04785192224216606,0.03263222576574446,0.9831633333333333,0.97849,0.8133333333333334,1.1166666666666667
7168,81.05108141899109,77.80263622601827,52.88461538461539,53.52564102564103,0.0022228240698945333,0.0027912999877609,0.09149087699236656,0.07426358241836337,0.9689800000000001,0.97209,0.7133333333333334,0.6666666666666666
7183,94.51237916946411,91.93230072657268,40.38004750593825,40.53840063341251,0.0247637666992505,0.023090224133867368,0.0495992626757415,0.027884323140490067,0.7662266666666667,0.7529066666666666,3.3633333333333333,3.6533333333333338
7195,86.0846757888794,87.05617984135945,28.27644332069111,31.98482932996207,0.0372486681560405,0.03206200265636657,0.2140260253536391,0.16737981747888117,0.5832533333333333,0.62431,3.68,3.3433333333333333
7197,96.82841300964355,96.21544082959493,42.279942279942276,46.897546897546896,0.0094339622641509,0.0058102289494015,0.12137197646354132,0.10944690731344697,0.9812566666666666,0.97626,0.81,0.9266666666666666
7217,97.18786279360454,96.34772141774495,43.220338983050844,43.78531073446328,0.029695936345552666,0.0443226514785079,0.10379369138959933,0.08960140282939848,0.9767633333333333,0.9837066666666666,0.6266666666666666,0.5266666666666667
7231,86.69423858324687,85.85928082466125,34.78964401294498,39.644012944983814,0.0125786163522012,0.0081484974307365,0.18029498735524296,0.14899148803149545,0.5055200000000001,0.4907566666666667,2.3233333333333333,3.1366666666666667
7245,92.90836254755656,92.99594759941101,47.087378640776706,48.2200647249191,0.0097087378640776,0.010578760441996432,0.018686836913590466,0.06054662265849856,0.9416133333333333,0.94457,1.5333333333333332,1.4799999999999998
7251,97.24256793657939,96.01967136065166,45.34632034632035,48.917748917748916,0.0671641791044776,0.054574743676942566,0.06902456531493553,0.058100372530132095,0.9516399999999999,0.9553733333333333,1.0866666666666667,1.3466666666666667
7264,84.81149673461914,84.5346709092458,19.890510948905106,24.087591240875913,0.019438444924406,0.0165314048433884,0.2663719186128039,0.09060272508196139,0.35705666666666663,0.39437666666666665,5.09,4.773333333333333
7266,81.81353012720744,77.28203336397807,34.12698412698413,39.41798941798941,0.030636732304862167,0.04114031486522023,0.10694845102219987,0.041667789982773096,0.8079000000000001,0.7636833333333333,2.066666666666667,2.3633333333333333
7271,62.33101884524027,66.69922669728597,25.610948191593355,29.227761485826004,0.028,0.02659353023909983,0.1749302134646962,0.11187098271895042,0.32858666666666664,0.4341266666666666,5.696666666666666,4.31
7278,71.67668143908183,84.52390631039937,13.034825870646765,20.199004975124378,0.0303030303030303,0.0303030303030303,0.45218380252504703,0.10714457773281301,0.15213333333333334,0.18479666666666664,5.96,7.686666666666667
7281,91.37845436731975,91.93658828735352,51.14155251141553,49.61948249619483,0.0068965517241379,6.25625625625377e-05,0.11849978547579543,0.06191708950329639,0.9779766666666667,0.98249,1.36,1.1533333333333333
7285,71.986057360967,76.43973628679912,34.89096573208723,34.57943925233644,0.074074074074074,0.06156886248349657,0.0245823211013084,0.044508720728232865,0.66091,0.6435933333333334,1.7966666666666666,1.8766666666666667
7290,92.98290610313416,95.37266492843628,37.0919881305638,41.839762611275965,0.0145631067961165,0.009785720419719167,0.1374420819585794,0.09678325160711189,0.8654166666666666,0.8919666666666667,2.28,2.393333333333333
7362,97.04012672106425,97.17445373535156,48.35680751173709,50.35211267605633,0.026654504915374466,0.022023521214877467,0.013812312916721935,0.03762444553331346,0.93186,0.9469766666666667,1.7266666666666666,1.6733333333333331
7373,97.72728284200032,97.12256789207458,48.5632183908046,51.72413793103448,0.04201474201474197,0.03283991525581734,0.04414380941860999,0.03133155396152334,0.9902966666666666,0.9786966666666667,0.58,0.87
7420,74.24844900767009,75.18412272135417,24.113475177304963,30.78014184397163,0.027932960893854702,0.024158772504281698,0.1855221154202277,0.16096872383937266,0.41811,0.47092,4.516666666666667,4.39
7444,92.95920729637146,91.69848163922627,40.02599090318389,42.23521767381416,0.021160542092705736,0.021305703008030464,0.0687351536265354,0.0208221950002268,0.9184366666666667,0.8844633333333333,2.5833333333333335,2.9333333333333336
7463,85.52079598108928,83.75366528828938,40.34063260340633,43.64963503649634,0.012381465732367066,0.006788064886701267,0.1311230087417426,0.07202294752951047,0.9153133333333333,0.8927499999999999,2.4866666666666664,2.5633333333333335
7467,91.05429649353027,90.41248162587483,33.47437705688764,37.56464503996239,0.021217072687660866,0.020420732891079565,0.0565691249905515,0.049025862105055135,0.5676166666666668,0.5188733333333334,5.403333333333333,4.466666666666667
7468,95.29496630032857,94.0605918566386,46.52482269503546,50.354609929078016,0.026666666666666634,0.020279916880576867,0.11014913657770797,0.06208776433198874,0.9697399999999999,0.9652099999999999,1.2233333333333334,1.3866666666666667
7484,82.73599743843079,83.66358280181886,44.07158836689038,41.38702460850112,0.027977467736503864,0.0160000681606967,0.03786594750450167,0.03859992685832927,0.8103566666666667,0.8790100000000001,1.663333333333333,1.53
7492,90.03249009450276,91.33500854174297,35.307388606881,38.2966723068246,0.012357302711054568,0.010344151215661866,0.26173226182449166,0.21545004374327495,0.7228933333333334,0.7527933333333333,2.9599999999999995,2.5733333333333333
7524,82.62295524279277,84.02322133382161,24.566088117489983,26.83578104138852,0.015779092702169602,0.012314638194593669,0.3001357128848622,0.14213464542019763,0.25688666666666665,0.2971266666666667,6.57,6.583333333333333
7533,86.49706840515137,83.27813943227132,39.16083916083916,42.89044289044289,0.00023212358714126666,0.0002338646127252,0.03603055785921106,0.031711533084216634,0.77958,0.8141533333333334,1.7666666666666666,1.6900000000000002
7535,91.37925505638123,91.04807376861572,45.20348837209303,46.12403100775194,0.025830258302583,0.020900826159616498,0.037561528672847296,0.01801543585495337,0.9548,0.9526,1.7033333333333331,1.8699999999999999
7537,92.88657704989116,90.42715628941853,45.945945945945944,49.549549549549546,0.0,0.0030581039755351665,0.03770471151423527,0.039146642757090865,0.8477366666666666,0.8819233333333334,1.5633333333333332,2.436666666666667
7601,87.58350213368733,86.33278012275696,33.333333333333336,35.80786026200874,0.02,0.0135333376589202,0.0900297707680347,0.03866791748221997,0.6644633333333333,0.7080099999999999,3.4066666666666663,2.7266666666666666
7604,89.29442365964253,87.97348936398824,32.304173813607775,34.248141795311604,0.038764266036993233,0.037916011530398266,0.2204561093695178,0.16729933252250695,0.5231633333333333,0.5358366666666666,3.2466666666666666,3.35
7617,39.91423348585764,53.12727689743042,49.47683109118086,47.30941704035874,0.029487491643588465,0.0194083120514759,0.03268683094314153,0.0279683364007742,0.2539766666666667,0.44756,7.073333333333333,5.489999999999999
7636,74.63088234265645,67.57442553838094,19.230769230769237,25.641025641025646,0.0813953488372093,0.0682637388792696,0.04433411723717443,0.10786841827510453,0.6749199999999999,0.5321833333333333,3.1,2.466666666666667
7642,94.23566063245137,92.97852714856465,47.03196347031963,48.85844748858448,0.0114285714285714,0.005499392543042767,0.04052931517434553,0.08228147156534721,0.7093366666666666,0.7639566666666667,2.893333333333333,2.9766666666666666
7663,95.2406922976176,94.6216603120168,47.292724196277504,49.830795262267344,0.022108662966690566,0.020227018895187635,0.0889311959750132,0.09170447647561127,0.9311233333333333,0.9198466666666668,1.7166666666666668,1.2
7675,96.80950442949931,96.96578582127889,53.22061191626409,52.818035426731086,0.0084520871480508,0.0062409032644614665,0.005809297686115233,0.05963853473931907,0.9893333333333333,0.9890333333333333,0.8366666666666666,0.9400000000000001
7697,86.51638627052307,75.33549269040425,27.272727272727277,27.474747474747474,0.0300751879699248,0.02754993544467227,0.1325499489341654,0.08568737294257485,0.5124,0.5307866666666666,2.41,2.5833333333333335
7699,89.55709934234619,89.98124996821086,30.823293172690764,40.16064257028112,0.022727272727272697,0.0201322567734781,0.09674809965507636,0.060713447163828836,0.45500999999999997,0.4316233333333333,4.253333333333333,4.713333333333334
7703,66.82602167129517,75.61012109120686,38.061465721040186,41.607565011820334,0.0003293807641633333,0.004413578975135367,0.09057971014492745,0.07901541653415713,0.80831,0.8530233333333334,2.313333333333333,2.06
7718,91.25347932179768,88.3275290330251,43.790849673202615,48.627450980392155,0.010703907964181867,0.006360756562206933,0.09415291685599685,0.03209777061509533,0.6175466666666667,0.6489333333333334,1.7666666666666666,2.65
7744,96.751073996226,96.65349125862123,49.746707193515704,52.78622087132726,0.0220588235294117,0.0220588235294117,0.020409710152270433,0.03057791420088597,0.9887933333333333,0.98832,0.7600000000000001,0.7666666666666666
7756,93.35958162943523,93.24401617050171,41.61220043572985,42.26579520697168,0.0342526247698661,0.03447870689022087,0.13225854605164947,0.12214346671123566,0.9633333333333334,0.9497733333333334,0.9633333333333333,1.1033333333333333
7762,85.87212562561035,83.5470974445343,16.86429512516469,21.805006587615285,0.024941422466954435,0.022006372734685965,0.333023434886307,0.18940686748683933,0.23673333333333332,0.24542666666666665,5.669999999999999,5.763333333333333
7764,86.19707822799683,87.06551194190979,11.913357400722022,20.818291215403125,0.0179026644583692,0.0180374297043579,0.23530875881644076,0.1842084952491482,0.5101166666666667,0.5057033333333334,4.873333333333333,3.9133333333333336
7770,91.44865870475769,90.57035247484843,42.16954022988506,43.318965517241374,0.0236220472440944,0.019545720785430567,0.21732660607641074,0.11700089247173028,0.7433666666666667,0.74239,2.143333333333333,1.9033333333333333
7778,88.46944173177083,83.68621667226155,28.88888888888889,31.873015873015873,0.021049516871243835,0.018181683012255565,0.23951990681444513,0.17928502869853288,0.6883433333333334,0.68948,3.4966666666666666,3.35
7809,89.10314043362935,86.93496187527974,41.28352490421456,43.72605363984675,0.002254405015946167,3.6521342159324316e-05,0.16744864421589614,0.17546050900703927,0.60949,0.5488433333333333,2.28,4.743333333333333
7820,66.44112467765808,76.72877113024394,7.759699624530664,15.853149770546517,0.014756847749270134,0.014178912379784199,0.4473975990106567,0.10582248038652993,0.15089,0.1737466666666667,8.026666666666666,8.353333333333333
7826,89.85162377357483,84.3391756216685,23.12556458897922,25.925925925925924,0.0254919021233075,0.0215959487839741,0.1318132623625136,0.09971831152366424,0.6164733333333333,0.6330866666666667,3.23,3.3800000000000003
7836,88.88567884763081,89.79190389315288,33.8235294117647,38.72549019607843,0.0351758793969849,0.03351750460428173,0.07641701695761734,0.0118911777954542,0.6218666666666667,0.6555966666666667,4.263333333333333,4.39
7869,88.28035791714986,84.41010316212972,20.26143790849673,24.618736383442265,0.045112781954887195,0.03998457682668207,0.18980680703255662,0.20786269973576474,0.61218,0.57449,2.4433333333333334,2.0866666666666664
7881,77.54599650700887,67.17930634816487,43.36283185840708,46.60766961651917,0.021446078431372532,0.0157001563251563,0.17647058823529407,0.23693031505531503,0.9126099999999999,0.9324933333333334,1.2766666666666666,1.0333333333333334
7889,96.9137688477834,96.66449626286824,46.68411867364747,47.90575916230367,0.0246913580246913,0.01830797349840173,0.05159544159544153,0.018008187983193966,0.9799833333333333,0.97471,1.02,1.1733333333333333
7919,94.80854272842407,94.29193139076233,47.661338069863824,51.39135583185316,0.016260162601626,0.0120904967223582,0.04144219402469047,0.03157581329455437,0.87759,0.6795366666666668,2.766666666666667,3.703333333333333
7921,71.75728678703308,69.92089947064717,29.0,34.666666666666664,0.005682709851858134,0.0104017826767367,0.1047420516747497,0.08750935565081304,0.5704133333333333,0.8289300000000001,3.5100000000000002,1.9566666666666668
7963,97.29067881902058,97.29109009106953,49.81017463933182,52.923310554290055,0.0109289617486338,0.0036613786745991334,0.036596067658893096,0.03543935059006443,0.98727,0.9839600000000001,0.87,0.9733333333333333
7970,54.873050252596535,49.23935433228811,25.362318840579707,28.623188405797098,0.034432234432234365,0.029911442637199734,0.11015965166908558,0.06075334316512417,0.32563333333333333,0.4149433333333333,3.873333333333333,3.5400000000000005
7978,73.79987835884094,80.37658333778381,25.416666666666668,28.75,0.063063063063063,0.05499423246458817,0.05868997710581867,0.015333011775699434,0.47689999999999994,0.39992333333333335,3.6,3.0933333333333333
8004,96.132892370224,95.41077812512715,44.98381877022653,50.05393743257821,0.005012814714307166,0.0051358652763694,0.12630475075602376,0.09199349092549601,0.97903,0.96866,1.0366666666666666,1.3699999999999999
8013,92.67957806587219,92.42117007573445,44.95960660344222,47.48858447488585,0.010213285768667034,0.007561475085658,0.10204896353384474,0.08263074905276839,0.7530800000000001,0.7785633333333334,4.8,4.426666666666667
8031,52.88934409618378,48.22412629922231,12.312312312312313,14.114114114114114,0.009750009750009668,0.0147429545019906,0.029493779493779432,0.13860550426815485,0.3178266666666667,0.31897333333333333,4.116666666666666,4.933333333333334
8052,87.29608058929443,85.04890998204549,23.386484434320426,25.74031890660592,0.008240690539099134,0.0062396276754627,0.25131729363408933,0.15612353418763095,0.37098666666666663,0.33643666666666666,5.29,5.91
8074,97.20314145088196,96.95770144462585,51.879699248120296,52.046783625730995,0.0220588235294117,0.019791249833266567,0.05212025623556223,0.06403923071576044,0.99471,0.9936133333333333,0.5266666666666667,0.58
8080,57.550821701685585,71.63994411627452,43.65079365079365,57.142857142857146,0.0344827586206896,0.0304177179702831,0.07185373162384649,0.2242609407093367,0.4777766666666667,0.41114,3.813333333333334,2.5533333333333332
8098,80.08601665496826,79.66339588165283,41.228070175438596,41.666666666666664,0.04720851930154246,0.04770625023405603,0.061138516952470356,0.0421076283563644,0.98278,0.9813733333333333,0.43,0.44
8101,95.09111046791077,95.06033261617024,50.641025641025635,53.68589743589744,0.018576661433804233,0.011588237031785367,0.08634785104826183,0.05483152152506987,0.97336,0.9760399999999999,1.0666666666666667,0.9966666666666667
8135,90.92771609624226,94.95579600334167,44.49838187702266,48.2200647249191,0.0007486545158849334,0.0036933195510386665,0.12230221103890326,0.057634842372628066,0.9411066666666666,0.96253,1.3166666666666667,1.3166666666666667
8142,93.81738901138306,94.02165810267131,34.515890613451596,37.6940133037694,0.0323624595469255,0.029024430964597267,0.08544570001813102,0.07742662889954244,0.65061,0.6356833333333333,3.5833333333333335,3.7266666666666666
8183,88.3600652217865,88.96145621935527,42.51207729468599,44.59308807134894,0.022711084852719266,0.02019727499436867,0.04705054083755824,0.0159281003018686,0.9106633333333334,0.87762,3.15,3.733333333333333
8221,89.2370065053304,87.69598007202148,44.625850340136054,46.73469387755102,0.0001403258649635,0.00013882746250067397,0.09086563869172559,0.09158796727338803,0.97287,0.9581666666666666,1.4799999999999998,1.8966666666666665
8223,69.327312707901,78.10545365015666,30.89430894308943,38.21138211382114,0.028013754045307437,0.019942880335788334,0.14065175173878355,0.1378707333491724,0.4932366666666667,0.45709,3.5366666666666666,3.2133333333333334
8254,95.73771754900615,94.68218882878621,44.92753623188406,46.52173913043478,0.0203138737072989,0.011683782166301166,0.161358774958987,0.1121601137081013,0.8878766666666666,0.8751899999999999,1.3233333333333333,1.1633333333333333
8264,96.01741035779317,95.26189764340718,44.53057708871662,49.09560723514212,0.0413304242200187,0.039556737553531264,0.02480022200891167,0.019236904901569936,0.97964,0.9794633333333334,1.1833333333333333,1.12
8331,95.48630714416504,93.1979238986969,43.17180616740088,48.458149779735685,0.030534351145038097,0.022816889552124534,0.055823057349774906,0.05558017180355467,0.7408466666666667,0.6713666666666667,2.9633333333333334,3.4
8352,67.30303764343262,67.8938349088033,29.201101928374655,31.955922865013775,0.02742190242190237,0.027871148459383734,0.07006698256698253,0.059208831211809566,0.7688866666666666,0.6430566666666667,2.34,2.67
8362,54.62873081366221,56.154547135035195,27.490421455938698,28.448275862068968,0.0288467838536635,0.020087037710955834,0.09695765304516575,0.11708555744747713,0.51263,0.5541766666666667,4.886666666666667,4.37
8392,60.530489683151245,67.01229413350423,20.883534136546185,19.277108433734938,0.009845929142916201,0.0011842095348813,0.4204923774507705,0.3614077470138788,0.5838166666666668,0.54134,3.3699999999999997,2.8166666666666664
8394,92.78773268063863,91.32284919420879,44.397463002114165,45.31360112755462,0.0205128205128205,0.0143909079176441,0.021300652710849768,0.05217514420729017,0.9550000000000001,0.9188766666666667,1.4033333333333333,1.83
8419,96.56142989794414,96.25205198923747,45.24590163934426,46.885245901639344,0.0074626865671641,0.002515727586562833,0.12622893630738038,0.11839818094423564,0.9760966666666667,0.9663133333333334,1.2466666666666668,1.4266666666666667
8426,97.10623025894165,96.56451344490051,52.4904214559387,52.87356321839081,0.0131578947368421,0.00011695906432746667,0.07435447593342327,0.07076023391812863,0.9883366666666666,0.9873500000000001,0.5433333333333333,0.5733333333333334
8438,93.97764205932617,90.81795414288838,46.90058479532164,49.941520467836256,0.006742044057480234,6.108434443450097e-05,0.0754362416107382,0.0324747152227155,0.90278,0.8851399999999999,1.3499999999999999,1.97
8440,79.71392671267192,82.52667387326558,40.869565217391305,44.05797101449275,0.0410958904109589,0.026223691531407068,0.18326779158746165,0.0955002206361996,0.8839,0.8857766666666667,1.3766666666666667,1.3466666666666667
8478,82.97069072723389,84.16214783986409,34.192439862542955,39.34707903780069,0.0397350993377483,0.0331297223550436,0.2151246834811801,0.16786414625587617,0.37276,0.3818333333333333,2.32,2.9599999999999995
8508,93.56844822565715,93.55055888493855,49.929478138222855,50.77574047954866,0.008971978118904001,0.007807190545845132,0.034367015558306735,0.010562666976358867,0.8523533333333333,0.7325033333333333,3.86,4.433333333333334
8511,93.43096415201823,90.26872515678406,34.96432212028542,38.328236493374106,0.011231010036970033,0.011152160360995367,0.136221459735786,0.11733750661326851,0.9521566666666667,0.9259033333333333,1.6333333333333335,2.1933333333333334
8516,95.6545352935791,96.48847381273906,46.50856389986825,51.25164690382081,0.0327868852459016,0.022176102218779997,0.06603968668340233,0.05043937258867223,0.9319433333333333,0.97988,1.6133333333333333,0.88
8546,96.24184370040894,96.44711812337239,53.66795366795367,56.88545688545688,0.009090909090909,0.009090909090909,0.10842129568544656,0.08503016682851006,0.9921700000000001,0.98996,0.5566666666666666,0.62
8564,97.47271140416463,97.16473023096721,55.30864197530864,53.58024691358025,0.029831932773109197,0.024791945763812735,0.08369078974873523,0.0330938172370397,0.9882966666666667,0.9842766666666667,0.5633333333333334,0.58
8588,73.84389837582906,78.08450659116109,25.128205128205128,30.76923076923077,0.016025641025641,0.0131270903010033,0.09594959778783303,0.1275286307895003,0.5084433333333332,0.6064533333333334,3.7266666666666666,3.0833333333333335
8597,70.06843090057373,70.3909158706665,19.133574007220215,21.66064981949459,0.03146004715997907,0.0302384113739585,0.26731709729300096,0.18980981779982917,0.41735666666666665,0.3019,5.71,6.783333333333334
8632,93.91874074935913,94.90075906117757,45.87020648967552,48.266961651917406,0.0185185185185185,0.016214264688681035,0.09666157699612299,0.03336425507496483,0.8983433333333334,0.90742,2.2433333333333336,2.143333333333333
8659,96.28747304280598,95.82680662473042,43.01994301994302,46.15384615384615,0.010826892405839767,0.006244503894879801,0.15725032010243276,0.1056668199525342,0.9839233333333333,0.9913766666666667,0.8933333333333332,0.6366666666666666
8664,48.572421073913574,49.80899393558502,28.333333333333332,30.555555555555554,0.0101010101010101,0.0038399871733204665,0.0213967633322471,0.0393331156328098,0.5004633333333334,0.44280333333333327,4.06,5.1466666666666665
8665,91.97114706039429,95.02724409103394,42.72030651340996,47.12643678160919,0.0222222222222222,0.011181701643917302,0.07192661360562233,0.027795768808241233,0.9509,0.9650066666666667,1.1866666666666665,1.0199999999999998
8669,92.24581122398376,51.94870432217916,34.28232502965599,34.99406880189798,0.014427350427350332,0.010772061008394666,0.024004043745979167,0.033976344847695635,0.9528333333333333,0.4544333333333333,1.5666666666666667,4.823333333333333
8694,91.53494834899902,90.18631776173909,41.53378891419894,41.230068337129836,0.019941148755358233,0.021468402997935204,0.11086593106484433,0.11911908789356061,0.94834,0.9336533333333333,1.3133333333333332,1.3499999999999999
8695,89.05252615610759,85.9352986017863,40.888888888888886,41.96825396825397,0.014043603671765935,0.0163398692810457,0.1473764558685938,0.07967391452858687,0.7637366666666666,0.7729133333333333,3.3633333333333333,3.2433333333333336
8698,93.93691023190816,93.48676800727844,45.51282051282052,47.94871794871795,0.0081967213114754,0.00032140340063283333,0.12297022999781741,0.12410534176937373,0.8952533333333333,0.88896,1.67,1.8133333333333332
8700,93.1628664334615,92.13934342066447,50.41586692258477,50.223928342930265,0.0082304526748971,0.004086222368666699,0.02579675287556747,0.024478822828757536,0.7852066666666667,0.8746733333333333,3.0866666666666664,2.66
8736,84.04338955879211,85.1021945476532,40.87481146304676,44.94720965309201,0.007516259048211134,0.013292662181880568,0.03376712889406203,0.039764346248122105,0.4827266666666667,0.49223,3.03,3.4466666666666668
8741,94.20785307884216,94.22577420870464,42.34800838574424,43.81551362683439,0.0384615384615384,0.03250384285188173,0.06501857712948947,0.012087268805910703,0.8455033333333333,0.86739,3.0966666666666662,2.7399999999999998
8744,93.28810771306355,92.31271942456563,48.826291079812215,51.54929577464788,0.04527186761229313,0.045270916134225465,0.06632027163942054,0.04609573221387989,0.98277,0.9715766666666666,0.9133333333333334,1.2300000000000002
8766,94.27061676979065,92.77725021044414,41.98830409356725,44.561403508771924,0.0198675496688741,0.0131835731863481,0.06483804869566454,0.0614362245548375,0.8566833333333334,0.82302,2.1733333333333333,2.0700000000000003
8779,65.34538865089417,75.42201479276021,15.463917525773192,19.931271477663234,0.0352941176470588,0.023770569294546632,0.13010265700483087,0.09966347519406193,0.50559,0.5166166666666667,2.183333333333333,2.5666666666666664
8789,96.19454344113667,95.32184203465779,48.73015873015873,52.85714285714286,0.026993207656823167,0.0270168796332705,0.15631878609567393,0.13603852558739052,0.9777300000000001,0.9773299999999999,0.84,0.8533333333333334
8797,89.92760578791301,88.15038601557414,38.658777120315584,42.01183431952663,0.0564861844778545,0.053269056518291925,0.15431216714250393,0.06487346892545666,0.7761399999999999,0.7806933333333334,1.9033333333333333,1.75
8798,95.1858917872111,95.9104835987091,43.306169965075675,46.13892122623205,0.007663230112227166,0.007629466765720967,0.10820289288209367,0.0504224549523978,0.9204666666666667,0.93405,2.2033333333333336,1.9666666666666668
8801,59.36846534411112,64.96421496073405,31.818181818181817,31.818181818181813,0.0121951219512195,0.00031414936563983336,0.055145142797581766,0.1329464473095909,0.5496833333333333,0.50939,2.1966666666666668,2.046666666666667
8814,81.68591459592183,82.44798183441162,44.607843137254896,47.79411764705882,0.0203510671901087,0.011742055624547568,0.03586974449102046,0.05329001358054273,0.89739,0.89032,1.5999999999999999,1.4033333333333333
8834,81.79988265037537,80.4597516854604,30.21978021978022,39.743589743589745,0.0122519695335229,0.009413223229012667,0.0449910614112983,0.05122046569414987,0.81271,0.7635566666666667,2.64,2.73
8835,80.20584384600322,78.60390742619832,38.44444444444444,41.77777777777777,0.0396039603960396,0.03316138336522723,0.0966298552932216,0.0726784443150197,0.70942,0.7237833333333333,1.8066666666666666,1.7300000000000002
8871,81.04589382807414,94.62990363438924,51.42118863049095,53.48837209302326,0.054650987486808335,0.044773902324385134,0.06912822155979766,0.030096841993242304,0.9521033333333332,0.9677766666666666,1.0533333333333335,0.9633333333333333
8873,90.93927542368571,91.16035103797913,45.81072935503315,50.03013863773358,0.0043478260869565,0.0029112636664123935,0.22695164030672088,0.18486016254894977,0.9260233333333333,0.94713,1.87,1.8033333333333335
8905,70.77314853668213,81.33398294448853,9.165302782324058,18.49427168576105,0.0212765957446808,0.020731042007637698,0.4111441067150173,0.04255319148936167,0.12254,0.14082666666666666,6.933333333333334,7.373333333333334
8910,90.63063065210979,88.61721356709798,37.93584379358438,41.14365411436541,0.0212765957446808,0.014074562884753233,0.047297753680732364,0.015904047944921333,0.7162000000000001,0.48538,3.26,3.1733333333333333
8930,93.27359596888225,93.11311642328899,39.1378139850645,42.43041412084182,0.029500244045698534,0.028859262308286865,0.12251242026785064,0.09249269962936933,0.9141400000000001,0.8997,2.5033333333333334,2.5933333333333333
8942,88.81671229998271,86.5717629591624,47.302904564315355,53.80359612724758,0.009320246243919167,0.005243993053987567,0.17362329170157467,0.1581773696288481,0.6025266666666668,0.5812333333333334,2.8833333333333333,2.6966666666666668
8944,64.43162163098653,58.34890007972717,37.254901960784316,54.34173669467787,0.0309278350515463,0.01985296895674547,0.12267011214792474,0.1774626500919411,0.5065933333333333,0.46867,3.073333333333333,3.1733333333333333
8956,95.81802288691203,95.33413052558899,40.57971014492754,44.492753623188406,0.0136310805729326,0.006862716661711566,0.0450615902497157,0.0405488067009962,0.9742733333333332,0.9816400000000001,1.3733333333333333,1.0766666666666667
8961,94.94312008221944,94.71922516822815,43.13022700119475,43.84707287933094,0.0165442095266656,0.0169949213427474,0.03081421502474127,0.012684256162517,0.9840566666666666,0.97688,0.7933333333333333,1.0666666666666667
8964,80.51514228185017,79.10109162330627,32.93413173652694,36.52694610778443,0.054955470629451796,0.04993739689868393,0.05646457339247304,0.07183319162736411,0.5494366666666667,0.64346,2.4766666666666666,2.98
8984,96.0559884707133,96.55328790346782,39.02728351126928,44.009489916963226,0.046889251439291235,0.044384595233797064,0.0336522723122335,0.04192385715572653,0.9819966666666667,0.9793733333333333,0.86,0.96
8988,94.89302436510722,94.9569821357727,41.623488773747845,44.732297063903275,0.00014038975825344784,5.9514137539999524e-05,0.010996284937353032,0.02737499071106057,0.84877,0.84165,3.0566666666666666,3.223333333333333
9041,76.61476135253906,75.95651348431905,53.77358490566038,50.943396226415096,0.0514883664418929,0.05082518643031413,0.011327350939160666,0.06915906717202433,0.9546166666666668,0.9692933333333333,1.0733333333333333,0.73
9063,49.493740995725,54.866477847099304,21.21212121212121,39.090909090909086,0.022471910112359505,0.013978996556154802,0.42279314901535453,0.2381813544212362,0.3269033333333333,0.35864,4.84,4.136666666666667
9070,77.75783737500508,88.32891980806987,14.285714285714286,20.000000000000004,0.0196078431372549,0.0096964838128099,0.2364620673444202,0.16199110857980017,0.5660233333333333,0.5116233333333334,3.266666666666667,2.6566666666666667
9092,97.17640280723572,97.0052679379781,49.321266968325794,54.751131221719454,0.05440615482706313,0.05438101102362377,0.018620196371858532,0.027029437902004835,0.9948266666666666,0.9930966666666666,0.5533333333333333,0.64
9106,91.62643154462178,91.5264368057251,42.59927797833936,42.71961492178099,0.0439670986448902,0.036720721833296,0.055004469958285,0.033523980065710064,0.94738,0.9481566666666668,1.6600000000000001,1.5733333333333333
9130,93.42789848645528,94.03753678003947,34.59119496855346,40.25157232704402,0.0303030303030303,0.02379757206489877,0.07179292929292923,0.14619358089655118,0.9268633333333334,0.85006,1.4666666666666668,1.5999999999999999
9139,79.16537920633952,82.17814366022746,35.80246913580247,42.857142857142854,0.018787607367599032,0.010103362319717634,0.07300492478027205,0.021320530701755065,0.67386,0.7573866666666667,2.5633333333333335,3.116666666666667
9141,64.62180813153584,81.34808540344238,26.595744680851066,29.432624113475182,0.0617283950617283,0.05072209738801914,0.16883550216883547,0.1380205177377874,0.56144,0.4344766666666667,2.783333333333333,2.4266666666666667
9155,95.69873412450154,95.16383409500122,45.1307735114079,48.525319977740686,0.0204918032786885,0.017872277778199566,0.12549314807890366,0.0577989804109898,0.9550233333333332,0.9086933333333334,1.7633333333333334,2.4366666666666665
9163,87.89678414662679,86.93125446637471,33.38954468802698,39.46037099494098,0.026595744680851,0.0239907214183134,0.030513479178206567,0.032719927349243866,0.52371,0.5331233333333333,4.203333333333333,4.19
9188,95.81070144971211,94.2002793153127,51.7037037037037,50.81481481481482,0.019047619047619,0.009729596186525732,0.18007054673721337,0.13682777775595084,0.9780033333333332,0.9695833333333334,0.82,1.04
9189,96.04086478551228,95.84298531214397,42.017368069472276,43.88777555110221,0.0044843049327354,0.00014097484202116667,0.033598184362968235,0.017675832997208134,0.98473,0.9841066666666666,1.0266666666666666,1.1233333333333333
9195,78.09342543284099,74.58865841229756,5.344202898550724,22.373188405797105,0.0279725173525084,0.028005115089514,0.4715426685704572,0.19958439897698207,0.18165,0.18845333333333333,6.003333333333333,6.21
9196,76.76793535550435,77.71267890930176,13.349514563106796,18.6084142394822,0.024316195664510234,0.021773253301457563,0.2994430613036206,0.2567447716946944,0.27659,0.2648133333333333,6.260000000000001,5.793333333333333
9200,94.7530726591746,94.37551299730937,47.06867671691793,50.08375209380234,0.030054511629418367,0.030128388697976304,0.035058857936682,0.0157947603179561,0.9627266666666667,0.9729166666666668,1.2033333333333334,0.9733333333333333
9201,84.02819037437439,88.74653776486714,21.46422628951747,23.68275097060455,0.0297443002304934,0.02974569138000027,0.29777157814126687,0.0512815643228913,0.40102,0.40126333333333336,4.79,4.336666666666667
9205,95.85065841674805,96.61335945129395,50.25089605734767,51.541218637992834,0.0432432432432432,0.037714864811638965,0.0169110758355609,0.018746637456314833,0.9917199999999999,0.9914066666666667,0.7033333333333333,0.7200000000000001
9209,97.87869453430176,97.30791449546814,51.776649746192895,53.045685279187815,0.016916948397410665,0.0047115838861316005,0.07036148893606237,0.07931016520181847,0.9914200000000001,0.9850033333333332,0.6733333333333333,0.9066666666666667
9211,88.58129382133484,85.67268252372742,34.05017921146953,37.096774193548384,0.0093457943925233,0.006415377307225634,0.2341965046718337,0.21798131008023183,0.5936066666666666,0.5386133333333333,2.6166666666666667,3.2466666666666666
9217,95.00858386357625,93.79749496777852,42.36947791164659,44.17670682730924,0.044554455445544504,0.0397387249227646,0.15429593871061267,0.09857419780853231,0.7208966666666666,0.7146666666666667,1.7933333333333337,1.7400000000000002
9232,72.62476682662964,65.59060215950012,38.15789473684211,35.08771929824562,0.0588235294117647,0.048101278596873596,0.1243203487207923,0.15181445712613398,0.6346966666666667,0.55771,2.0766666666666667,2.1966666666666668
9240,88.44761848449707,86.09527746836345,32.75529865125241,37.1868978805395,0.0075179657269209,0.0025092551282205333,0.22390215980773828,0.10406333554940735,0.46842333333333336,0.48197333333333336,3.606666666666667,2.94
9246,94.49102481206258,95.82516551017761,36.75213675213675,41.452991452991455,0.023354564755838598,0.021231250228267034,0.07763315794332123,0.08085465864682584,0.9354933333333334,0.9334666666666666,1.6633333333333333,1.5366666666666664
9247,72.46656020482381,75.33258001009624,32.69230769230769,32.37179487179487,0.011773018725187767,0.0071491430405008,0.1079614983953137,0.08610861416455702,0.4127166666666667,0.38230666666666663,3.1833333333333336,2.6033333333333335
9253,85.4476809501648,84.88021890322368,47.104519774011294,47.916666666666664,0.012042431039479566,0.0113079749198296,0.007270890568073267,0.021215715851485333,0.61962,0.5290433333333334,4.943333333333333,3.723333333333333
9258,93.61010392506917,91.45988424619038,42.42424242424243,44.00527009222662,0.0220588235294117,0.012122275252486934,0.11870959889670964,0.06005088728360514,0.8086733333333335,0.85004,2.236666666666667,1.6766666666666667
9277,67.08333094914754,70.31066219011943,18.518518518518515,28.395061728395063,0.0555555555555555,0.042716049382716004,0.2527370137433031,0.23239316239316235,0.60268,0.6359566666666666,1.7433333333333334,2.13
9282,95.63814202944438,94.65890328089397,47.58511480601742,49.722882026920026,0.02964056292005493,0.024235363072205002,0.017840683348175,0.017534381694847365,0.9650500000000001,0.9631266666666667,1.7299999999999998,1.7566666666666666
9295,93.51791143417358,89.66547846794128,26.31578947368421,33.333333333333336,0.0463320463320463,0.04248209381542709,0.2065823473412213,0.2102405849072516,0.7743966666666666,0.79516,2.453333333333333,2.5733333333333337
9311,92.50505963961284,94.6428934733073,31.25,37.31060606060606,0.0258620689655172,0.011419290354822533,0.0191108844281675,0.03520739630184907,0.8870566666666667,0.8762233333333334,1.9366666666666665,2.11
9321,90.12183547019958,87.8011127312978,32.28962818003914,39.726027397260275,0.0158325873781919,0.015744428380274,0.14157397587573098,0.09897977005887147,0.44794,0.4938833333333333,3.6766666666666663,4.6000000000000005
9330,93.78234545389812,92.77053475379944,49.30429522081065,51.60314579552329,0.025092272691089736,0.024259463108483,0.0677352785429718,0.044795046761103664,0.8172933333333333,0.7817866666666666,3.816666666666667,3.6566666666666663
9334,84.78249510129292,93.08069944381714,56.04938271604939,58.02469135802469,0.014925373134328299,0.0005460005460005001,0.08111615833874107,0.06896109134915095,0.9285899999999999,0.9584033333333334,1.3,1.1066666666666667
9335,74.27274386088054,78.87225151062012,22.61261261261261,27.38738738738739,0.0362116991643454,0.03523418205779603,0.30863406012056904,0.1969581976264966,0.29957666666666666,0.39352666666666664,5.803333333333334,5.75
9338,61.95532282193502,61.111648877461754,42.690058479532155,46.198830409356724,0.025865946918578464,0.013979392926761333,0.06281437860385229,0.08819270398217764,0.75662,0.7884366666666667,2.0066666666666664,1.7666666666666666
9348,89.89575703938802,91.66014790534973,31.175059952038367,36.690647482014384,0.02646672434233714,0.016756766174354933,0.1808445794435413,0.16652230833943124,0.8333499999999999,0.86722,2.3800000000000003,2.033333333333333
9374,95.39303183555603,94.27459637324016,47.254150702426564,47.06257982120051,0.007194244604316499,0.0036714491201630998,0.14186813093694653,0.08364052582982566,0.70938,0.7989999999999999,5.236666666666667,4.2
9380,62.1056874593099,60.999915997187294,29.94293387042632,32.93051359516616,0.0185587787128231,0.018254831365729265,0.1173645468261497,0.0780606311455652,0.4424433333333333,0.44430333333333333,6.3933333333333335,6.5
9416,94.55485145250957,95.09454369544983,54.75285171102661,58.17490494296578,0.011379857781594234,0.008707284025346132,0.15690986603929444,0.0942869580528255,0.9539466666666666,0.9709766666666667,1.36,1.0666666666666667
9474,91.06504321098328,87.99039125442505,28.795379537953796,32.508250825082506,0.024687568313244965,0.02587343110778917,0.208902874010349,0.07609564837767006,0.36397666666666667,0.34313,4.640000000000001,4.343333333333333
9484,90.1147186756134,90.99519451459248,42.19269102990033,46.40088593576966,0.011334864276040734,0.006485579073026299,0.09480271244977119,0.07612536031042597,0.8952566666666666,0.8823466666666667,1.9933333333333332,1.6500000000000001
9503,94.16421850522359,94.84664400418599,49.111111111111114,51.0,0.022023739903098066,0.021572855720745267,0.09992663242846657,0.07637597072697037,0.9215133333333334,0.91187,2.03,2.03
9512,97.30498790740967,97.18969265619914,52.44674726540011,53.828439838802524,0.011837159851106135,0.0118306856475386,0.0072708051395101005,0.028238840790568865,0.9884833333333334,0.9795400000000001,0.9333333333333332,1.2366666666666666
9517,81.87284270922343,92.46287147204082,22.73730684326711,34.43708609271523,0.0331125827814569,0.030875446316132534,0.15348266100593086,0.23203149025463196,0.6466966666666667,0.62829,4.043333333333334,3.013333333333333
9531,92.66948699951172,92.5964891910553,36.20448179271708,39.91596638655462,0.0288065843621399,0.025962091397559565,0.0493539521864072,0.043540835208483265,0.9075533333333333,0.92263,2.1766666666666663,2.013333333333333
9565,91.8733795483907,88.21070194244385,39.06581740976645,44.26751592356688,0.025252525252525203,0.0198848320031219,0.07682935330319256,0.06732955366835143,0.7656666666666666,0.76676,1.9933333333333334,2.1866666666666665
9566,85.31196713447571,91.75314505894978,38.681592039801,40.79601990049752,0.008759902023380199,0.006884428025367567,0.1234631244518633,0.1219645380719206,0.8695733333333333,0.9160733333333333,2.1933333333333334,1.7433333333333334
9568,80.77285488446553,86.01658542950948,38.333333333333336,36.458333333333336,0.019047619047619,0.012637362637362601,0.14682150600635654,0.06419265739654083,0.81686,0.8302833333333334,1.55,1.66
9574,94.38652793566386,94.69372431437175,50.661375661375665,52.77777777777778,0.012022786541832267,0.005620087986736733,0.07959792227779909,0.060169575562562035,0.9485,0.9575933333333334,1.3399999999999999,0.9500000000000001
9586,83.62337152163188,83.79032611846924,33.15276273022752,38.10039725532683,0.015036403925292765,0.014271107976867833,0.17358928977286459,0.07870177530908173,0.8143933333333333,0.7689833333333334,3.153333333333333,3.3666666666666667
9587,96.81813716888428,97.098308801651,48.05970149253731,50.149253731343286,0.0082676282051282,0.006062290129698199,0.08812820512820503,0.09925816075596994,0.9782333333333333,0.9858833333333333,1.21,0.96
9588,93.12872489293416,94.16618347167969,49.03703703703704,48.0,0.0161290322580645,0.005125907545262333,0.11493100725015652,0.16557301718592035,0.90684,0.8982366666666667,2.07,1.55
9606,90.23625651995341,84.87799167633057,43.333333333333336,46.875,0.030767712463575667,0.029120060693507466,0.07022977927543843,0.0405133108262975,0.7855866666666667,0.7738366666666666,2.31,2.3066666666666666
9607,88.05510799090068,88.95711501439412,33.98058252427185,36.73139158576052,0.027691589096853764,0.020582760595647166,0.047318677034895264,0.03321878579610533,0.9542233333333333,0.9482733333333333,1.4366666666666665,1.7033333333333334
9627,97.22367922465007,97.40501443545024,50.614754098360656,51.63934426229508,0.0327868852459016,0.025558376802559363,0.04000948410897367,0.0723485854308461,0.9880599999999999,0.9897466666666667,0.9666666666666667,0.8833333333333333
9631,68.80149245262146,60.22570927937826,17.375886524822693,21.010638297872344,0.030651340996168498,0.026780274285377336,0.10082156297796811,0.07838063289237317,0.5854433333333334,0.3437666666666667,4.166666666666667,5.526666666666667
9641,95.01821994781494,94.73574956258138,44.981684981684985,48.424908424908416,0.0251256281407035,0.019865967820763965,0.12044511219075381,0.05983347228556457,0.9093300000000001,0.9160666666666666,1.25,1.3133333333333335
9649,93.58456333478291,93.39408079783122,42.02626641651032,45.52845528455284,0.0141342756183745,0.011722798206897067,0.05128335757686453,0.016429857268706567,0.8444333333333334,0.8493766666666667,1.92,2.1366666666666667
9671,97.13500142097473,95.70905566215515,53.6281179138322,55.6689342403628,0.0072463768115942,0.0025228126677402005,0.14816368944532984,0.19663925458814271,0.9566433333333334,0.8833099999999999,1.5366666666666668,2.12
9676,93.46879720687866,96.00987831751506,33.451536643026,37.94326241134752,0.023643023643023564,0.0193542660430077,0.09815123473018204,0.1087247924996269,0.8752966666666667,0.9414433333333333,2.1999999999999997,1.5666666666666667
9695,88.61119151115417,88.49202990531921,23.270440251572325,27.463312368972748,0.01863160313864533,0.014048530514309732,0.3141867868969528,0.2773269260639557,0.42549,0.4296533333333333,3.22,2.4133333333333336
9715,86.62889202435811,86.57321333885193,18.867924528301888,26.624737945492658,0.054054054054054,0.05066793704450127,0.22994890864018377,0.04493133375385933,0.2419,0.26516999999999996,3.98,5.396666666666666
9757,91.98156197865804,88.5838766892751,29.315476190476193,31.69642857142857,0.026996972199284302,0.023241316367357268,0.20114101656650243,0.1681382255987918,0.49744666666666665,0.49030999999999997,2.513333333333333,2.8533333333333335
9758,96.55491908391316,95.45078873634338,50.255102040816325,51.87074829931973,0.025000000000000005,0.018926481915713635,0.025988066993395436,0.011086365724334633,0.9808133333333333,0.97964,1.1300000000000001,1.16
9763,86.48288249969482,84.23053622245789,31.15111838516094,31.096563011456627,0.05134946091477583,0.0510724473692021,0.11446399747561897,0.08228337232913813,0.51751,0.5476733333333333,4.31,4.906666666666666
9765,95.12082537015279,94.54714457194011,58.410732714138284,57.997936016511865,0.0294117647058823,0.02186005715417477,0.06533835465428156,0.046843788020258605,0.9857166666666667,0.9817466666666667,0.7766666666666667,0.96
9767,95.38499116897583,95.44724623362224,53.07917888563049,54.64320625610947,0.006578947368421,0.0023148148148147665,0.058835747356724304,0.013781389748881934,0.9736366666666667,0.9801566666666667,1.1366666666666667,0.9666666666666667
9775,94.67962384223938,94.72501079241435,47.531992687385745,48.5679463741621,0.005050505050505,0.0018391076586241999,0.22599921190953007,0.2534297485552573,0.9699066666666667,0.9737433333333333,1.45,1.22
9792,68.21398735046387,60.948906342188515,13.809523809523808,10.95238095238095,0.0571428571428571,0.0571428571428571,0.1466049382716049,0.16991317090540556,0.4265933333333334,0.45353666666666664,2.396666666666667,2.2733333333333334
9802,97.12127844492595,97.36849665641785,51.77489177489176,52.98701298701298,0.020542439197901333,0.020498668673508167,0.030176515050464564,0.030821223699637263,0.9880533333333333,0.9849033333333334,0.77,0.8866666666666667
9807,94.47479446729024,93.0129845937093,34.31661750245821,36.283185840707965,0.0470588235294117,0.03866776871049223,0.18571745072582746,0.1557502240951793,0.98395,0.9673333333333334,0.8866666666666667,1.61
9810,77.79647707939148,81.22046987215678,36.507936507936506,39.90929705215419,0.04347826086956521,0.0332391136642913,0.056242802393852966,0.0684022600523849,0.7404933333333333,0.72813,1.5366666666666668,1.29
9868,84.64614152908325,81.48562510808308,16.348773841961854,27.611262488646684,0.013017205744602566,0.010648403556100666,0.20973120218279195,0.15641448626247156,0.3614933333333334,0.33313,4.046666666666667,4.33
9873,96.4820643266042,96.81062897046407,54.09282700421941,56.371308016877634,0.0045128119149411,0.0003288102625850333,0.017404817053348867,0.013646912322409,0.9881266666666667,0.9904166666666666,0.8933333333333334,0.8099999999999999
9877,70.9360162417094,72.73082534472148,12.35632183908046,16.379310344827584,0.1132075471698113,0.10673505526042616,0.24543649959555816,0.2116072161757553,0.3254166666666667,0.33416,3.9133333333333336,4.09
9886,95.54274479548137,95.56907415390015,51.28205128205129,53.47985347985348,0.024764472691671868,0.013709905346951934,0.17925268523317647,0.12316547718650035,0.9568466666666667,0.96944,1.1266666666666667,1.26
9895,95.91960112253825,94.57011222839355,35.75757575757576,40.80808080808081,0.0707070707070707,0.0601783968719452,0.11555555555555552,0.10651881720430102,0.9649333333333333,0.9636466666666667,1.0433333333333332,1.0333333333333334
9900,97.38617936770122,97.5764552752177,40.80145719489982,43.16939890710383,0.011932813837384766,0.007875354653663532,0.1439418915160695,0.030647810034213102,0.9769766666666667,0.9899300000000001,0.87,0.5066666666666667
9902,89.15712634722392,86.40468915303548,30.442804428044283,38.86838868388684,0.012095747389864965,0.011107273926564765,0.38445730014357465,0.31517147418488106,0.5419833333333334,0.5383,3.4433333333333334,3.453333333333333
9922,41.86264077822367,56.701080997784935,15.789473684210527,19.5906432748538,0.0114942528735632,0.0010937371864921332,0.07126249692172604,0.12555187480094362,0.40598,0.3176133333333333,3.856666666666667,3.983333333333333
9936,95.21059195200603,95.13826767603557,45.641025641025635,45.12820512820513,0.029969935333458864,0.04028328214037703,0.0161101693653669,0.061937027028667165,0.9785033333333333,0.9787866666666667,1.02,1.1733333333333333
9949,85.96633076667786,86.9666318098704,8.47953216374269,9.356725146198832,0.0267857142857142,0.0267857142857142,0.18998777269805298,0.2530318202047174,0.5770566666666667,0.5600666666666667,2.52,2.84
9966,92.64444311459859,92.10711121559143,44.499178981937604,47.290640394088676,0.012037862480340333,0.0096584858531605,0.087265624433766,0.033394441876191096,0.77388,0.8302533333333333,3.11,2.5533333333333332
9974,90.5862291653951,91.84416333834331,32.66187050359712,38.1294964028777,0.022811717883112967,0.022803626630245866,0.09769042678486593,0.06914386243426977,0.8402166666666666,0.8685366666666666,3.7300000000000004,2.91
